[0.083s] DEBUG:colcon:Command line arguments: ['/usr/bin/colcon', 'build']
[0.083s] DEBUG:colcon:Parsed command line arguments: Namespace(log_base=None, log_level=None, verb_name='build', build_base='build', install_base='install', merge_install=False, symlink_install=False, test_result_base=None, continue_on_error=False, executor='parallel', parallel_workers=8, event_handlers=None, ignore_user_meta=False, metas=['./colcon.meta'], base_paths=['.'], packages_ignore=None, packages_ignore_regex=None, paths=None, packages_up_to=None, packages_up_to_regex=None, packages_above=None, packages_above_and_dependencies=None, packages_above_depth=None, packages_select_by_dep=None, packages_skip_by_dep=None, packages_skip_up_to=None, packages_select_build_failed=False, packages_skip_build_finished=False, packages_select_test_failures=False, packages_skip_test_passed=False, packages_select=None, packages_skip=None, packages_select_regex=None, packages_skip_regex=None, packages_start=None, packages_end=None, allow_overriding=[], cmake_args=None, cmake_target=None, cmake_target_skip_unavailable=False, cmake_clean_cache=False, cmake_clean_first=False, cmake_force_configure=False, ament_cmake_args=None, catkin_cmake_args=None, catkin_skip_building_tests=False, mixin_files=None, mixin=None, verb_parser=<colcon_mixin.mixin.mixin_argument.MixinArgumentDecorator object at 0x7471ffd5bc40>, verb_extension=<colcon_core.verb.build.BuildVerb object at 0x7471ffeacac0>, main=<bound method BuildVerb.main of <colcon_core.verb.build.BuildVerb object at 0x7471ffeacac0>>, mixin_verb=('build',))
[0.217s] Level 1:colcon.colcon_core.package_discovery:discover_packages(colcon_meta) check parameters
[0.217s] Level 1:colcon.colcon_core.package_discovery:discover_packages(recursive) check parameters
[0.217s] Level 1:colcon.colcon_core.package_discovery:discover_packages(ignore) check parameters
[0.217s] Level 1:colcon.colcon_core.package_discovery:discover_packages(path) check parameters
[0.217s] Level 1:colcon.colcon_core.package_discovery:discover_packages(colcon_meta) discover
[0.217s] Level 1:colcon.colcon_core.package_discovery:discover_packages(recursive) discover
[0.217s] INFO:colcon.colcon_core.package_discovery:Crawling recursively for packages in '/home/kirill/VNIIA/Projects/black_plat'
[0.217s] Level 1:colcon.colcon_core.package_identification:_identify(.) by extensions ['ignore', 'ignore_ament_install']
[0.217s] Level 1:colcon.colcon_core.package_identification:_identify(.) by extension 'ignore'
[0.217s] Level 1:colcon.colcon_core.package_identification:_identify(.) by extension 'ignore_ament_install'
[0.217s] Level 1:colcon.colcon_core.package_identification:_identify(.) by extensions ['colcon_pkg']
[0.217s] Level 1:colcon.colcon_core.package_identification:_identify(.) by extension 'colcon_pkg'
[0.217s] Level 1:colcon.colcon_core.package_identification:_identify(.) by extensions ['colcon_meta']
[0.217s] Level 1:colcon.colcon_core.package_identification:_identify(.) by extension 'colcon_meta'
[0.217s] Level 1:colcon.colcon_core.package_identification:_identify(.) by extensions ['ros']
[0.217s] Level 1:colcon.colcon_core.package_identification:_identify(.) by extension 'ros'
[0.232s] Level 1:colcon.colcon_core.package_identification:_identify(.) by extensions ['cmake', 'python']
[0.232s] Level 1:colcon.colcon_core.package_identification:_identify(.) by extension 'cmake'
[0.232s] Level 1:colcon.colcon_core.package_identification:_identify(.) by extension 'python'
[0.232s] Level 1:colcon.colcon_core.package_identification:_identify(.) by extensions ['python_setup_py']
[0.232s] Level 1:colcon.colcon_core.package_identification:_identify(.) by extension 'python_setup_py'
[0.232s] Level 1:colcon.colcon_core.package_identification:_identify(build) by extensions ['ignore', 'ignore_ament_install']
[0.232s] Level 1:colcon.colcon_core.package_identification:_identify(build) by extension 'ignore'
[0.232s] Level 1:colcon.colcon_core.package_identification:_identify(build) ignored
[0.232s] Level 1:colcon.colcon_core.package_identification:_identify(install) by extensions ['ignore', 'ignore_ament_install']
[0.232s] Level 1:colcon.colcon_core.package_identification:_identify(install) by extension 'ignore'
[0.232s] Level 1:colcon.colcon_core.package_identification:_identify(install) ignored
[0.233s] Level 1:colcon.colcon_core.package_identification:_identify(log) by extensions ['ignore', 'ignore_ament_install']
[0.233s] Level 1:colcon.colcon_core.package_identification:_identify(log) by extension 'ignore'
[0.233s] Level 1:colcon.colcon_core.package_identification:_identify(log) ignored
[0.233s] Level 1:colcon.colcon_core.package_identification:_identify(materials) by extensions ['ignore', 'ignore_ament_install']
[0.233s] Level 1:colcon.colcon_core.package_identification:_identify(materials) by extension 'ignore'
[0.233s] Level 1:colcon.colcon_core.package_identification:_identify(materials) by extension 'ignore_ament_install'
[0.233s] Level 1:colcon.colcon_core.package_identification:_identify(materials) by extensions ['colcon_pkg']
[0.233s] Level 1:colcon.colcon_core.package_identification:_identify(materials) by extension 'colcon_pkg'
[0.233s] Level 1:colcon.colcon_core.package_identification:_identify(materials) by extensions ['colcon_meta']
[0.233s] Level 1:colcon.colcon_core.package_identification:_identify(materials) by extension 'colcon_meta'
[0.233s] Level 1:colcon.colcon_core.package_identification:_identify(materials) by extensions ['ros']
[0.233s] Level 1:colcon.colcon_core.package_identification:_identify(materials) by extension 'ros'
[0.233s] Level 1:colcon.colcon_core.package_identification:_identify(materials) by extensions ['cmake', 'python']
[0.233s] Level 1:colcon.colcon_core.package_identification:_identify(materials) by extension 'cmake'
[0.233s] Level 1:colcon.colcon_core.package_identification:_identify(materials) by extension 'python'
[0.233s] Level 1:colcon.colcon_core.package_identification:_identify(materials) by extensions ['python_setup_py']
[0.233s] Level 1:colcon.colcon_core.package_identification:_identify(materials) by extension 'python_setup_py'
[0.233s] Level 1:colcon.colcon_core.package_identification:_identify(src) by extensions ['ignore', 'ignore_ament_install']
[0.233s] Level 1:colcon.colcon_core.package_identification:_identify(src) by extension 'ignore'
[0.233s] Level 1:colcon.colcon_core.package_identification:_identify(src) by extension 'ignore_ament_install'
[0.233s] Level 1:colcon.colcon_core.package_identification:_identify(src) by extensions ['colcon_pkg']
[0.233s] Level 1:colcon.colcon_core.package_identification:_identify(src) by extension 'colcon_pkg'
[0.233s] Level 1:colcon.colcon_core.package_identification:_identify(src) by extensions ['colcon_meta']
[0.233s] Level 1:colcon.colcon_core.package_identification:_identify(src) by extension 'colcon_meta'
[0.233s] Level 1:colcon.colcon_core.package_identification:_identify(src) by extensions ['ros']
[0.233s] Level 1:colcon.colcon_core.package_identification:_identify(src) by extension 'ros'
[0.233s] Level 1:colcon.colcon_core.package_identification:_identify(src) by extensions ['cmake', 'python']
[0.233s] Level 1:colcon.colcon_core.package_identification:_identify(src) by extension 'cmake'
[0.233s] Level 1:colcon.colcon_core.package_identification:_identify(src) by extension 'python'
[0.233s] Level 1:colcon.colcon_core.package_identification:_identify(src) by extensions ['python_setup_py']
[0.233s] Level 1:colcon.colcon_core.package_identification:_identify(src) by extension 'python_setup_py'
[0.234s] Level 1:colcon.colcon_core.package_identification:_identify(src/LIO-SAM) by extensions ['ignore', 'ignore_ament_install']
[0.234s] Level 1:colcon.colcon_core.package_identification:_identify(src/LIO-SAM) by extension 'ignore'
[0.234s] Level 1:colcon.colcon_core.package_identification:_identify(src/LIO-SAM) by extension 'ignore_ament_install'
[0.234s] Level 1:colcon.colcon_core.package_identification:_identify(src/LIO-SAM) by extensions ['colcon_pkg']
[0.234s] Level 1:colcon.colcon_core.package_identification:_identify(src/LIO-SAM) by extension 'colcon_pkg'
[0.234s] Level 1:colcon.colcon_core.package_identification:_identify(src/LIO-SAM) by extensions ['colcon_meta']
[0.234s] Level 1:colcon.colcon_core.package_identification:_identify(src/LIO-SAM) by extension 'colcon_meta'
[0.234s] Level 1:colcon.colcon_core.package_identification:_identify(src/LIO-SAM) by extensions ['ros']
[0.234s] Level 1:colcon.colcon_core.package_identification:_identify(src/LIO-SAM) by extension 'ros'
[0.236s] DEBUG:colcon.colcon_core.package_identification:Package 'src/LIO-SAM' with type 'ros.ament_cmake' and name 'lio_sam'
[0.236s] Level 1:colcon.colcon_core.package_identification:_identify(src/bluespace_ai_xsens_ros_mti_driver) by extensions ['ignore', 'ignore_ament_install']
[0.236s] Level 1:colcon.colcon_core.package_identification:_identify(src/bluespace_ai_xsens_ros_mti_driver) by extension 'ignore'
[0.236s] Level 1:colcon.colcon_core.package_identification:_identify(src/bluespace_ai_xsens_ros_mti_driver) by extension 'ignore_ament_install'
[0.236s] Level 1:colcon.colcon_core.package_identification:_identify(src/bluespace_ai_xsens_ros_mti_driver) by extensions ['colcon_pkg']
[0.236s] Level 1:colcon.colcon_core.package_identification:_identify(src/bluespace_ai_xsens_ros_mti_driver) by extension 'colcon_pkg'
[0.236s] Level 1:colcon.colcon_core.package_identification:_identify(src/bluespace_ai_xsens_ros_mti_driver) by extensions ['colcon_meta']
[0.236s] Level 1:colcon.colcon_core.package_identification:_identify(src/bluespace_ai_xsens_ros_mti_driver) by extension 'colcon_meta'
[0.236s] Level 1:colcon.colcon_core.package_identification:_identify(src/bluespace_ai_xsens_ros_mti_driver) by extensions ['ros']
[0.236s] Level 1:colcon.colcon_core.package_identification:_identify(src/bluespace_ai_xsens_ros_mti_driver) by extension 'ros'
[0.237s] DEBUG:colcon.colcon_core.package_identification:Package 'src/bluespace_ai_xsens_ros_mti_driver' with type 'ros.ament_cmake' and name 'bluespace_ai_xsens_mti_driver'
[0.237s] Level 1:colcon.colcon_core.package_identification:_identify(src/odometry_fus) by extensions ['ignore', 'ignore_ament_install']
[0.237s] Level 1:colcon.colcon_core.package_identification:_identify(src/odometry_fus) by extension 'ignore'
[0.237s] Level 1:colcon.colcon_core.package_identification:_identify(src/odometry_fus) by extension 'ignore_ament_install'
[0.237s] Level 1:colcon.colcon_core.package_identification:_identify(src/odometry_fus) by extensions ['colcon_pkg']
[0.237s] Level 1:colcon.colcon_core.package_identification:_identify(src/odometry_fus) by extension 'colcon_pkg'
[0.237s] Level 1:colcon.colcon_core.package_identification:_identify(src/odometry_fus) by extensions ['colcon_meta']
[0.237s] Level 1:colcon.colcon_core.package_identification:_identify(src/odometry_fus) by extension 'colcon_meta'
[0.237s] Level 1:colcon.colcon_core.package_identification:_identify(src/odometry_fus) by extensions ['ros']
[0.237s] Level 1:colcon.colcon_core.package_identification:_identify(src/odometry_fus) by extension 'ros'
[0.237s] DEBUG:colcon.colcon_core.package_identification:Package 'src/odometry_fus' with type 'ros.ament_cmake' and name 'odometry_fus'
[0.237s] Level 1:colcon.colcon_core.package_identification:_identify(src/ros2_control) by extensions ['ignore', 'ignore_ament_install']
[0.237s] Level 1:colcon.colcon_core.package_identification:_identify(src/ros2_control) by extension 'ignore'
[0.237s] Level 1:colcon.colcon_core.package_identification:_identify(src/ros2_control) by extension 'ignore_ament_install'
[0.237s] Level 1:colcon.colcon_core.package_identification:_identify(src/ros2_control) by extensions ['colcon_pkg']
[0.237s] Level 1:colcon.colcon_core.package_identification:_identify(src/ros2_control) by extension 'colcon_pkg'
[0.237s] Level 1:colcon.colcon_core.package_identification:_identify(src/ros2_control) by extensions ['colcon_meta']
[0.237s] Level 1:colcon.colcon_core.package_identification:_identify(src/ros2_control) by extension 'colcon_meta'
[0.237s] Level 1:colcon.colcon_core.package_identification:_identify(src/ros2_control) by extensions ['ros']
[0.238s] Level 1:colcon.colcon_core.package_identification:_identify(src/ros2_control) by extension 'ros'
[0.238s] Level 1:colcon.colcon_core.package_identification:_identify(src/ros2_control) by extensions ['cmake', 'python']
[0.238s] Level 1:colcon.colcon_core.package_identification:_identify(src/ros2_control) by extension 'cmake'
[0.238s] Level 1:colcon.colcon_core.package_identification:_identify(src/ros2_control) by extension 'python'
[0.238s] Level 1:colcon.colcon_core.package_identification:_identify(src/ros2_control) by extensions ['python_setup_py']
[0.238s] Level 1:colcon.colcon_core.package_identification:_identify(src/ros2_control) by extension 'python_setup_py'
[0.238s] Level 1:colcon.colcon_core.package_identification:_identify(src/ros2_control/ros2_control_t21_hardware) by extensions ['ignore', 'ignore_ament_install']
[0.238s] Level 1:colcon.colcon_core.package_identification:_identify(src/ros2_control/ros2_control_t21_hardware) by extension 'ignore'
[0.238s] Level 1:colcon.colcon_core.package_identification:_identify(src/ros2_control/ros2_control_t21_hardware) by extension 'ignore_ament_install'
[0.238s] Level 1:colcon.colcon_core.package_identification:_identify(src/ros2_control/ros2_control_t21_hardware) by extensions ['colcon_pkg']
[0.238s] Level 1:colcon.colcon_core.package_identification:_identify(src/ros2_control/ros2_control_t21_hardware) by extension 'colcon_pkg'
[0.238s] Level 1:colcon.colcon_core.package_identification:_identify(src/ros2_control/ros2_control_t21_hardware) by extensions ['colcon_meta']
[0.238s] Level 1:colcon.colcon_core.package_identification:_identify(src/ros2_control/ros2_control_t21_hardware) by extension 'colcon_meta'
[0.238s] Level 1:colcon.colcon_core.package_identification:_identify(src/ros2_control/ros2_control_t21_hardware) by extensions ['ros']
[0.238s] Level 1:colcon.colcon_core.package_identification:_identify(src/ros2_control/ros2_control_t21_hardware) by extension 'ros'
[0.238s] DEBUG:colcon.colcon_core.package_identification:Package 'src/ros2_control/ros2_control_t21_hardware' with type 'ros.ament_cmake' and name 't21_tracked'
[0.238s] Level 1:colcon.colcon_core.package_identification:_identify(src/t21_lidar) by extensions ['ignore', 'ignore_ament_install']
[0.238s] Level 1:colcon.colcon_core.package_identification:_identify(src/t21_lidar) by extension 'ignore'
[0.239s] Level 1:colcon.colcon_core.package_identification:_identify(src/t21_lidar) by extension 'ignore_ament_install'
[0.239s] Level 1:colcon.colcon_core.package_identification:_identify(src/t21_lidar) by extensions ['colcon_pkg']
[0.239s] Level 1:colcon.colcon_core.package_identification:_identify(src/t21_lidar) by extension 'colcon_pkg'
[0.239s] Level 1:colcon.colcon_core.package_identification:_identify(src/t21_lidar) by extensions ['colcon_meta']
[0.239s] Level 1:colcon.colcon_core.package_identification:_identify(src/t21_lidar) by extension 'colcon_meta'
[0.239s] Level 1:colcon.colcon_core.package_identification:_identify(src/t21_lidar) by extensions ['ros']
[0.239s] Level 1:colcon.colcon_core.package_identification:_identify(src/t21_lidar) by extension 'ros'
[0.239s] DEBUG:colcon.colcon_core.package_identification:Package 'src/t21_lidar' with type 'ros.ament_cmake' and name 't21_lidar'
[0.239s] Level 1:colcon.colcon_core.package_identification:_identify(src/t21_navigation) by extensions ['ignore', 'ignore_ament_install']
[0.239s] Level 1:colcon.colcon_core.package_identification:_identify(src/t21_navigation) by extension 'ignore'
[0.239s] Level 1:colcon.colcon_core.package_identification:_identify(src/t21_navigation) by extension 'ignore_ament_install'
[0.239s] Level 1:colcon.colcon_core.package_identification:_identify(src/t21_navigation) by extensions ['colcon_pkg']
[0.239s] Level 1:colcon.colcon_core.package_identification:_identify(src/t21_navigation) by extension 'colcon_pkg'
[0.240s] Level 1:colcon.colcon_core.package_identification:_identify(src/t21_navigation) by extensions ['colcon_meta']
[0.240s] Level 1:colcon.colcon_core.package_identification:_identify(src/t21_navigation) by extension 'colcon_meta'
[0.240s] Level 1:colcon.colcon_core.package_identification:_identify(src/t21_navigation) by extensions ['ros']
[0.240s] Level 1:colcon.colcon_core.package_identification:_identify(src/t21_navigation) by extension 'ros'
[0.241s] DEBUG:colcon.colcon_core.package_identification:Package 'src/t21_navigation' with type 'ros.ament_cmake' and name 't21_navigation'
[0.241s] Level 1:colcon.colcon_core.package_identification:_identify(src/t21_rtabmap) by extensions ['ignore', 'ignore_ament_install']
[0.241s] Level 1:colcon.colcon_core.package_identification:_identify(src/t21_rtabmap) by extension 'ignore'
[0.241s] Level 1:colcon.colcon_core.package_identification:_identify(src/t21_rtabmap) by extension 'ignore_ament_install'
[0.241s] Level 1:colcon.colcon_core.package_identification:_identify(src/t21_rtabmap) by extensions ['colcon_pkg']
[0.241s] Level 1:colcon.colcon_core.package_identification:_identify(src/t21_rtabmap) by extension 'colcon_pkg'
[0.241s] Level 1:colcon.colcon_core.package_identification:_identify(src/t21_rtabmap) by extensions ['colcon_meta']
[0.241s] Level 1:colcon.colcon_core.package_identification:_identify(src/t21_rtabmap) by extension 'colcon_meta'
[0.241s] Level 1:colcon.colcon_core.package_identification:_identify(src/t21_rtabmap) by extensions ['ros']
[0.241s] Level 1:colcon.colcon_core.package_identification:_identify(src/t21_rtabmap) by extension 'ros'
[0.241s] DEBUG:colcon.colcon_core.package_identification:Package 'src/t21_rtabmap' with type 'ros.ament_cmake' and name 't21_rtabmap'
[0.241s] Level 1:colcon.colcon_core.package_identification:_identify(src/t21_sim) by extensions ['ignore', 'ignore_ament_install']
[0.241s] Level 1:colcon.colcon_core.package_identification:_identify(src/t21_sim) by extension 'ignore'
[0.241s] Level 1:colcon.colcon_core.package_identification:_identify(src/t21_sim) by extension 'ignore_ament_install'
[0.241s] Level 1:colcon.colcon_core.package_identification:_identify(src/t21_sim) by extensions ['colcon_pkg']
[0.241s] Level 1:colcon.colcon_core.package_identification:_identify(src/t21_sim) by extension 'colcon_pkg'
[0.241s] Level 1:colcon.colcon_core.package_identification:_identify(src/t21_sim) by extensions ['colcon_meta']
[0.241s] Level 1:colcon.colcon_core.package_identification:_identify(src/t21_sim) by extension 'colcon_meta'
[0.241s] Level 1:colcon.colcon_core.package_identification:_identify(src/t21_sim) by extensions ['ros']
[0.241s] Level 1:colcon.colcon_core.package_identification:_identify(src/t21_sim) by extension 'ros'
[0.242s] DEBUG:colcon.colcon_core.package_identification:Package 'src/t21_sim' with type 'ros.ament_cmake' and name 't21_sim'
[0.242s] Level 1:colcon.colcon_core.package_identification:_identify(src/t21_teleop) by extensions ['ignore', 'ignore_ament_install']
[0.242s] Level 1:colcon.colcon_core.package_identification:_identify(src/t21_teleop) by extension 'ignore'
[0.242s] Level 1:colcon.colcon_core.package_identification:_identify(src/t21_teleop) by extension 'ignore_ament_install'
[0.242s] Level 1:colcon.colcon_core.package_identification:_identify(src/t21_teleop) by extensions ['colcon_pkg']
[0.242s] Level 1:colcon.colcon_core.package_identification:_identify(src/t21_teleop) by extension 'colcon_pkg'
[0.242s] Level 1:colcon.colcon_core.package_identification:_identify(src/t21_teleop) by extensions ['colcon_meta']
[0.242s] Level 1:colcon.colcon_core.package_identification:_identify(src/t21_teleop) by extension 'colcon_meta'
[0.242s] Level 1:colcon.colcon_core.package_identification:_identify(src/t21_teleop) by extensions ['ros']
[0.242s] Level 1:colcon.colcon_core.package_identification:_identify(src/t21_teleop) by extension 'ros'
[0.243s] DEBUG:colcon.colcon_core.package_identification:Package 'src/t21_teleop' with type 'ros.ament_python' and name 't21_teleop'
[0.243s] Level 1:colcon.colcon_core.package_identification:_identify(src/tracked_description) by extensions ['ignore', 'ignore_ament_install']
[0.243s] Level 1:colcon.colcon_core.package_identification:_identify(src/tracked_description) by extension 'ignore'
[0.243s] Level 1:colcon.colcon_core.package_identification:_identify(src/tracked_description) by extension 'ignore_ament_install'
[0.243s] Level 1:colcon.colcon_core.package_identification:_identify(src/tracked_description) by extensions ['colcon_pkg']
[0.243s] Level 1:colcon.colcon_core.package_identification:_identify(src/tracked_description) by extension 'colcon_pkg'
[0.243s] Level 1:colcon.colcon_core.package_identification:_identify(src/tracked_description) by extensions ['colcon_meta']
[0.243s] Level 1:colcon.colcon_core.package_identification:_identify(src/tracked_description) by extension 'colcon_meta'
[0.243s] Level 1:colcon.colcon_core.package_identification:_identify(src/tracked_description) by extensions ['ros']
[0.243s] Level 1:colcon.colcon_core.package_identification:_identify(src/tracked_description) by extension 'ros'
[0.244s] DEBUG:colcon.colcon_core.package_identification:Package 'src/tracked_description' with type 'ros.ament_cmake' and name 'tracked_description'
[0.244s] Level 1:colcon.colcon_core.package_identification:_identify(src/velodyne_simulator) by extensions ['ignore', 'ignore_ament_install']
[0.244s] Level 1:colcon.colcon_core.package_identification:_identify(src/velodyne_simulator) by extension 'ignore'
[0.244s] Level 1:colcon.colcon_core.package_identification:_identify(src/velodyne_simulator) by extension 'ignore_ament_install'
[0.244s] Level 1:colcon.colcon_core.package_identification:_identify(src/velodyne_simulator) by extensions ['colcon_pkg']
[0.244s] Level 1:colcon.colcon_core.package_identification:_identify(src/velodyne_simulator) by extension 'colcon_pkg'
[0.244s] Level 1:colcon.colcon_core.package_identification:_identify(src/velodyne_simulator) by extensions ['colcon_meta']
[0.244s] Level 1:colcon.colcon_core.package_identification:_identify(src/velodyne_simulator) by extension 'colcon_meta'
[0.244s] Level 1:colcon.colcon_core.package_identification:_identify(src/velodyne_simulator) by extensions ['ros']
[0.244s] Level 1:colcon.colcon_core.package_identification:_identify(src/velodyne_simulator) by extension 'ros'
[0.244s] Level 1:colcon.colcon_core.package_identification:_identify(src/velodyne_simulator) by extensions ['cmake', 'python']
[0.244s] Level 1:colcon.colcon_core.package_identification:_identify(src/velodyne_simulator) by extension 'cmake'
[0.244s] Level 1:colcon.colcon_core.package_identification:_identify(src/velodyne_simulator) by extension 'python'
[0.244s] Level 1:colcon.colcon_core.package_identification:_identify(src/velodyne_simulator) by extensions ['python_setup_py']
[0.244s] Level 1:colcon.colcon_core.package_identification:_identify(src/velodyne_simulator) by extension 'python_setup_py'
[0.244s] Level 1:colcon.colcon_core.package_identification:_identify(src/velodyne_simulator/img) by extensions ['ignore', 'ignore_ament_install']
[0.244s] Level 1:colcon.colcon_core.package_identification:_identify(src/velodyne_simulator/img) by extension 'ignore'
[0.244s] Level 1:colcon.colcon_core.package_identification:_identify(src/velodyne_simulator/img) by extension 'ignore_ament_install'
[0.244s] Level 1:colcon.colcon_core.package_identification:_identify(src/velodyne_simulator/img) by extensions ['colcon_pkg']
[0.244s] Level 1:colcon.colcon_core.package_identification:_identify(src/velodyne_simulator/img) by extension 'colcon_pkg'
[0.244s] Level 1:colcon.colcon_core.package_identification:_identify(src/velodyne_simulator/img) by extensions ['colcon_meta']
[0.244s] Level 1:colcon.colcon_core.package_identification:_identify(src/velodyne_simulator/img) by extension 'colcon_meta'
[0.244s] Level 1:colcon.colcon_core.package_identification:_identify(src/velodyne_simulator/img) by extensions ['ros']
[0.244s] Level 1:colcon.colcon_core.package_identification:_identify(src/velodyne_simulator/img) by extension 'ros'
[0.244s] Level 1:colcon.colcon_core.package_identification:_identify(src/velodyne_simulator/img) by extensions ['cmake', 'python']
[0.244s] Level 1:colcon.colcon_core.package_identification:_identify(src/velodyne_simulator/img) by extension 'cmake'
[0.244s] Level 1:colcon.colcon_core.package_identification:_identify(src/velodyne_simulator/img) by extension 'python'
[0.244s] Level 1:colcon.colcon_core.package_identification:_identify(src/velodyne_simulator/img) by extensions ['python_setup_py']
[0.245s] Level 1:colcon.colcon_core.package_identification:_identify(src/velodyne_simulator/img) by extension 'python_setup_py'
[0.245s] Level 1:colcon.colcon_core.package_identification:_identify(src/velodyne_simulator/velodyne_description) by extensions ['ignore', 'ignore_ament_install']
[0.245s] Level 1:colcon.colcon_core.package_identification:_identify(src/velodyne_simulator/velodyne_description) by extension 'ignore'
[0.245s] Level 1:colcon.colcon_core.package_identification:_identify(src/velodyne_simulator/velodyne_description) by extension 'ignore_ament_install'
[0.245s] Level 1:colcon.colcon_core.package_identification:_identify(src/velodyne_simulator/velodyne_description) by extensions ['colcon_pkg']
[0.245s] Level 1:colcon.colcon_core.package_identification:_identify(src/velodyne_simulator/velodyne_description) by extension 'colcon_pkg'
[0.245s] Level 1:colcon.colcon_core.package_identification:_identify(src/velodyne_simulator/velodyne_description) by extensions ['colcon_meta']
[0.245s] Level 1:colcon.colcon_core.package_identification:_identify(src/velodyne_simulator/velodyne_description) by extension 'colcon_meta'
[0.245s] Level 1:colcon.colcon_core.package_identification:_identify(src/velodyne_simulator/velodyne_description) by extensions ['ros']
[0.245s] Level 1:colcon.colcon_core.package_identification:_identify(src/velodyne_simulator/velodyne_description) by extension 'ros'
[0.245s] DEBUG:colcon.colcon_core.package_identification:Package 'src/velodyne_simulator/velodyne_description' with type 'ros.ament_cmake' and name 'velodyne_description'
[0.245s] Level 1:colcon.colcon_core.package_identification:_identify(src/velodyne_simulator/velodyne_gazebo_plugins) by extensions ['ignore', 'ignore_ament_install']
[0.245s] Level 1:colcon.colcon_core.package_identification:_identify(src/velodyne_simulator/velodyne_gazebo_plugins) by extension 'ignore'
[0.245s] Level 1:colcon.colcon_core.package_identification:_identify(src/velodyne_simulator/velodyne_gazebo_plugins) by extension 'ignore_ament_install'
[0.245s] Level 1:colcon.colcon_core.package_identification:_identify(src/velodyne_simulator/velodyne_gazebo_plugins) by extensions ['colcon_pkg']
[0.245s] Level 1:colcon.colcon_core.package_identification:_identify(src/velodyne_simulator/velodyne_gazebo_plugins) by extension 'colcon_pkg'
[0.245s] Level 1:colcon.colcon_core.package_identification:_identify(src/velodyne_simulator/velodyne_gazebo_plugins) by extensions ['colcon_meta']
[0.245s] Level 1:colcon.colcon_core.package_identification:_identify(src/velodyne_simulator/velodyne_gazebo_plugins) by extension 'colcon_meta'
[0.245s] Level 1:colcon.colcon_core.package_identification:_identify(src/velodyne_simulator/velodyne_gazebo_plugins) by extensions ['ros']
[0.245s] Level 1:colcon.colcon_core.package_identification:_identify(src/velodyne_simulator/velodyne_gazebo_plugins) by extension 'ros'
[0.246s] DEBUG:colcon.colcon_core.package_identification:Package 'src/velodyne_simulator/velodyne_gazebo_plugins' with type 'ros.ament_cmake' and name 'velodyne_gazebo_plugins'
[0.246s] Level 1:colcon.colcon_core.package_identification:_identify(src/velodyne_simulator/velodyne_simulator) by extensions ['ignore', 'ignore_ament_install']
[0.246s] Level 1:colcon.colcon_core.package_identification:_identify(src/velodyne_simulator/velodyne_simulator) by extension 'ignore'
[0.246s] Level 1:colcon.colcon_core.package_identification:_identify(src/velodyne_simulator/velodyne_simulator) by extension 'ignore_ament_install'
[0.246s] Level 1:colcon.colcon_core.package_identification:_identify(src/velodyne_simulator/velodyne_simulator) by extensions ['colcon_pkg']
[0.246s] Level 1:colcon.colcon_core.package_identification:_identify(src/velodyne_simulator/velodyne_simulator) by extension 'colcon_pkg'
[0.246s] Level 1:colcon.colcon_core.package_identification:_identify(src/velodyne_simulator/velodyne_simulator) by extensions ['colcon_meta']
[0.246s] Level 1:colcon.colcon_core.package_identification:_identify(src/velodyne_simulator/velodyne_simulator) by extension 'colcon_meta'
[0.246s] Level 1:colcon.colcon_core.package_identification:_identify(src/velodyne_simulator/velodyne_simulator) by extensions ['ros']
[0.246s] Level 1:colcon.colcon_core.package_identification:_identify(src/velodyne_simulator/velodyne_simulator) by extension 'ros'
[0.247s] DEBUG:colcon.colcon_core.package_identification:Package 'src/velodyne_simulator/velodyne_simulator' with type 'ros.ament_cmake' and name 'velodyne_simulator'
[0.247s] Level 1:colcon.colcon_core.package_discovery:discover_packages(recursive) using defaults
[0.247s] Level 1:colcon.colcon_core.package_discovery:discover_packages(ignore) discover
[0.247s] Level 1:colcon.colcon_core.package_discovery:discover_packages(ignore) using defaults
[0.247s] Level 1:colcon.colcon_core.package_discovery:discover_packages(path) discover
[0.247s] Level 1:colcon.colcon_core.package_discovery:discover_packages(path) using defaults
[0.263s] Level 1:colcon.colcon_core.package_discovery:discover_packages(prefix_path) check parameters
[0.263s] Level 1:colcon.colcon_core.package_discovery:discover_packages(prefix_path) discover
[0.264s] DEBUG:colcon.colcon_installed_package_information.package_discovery:Found 13 installed packages in /home/kirill/VNIIA/Projects/black_plat/install
[0.266s] DEBUG:colcon.colcon_installed_package_information.package_discovery:Found 477 installed packages in /opt/ros/humble
[0.267s] Level 1:colcon.colcon_core.package_discovery:discover_packages(prefix_path) using defaults
[0.306s] Level 5:colcon.colcon_core.verb:set package 'bluespace_ai_xsens_mti_driver' build argument 'cmake_args' from command line to 'None'
[0.306s] Level 5:colcon.colcon_core.verb:set package 'bluespace_ai_xsens_mti_driver' build argument 'cmake_target' from command line to 'None'
[0.306s] Level 5:colcon.colcon_core.verb:set package 'bluespace_ai_xsens_mti_driver' build argument 'cmake_target_skip_unavailable' from command line to 'False'
[0.306s] Level 5:colcon.colcon_core.verb:set package 'bluespace_ai_xsens_mti_driver' build argument 'cmake_clean_cache' from command line to 'False'
[0.306s] Level 5:colcon.colcon_core.verb:set package 'bluespace_ai_xsens_mti_driver' build argument 'cmake_clean_first' from command line to 'False'
[0.307s] Level 5:colcon.colcon_core.verb:set package 'bluespace_ai_xsens_mti_driver' build argument 'cmake_force_configure' from command line to 'False'
[0.307s] Level 5:colcon.colcon_core.verb:set package 'bluespace_ai_xsens_mti_driver' build argument 'ament_cmake_args' from command line to 'None'
[0.307s] Level 5:colcon.colcon_core.verb:set package 'bluespace_ai_xsens_mti_driver' build argument 'catkin_cmake_args' from command line to 'None'
[0.307s] Level 5:colcon.colcon_core.verb:set package 'bluespace_ai_xsens_mti_driver' build argument 'catkin_skip_building_tests' from command line to 'False'
[0.307s] DEBUG:colcon.colcon_core.verb:Building package 'bluespace_ai_xsens_mti_driver' with the following arguments: {'ament_cmake_args': None, 'build_base': '/home/kirill/VNIIA/Projects/black_plat/build/bluespace_ai_xsens_mti_driver', 'catkin_cmake_args': None, 'catkin_skip_building_tests': False, 'cmake_args': None, 'cmake_clean_cache': False, 'cmake_clean_first': False, 'cmake_force_configure': False, 'cmake_target': None, 'cmake_target_skip_unavailable': False, 'install_base': '/home/kirill/VNIIA/Projects/black_plat/install/bluespace_ai_xsens_mti_driver', 'merge_install': False, 'path': '/home/kirill/VNIIA/Projects/black_plat/src/bluespace_ai_xsens_ros_mti_driver', 'symlink_install': False, 'test_result_base': None}
[0.307s] Level 5:colcon.colcon_core.verb:set package 'lio_sam' build argument 'cmake_args' from command line to 'None'
[0.307s] Level 5:colcon.colcon_core.verb:set package 'lio_sam' build argument 'cmake_target' from command line to 'None'
[0.307s] Level 5:colcon.colcon_core.verb:set package 'lio_sam' build argument 'cmake_target_skip_unavailable' from command line to 'False'
[0.307s] Level 5:colcon.colcon_core.verb:set package 'lio_sam' build argument 'cmake_clean_cache' from command line to 'False'
[0.307s] Level 5:colcon.colcon_core.verb:set package 'lio_sam' build argument 'cmake_clean_first' from command line to 'False'
[0.307s] Level 5:colcon.colcon_core.verb:set package 'lio_sam' build argument 'cmake_force_configure' from command line to 'False'
[0.307s] Level 5:colcon.colcon_core.verb:set package 'lio_sam' build argument 'ament_cmake_args' from command line to 'None'
[0.307s] Level 5:colcon.colcon_core.verb:set package 'lio_sam' build argument 'catkin_cmake_args' from command line to 'None'
[0.307s] Level 5:colcon.colcon_core.verb:set package 'lio_sam' build argument 'catkin_skip_building_tests' from command line to 'False'
[0.307s] DEBUG:colcon.colcon_core.verb:Building package 'lio_sam' with the following arguments: {'ament_cmake_args': None, 'build_base': '/home/kirill/VNIIA/Projects/black_plat/build/lio_sam', 'catkin_cmake_args': None, 'catkin_skip_building_tests': False, 'cmake_args': None, 'cmake_clean_cache': False, 'cmake_clean_first': False, 'cmake_force_configure': False, 'cmake_target': None, 'cmake_target_skip_unavailable': False, 'install_base': '/home/kirill/VNIIA/Projects/black_plat/install/lio_sam', 'merge_install': False, 'path': '/home/kirill/VNIIA/Projects/black_plat/src/LIO-SAM', 'symlink_install': False, 'test_result_base': None}
[0.307s] Level 5:colcon.colcon_core.verb:set package 'odometry_fus' build argument 'cmake_args' from command line to 'None'
[0.307s] Level 5:colcon.colcon_core.verb:set package 'odometry_fus' build argument 'cmake_target' from command line to 'None'
[0.307s] Level 5:colcon.colcon_core.verb:set package 'odometry_fus' build argument 'cmake_target_skip_unavailable' from command line to 'False'
[0.307s] Level 5:colcon.colcon_core.verb:set package 'odometry_fus' build argument 'cmake_clean_cache' from command line to 'False'
[0.307s] Level 5:colcon.colcon_core.verb:set package 'odometry_fus' build argument 'cmake_clean_first' from command line to 'False'
[0.307s] Level 5:colcon.colcon_core.verb:set package 'odometry_fus' build argument 'cmake_force_configure' from command line to 'False'
[0.307s] Level 5:colcon.colcon_core.verb:set package 'odometry_fus' build argument 'ament_cmake_args' from command line to 'None'
[0.307s] Level 5:colcon.colcon_core.verb:set package 'odometry_fus' build argument 'catkin_cmake_args' from command line to 'None'
[0.307s] Level 5:colcon.colcon_core.verb:set package 'odometry_fus' build argument 'catkin_skip_building_tests' from command line to 'False'
[0.307s] DEBUG:colcon.colcon_core.verb:Building package 'odometry_fus' with the following arguments: {'ament_cmake_args': None, 'build_base': '/home/kirill/VNIIA/Projects/black_plat/build/odometry_fus', 'catkin_cmake_args': None, 'catkin_skip_building_tests': False, 'cmake_args': None, 'cmake_clean_cache': False, 'cmake_clean_first': False, 'cmake_force_configure': False, 'cmake_target': None, 'cmake_target_skip_unavailable': False, 'install_base': '/home/kirill/VNIIA/Projects/black_plat/install/odometry_fus', 'merge_install': False, 'path': '/home/kirill/VNIIA/Projects/black_plat/src/odometry_fus', 'symlink_install': False, 'test_result_base': None}
[0.308s] Level 5:colcon.colcon_core.verb:set package 't21_lidar' build argument 'cmake_args' from command line to 'None'
[0.308s] Level 5:colcon.colcon_core.verb:set package 't21_lidar' build argument 'cmake_target' from command line to 'None'
[0.308s] Level 5:colcon.colcon_core.verb:set package 't21_lidar' build argument 'cmake_target_skip_unavailable' from command line to 'False'
[0.308s] Level 5:colcon.colcon_core.verb:set package 't21_lidar' build argument 'cmake_clean_cache' from command line to 'False'
[0.308s] Level 5:colcon.colcon_core.verb:set package 't21_lidar' build argument 'cmake_clean_first' from command line to 'False'
[0.308s] Level 5:colcon.colcon_core.verb:set package 't21_lidar' build argument 'cmake_force_configure' from command line to 'False'
[0.308s] Level 5:colcon.colcon_core.verb:set package 't21_lidar' build argument 'ament_cmake_args' from command line to 'None'
[0.308s] Level 5:colcon.colcon_core.verb:set package 't21_lidar' build argument 'catkin_cmake_args' from command line to 'None'
[0.308s] Level 5:colcon.colcon_core.verb:set package 't21_lidar' build argument 'catkin_skip_building_tests' from command line to 'False'
[0.308s] DEBUG:colcon.colcon_core.verb:Building package 't21_lidar' with the following arguments: {'ament_cmake_args': None, 'build_base': '/home/kirill/VNIIA/Projects/black_plat/build/t21_lidar', 'catkin_cmake_args': None, 'catkin_skip_building_tests': False, 'cmake_args': None, 'cmake_clean_cache': False, 'cmake_clean_first': False, 'cmake_force_configure': False, 'cmake_target': None, 'cmake_target_skip_unavailable': False, 'install_base': '/home/kirill/VNIIA/Projects/black_plat/install/t21_lidar', 'merge_install': False, 'path': '/home/kirill/VNIIA/Projects/black_plat/src/t21_lidar', 'symlink_install': False, 'test_result_base': None}
[0.308s] Level 5:colcon.colcon_core.verb:set package 't21_navigation' build argument 'cmake_args' from command line to 'None'
[0.308s] Level 5:colcon.colcon_core.verb:set package 't21_navigation' build argument 'cmake_target' from command line to 'None'
[0.308s] Level 5:colcon.colcon_core.verb:set package 't21_navigation' build argument 'cmake_target_skip_unavailable' from command line to 'False'
[0.308s] Level 5:colcon.colcon_core.verb:set package 't21_navigation' build argument 'cmake_clean_cache' from command line to 'False'
[0.308s] Level 5:colcon.colcon_core.verb:set package 't21_navigation' build argument 'cmake_clean_first' from command line to 'False'
[0.308s] Level 5:colcon.colcon_core.verb:set package 't21_navigation' build argument 'cmake_force_configure' from command line to 'False'
[0.308s] Level 5:colcon.colcon_core.verb:set package 't21_navigation' build argument 'ament_cmake_args' from command line to 'None'
[0.308s] Level 5:colcon.colcon_core.verb:set package 't21_navigation' build argument 'catkin_cmake_args' from command line to 'None'
[0.308s] Level 5:colcon.colcon_core.verb:set package 't21_navigation' build argument 'catkin_skip_building_tests' from command line to 'False'
[0.308s] DEBUG:colcon.colcon_core.verb:Building package 't21_navigation' with the following arguments: {'ament_cmake_args': None, 'build_base': '/home/kirill/VNIIA/Projects/black_plat/build/t21_navigation', 'catkin_cmake_args': None, 'catkin_skip_building_tests': False, 'cmake_args': None, 'cmake_clean_cache': False, 'cmake_clean_first': False, 'cmake_force_configure': False, 'cmake_target': None, 'cmake_target_skip_unavailable': False, 'install_base': '/home/kirill/VNIIA/Projects/black_plat/install/t21_navigation', 'merge_install': False, 'path': '/home/kirill/VNIIA/Projects/black_plat/src/t21_navigation', 'symlink_install': False, 'test_result_base': None}
[0.308s] Level 5:colcon.colcon_core.verb:set package 't21_rtabmap' build argument 'cmake_args' from command line to 'None'
[0.308s] Level 5:colcon.colcon_core.verb:set package 't21_rtabmap' build argument 'cmake_target' from command line to 'None'
[0.308s] Level 5:colcon.colcon_core.verb:set package 't21_rtabmap' build argument 'cmake_target_skip_unavailable' from command line to 'False'
[0.308s] Level 5:colcon.colcon_core.verb:set package 't21_rtabmap' build argument 'cmake_clean_cache' from command line to 'False'
[0.308s] Level 5:colcon.colcon_core.verb:set package 't21_rtabmap' build argument 'cmake_clean_first' from command line to 'False'
[0.308s] Level 5:colcon.colcon_core.verb:set package 't21_rtabmap' build argument 'cmake_force_configure' from command line to 'False'
[0.308s] Level 5:colcon.colcon_core.verb:set package 't21_rtabmap' build argument 'ament_cmake_args' from command line to 'None'
[0.308s] Level 5:colcon.colcon_core.verb:set package 't21_rtabmap' build argument 'catkin_cmake_args' from command line to 'None'
[0.308s] Level 5:colcon.colcon_core.verb:set package 't21_rtabmap' build argument 'catkin_skip_building_tests' from command line to 'False'
[0.309s] DEBUG:colcon.colcon_core.verb:Building package 't21_rtabmap' with the following arguments: {'ament_cmake_args': None, 'build_base': '/home/kirill/VNIIA/Projects/black_plat/build/t21_rtabmap', 'catkin_cmake_args': None, 'catkin_skip_building_tests': False, 'cmake_args': None, 'cmake_clean_cache': False, 'cmake_clean_first': False, 'cmake_force_configure': False, 'cmake_target': None, 'cmake_target_skip_unavailable': False, 'install_base': '/home/kirill/VNIIA/Projects/black_plat/install/t21_rtabmap', 'merge_install': False, 'path': '/home/kirill/VNIIA/Projects/black_plat/src/t21_rtabmap', 'symlink_install': False, 'test_result_base': None}
[0.309s] Level 5:colcon.colcon_core.verb:set package 't21_teleop' build argument 'cmake_args' from command line to 'None'
[0.309s] Level 5:colcon.colcon_core.verb:set package 't21_teleop' build argument 'cmake_target' from command line to 'None'
[0.309s] Level 5:colcon.colcon_core.verb:set package 't21_teleop' build argument 'cmake_target_skip_unavailable' from command line to 'False'
[0.309s] Level 5:colcon.colcon_core.verb:set package 't21_teleop' build argument 'cmake_clean_cache' from command line to 'False'
[0.309s] Level 5:colcon.colcon_core.verb:set package 't21_teleop' build argument 'cmake_clean_first' from command line to 'False'
[0.309s] Level 5:colcon.colcon_core.verb:set package 't21_teleop' build argument 'cmake_force_configure' from command line to 'False'
[0.309s] Level 5:colcon.colcon_core.verb:set package 't21_teleop' build argument 'ament_cmake_args' from command line to 'None'
[0.309s] Level 5:colcon.colcon_core.verb:set package 't21_teleop' build argument 'catkin_cmake_args' from command line to 'None'
[0.309s] Level 5:colcon.colcon_core.verb:set package 't21_teleop' build argument 'catkin_skip_building_tests' from command line to 'False'
[0.309s] DEBUG:colcon.colcon_core.verb:Building package 't21_teleop' with the following arguments: {'ament_cmake_args': None, 'build_base': '/home/kirill/VNIIA/Projects/black_plat/build/t21_teleop', 'catkin_cmake_args': None, 'catkin_skip_building_tests': False, 'cmake_args': None, 'cmake_clean_cache': False, 'cmake_clean_first': False, 'cmake_force_configure': False, 'cmake_target': None, 'cmake_target_skip_unavailable': False, 'install_base': '/home/kirill/VNIIA/Projects/black_plat/install/t21_teleop', 'merge_install': False, 'path': '/home/kirill/VNIIA/Projects/black_plat/src/t21_teleop', 'symlink_install': False, 'test_result_base': None}
[0.309s] Level 5:colcon.colcon_core.verb:set package 't21_tracked' build argument 'cmake_args' from command line to 'None'
[0.309s] Level 5:colcon.colcon_core.verb:set package 't21_tracked' build argument 'cmake_target' from command line to 'None'
[0.309s] Level 5:colcon.colcon_core.verb:set package 't21_tracked' build argument 'cmake_target_skip_unavailable' from command line to 'False'
[0.309s] Level 5:colcon.colcon_core.verb:set package 't21_tracked' build argument 'cmake_clean_cache' from command line to 'False'
[0.309s] Level 5:colcon.colcon_core.verb:set package 't21_tracked' build argument 'cmake_clean_first' from command line to 'False'
[0.309s] Level 5:colcon.colcon_core.verb:set package 't21_tracked' build argument 'cmake_force_configure' from command line to 'False'
[0.309s] Level 5:colcon.colcon_core.verb:set package 't21_tracked' build argument 'ament_cmake_args' from command line to 'None'
[0.309s] Level 5:colcon.colcon_core.verb:set package 't21_tracked' build argument 'catkin_cmake_args' from command line to 'None'
[0.309s] Level 5:colcon.colcon_core.verb:set package 't21_tracked' build argument 'catkin_skip_building_tests' from command line to 'False'
[0.309s] DEBUG:colcon.colcon_core.verb:Building package 't21_tracked' with the following arguments: {'ament_cmake_args': None, 'build_base': '/home/kirill/VNIIA/Projects/black_plat/build/t21_tracked', 'catkin_cmake_args': None, 'catkin_skip_building_tests': False, 'cmake_args': None, 'cmake_clean_cache': False, 'cmake_clean_first': False, 'cmake_force_configure': False, 'cmake_target': None, 'cmake_target_skip_unavailable': False, 'install_base': '/home/kirill/VNIIA/Projects/black_plat/install/t21_tracked', 'merge_install': False, 'path': '/home/kirill/VNIIA/Projects/black_plat/src/ros2_control/ros2_control_t21_hardware', 'symlink_install': False, 'test_result_base': None}
[0.309s] Level 5:colcon.colcon_core.verb:set package 'velodyne_description' build argument 'cmake_args' from command line to 'None'
[0.310s] Level 5:colcon.colcon_core.verb:set package 'velodyne_description' build argument 'cmake_target' from command line to 'None'
[0.310s] Level 5:colcon.colcon_core.verb:set package 'velodyne_description' build argument 'cmake_target_skip_unavailable' from command line to 'False'
[0.310s] Level 5:colcon.colcon_core.verb:set package 'velodyne_description' build argument 'cmake_clean_cache' from command line to 'False'
[0.310s] Level 5:colcon.colcon_core.verb:set package 'velodyne_description' build argument 'cmake_clean_first' from command line to 'False'
[0.310s] Level 5:colcon.colcon_core.verb:set package 'velodyne_description' build argument 'cmake_force_configure' from command line to 'False'
[0.310s] Level 5:colcon.colcon_core.verb:set package 'velodyne_description' build argument 'ament_cmake_args' from command line to 'None'
[0.310s] Level 5:colcon.colcon_core.verb:set package 'velodyne_description' build argument 'catkin_cmake_args' from command line to 'None'
[0.310s] Level 5:colcon.colcon_core.verb:set package 'velodyne_description' build argument 'catkin_skip_building_tests' from command line to 'False'
[0.310s] DEBUG:colcon.colcon_core.verb:Building package 'velodyne_description' with the following arguments: {'ament_cmake_args': None, 'build_base': '/home/kirill/VNIIA/Projects/black_plat/build/velodyne_description', 'catkin_cmake_args': None, 'catkin_skip_building_tests': False, 'cmake_args': None, 'cmake_clean_cache': False, 'cmake_clean_first': False, 'cmake_force_configure': False, 'cmake_target': None, 'cmake_target_skip_unavailable': False, 'install_base': '/home/kirill/VNIIA/Projects/black_plat/install/velodyne_description', 'merge_install': False, 'path': '/home/kirill/VNIIA/Projects/black_plat/src/velodyne_simulator/velodyne_description', 'symlink_install': False, 'test_result_base': None}
[0.310s] Level 5:colcon.colcon_core.verb:set package 'velodyne_gazebo_plugins' build argument 'cmake_args' from command line to 'None'
[0.310s] Level 5:colcon.colcon_core.verb:set package 'velodyne_gazebo_plugins' build argument 'cmake_target' from command line to 'None'
[0.310s] Level 5:colcon.colcon_core.verb:set package 'velodyne_gazebo_plugins' build argument 'cmake_target_skip_unavailable' from command line to 'False'
[0.310s] Level 5:colcon.colcon_core.verb:set package 'velodyne_gazebo_plugins' build argument 'cmake_clean_cache' from command line to 'False'
[0.310s] Level 5:colcon.colcon_core.verb:set package 'velodyne_gazebo_plugins' build argument 'cmake_clean_first' from command line to 'False'
[0.310s] Level 5:colcon.colcon_core.verb:set package 'velodyne_gazebo_plugins' build argument 'cmake_force_configure' from command line to 'False'
[0.310s] Level 5:colcon.colcon_core.verb:set package 'velodyne_gazebo_plugins' build argument 'ament_cmake_args' from command line to 'None'
[0.310s] Level 5:colcon.colcon_core.verb:set package 'velodyne_gazebo_plugins' build argument 'catkin_cmake_args' from command line to 'None'
[0.310s] Level 5:colcon.colcon_core.verb:set package 'velodyne_gazebo_plugins' build argument 'catkin_skip_building_tests' from command line to 'False'
[0.310s] DEBUG:colcon.colcon_core.verb:Building package 'velodyne_gazebo_plugins' with the following arguments: {'ament_cmake_args': None, 'build_base': '/home/kirill/VNIIA/Projects/black_plat/build/velodyne_gazebo_plugins', 'catkin_cmake_args': None, 'catkin_skip_building_tests': False, 'cmake_args': None, 'cmake_clean_cache': False, 'cmake_clean_first': False, 'cmake_force_configure': False, 'cmake_target': None, 'cmake_target_skip_unavailable': False, 'install_base': '/home/kirill/VNIIA/Projects/black_plat/install/velodyne_gazebo_plugins', 'merge_install': False, 'path': '/home/kirill/VNIIA/Projects/black_plat/src/velodyne_simulator/velodyne_gazebo_plugins', 'symlink_install': False, 'test_result_base': None}
[0.310s] Level 5:colcon.colcon_core.verb:set package 'tracked_description' build argument 'cmake_args' from command line to 'None'
[0.310s] Level 5:colcon.colcon_core.verb:set package 'tracked_description' build argument 'cmake_target' from command line to 'None'
[0.310s] Level 5:colcon.colcon_core.verb:set package 'tracked_description' build argument 'cmake_target_skip_unavailable' from command line to 'False'
[0.310s] Level 5:colcon.colcon_core.verb:set package 'tracked_description' build argument 'cmake_clean_cache' from command line to 'False'
[0.310s] Level 5:colcon.colcon_core.verb:set package 'tracked_description' build argument 'cmake_clean_first' from command line to 'False'
[0.310s] Level 5:colcon.colcon_core.verb:set package 'tracked_description' build argument 'cmake_force_configure' from command line to 'False'
[0.310s] Level 5:colcon.colcon_core.verb:set package 'tracked_description' build argument 'ament_cmake_args' from command line to 'None'
[0.310s] Level 5:colcon.colcon_core.verb:set package 'tracked_description' build argument 'catkin_cmake_args' from command line to 'None'
[0.310s] Level 5:colcon.colcon_core.verb:set package 'tracked_description' build argument 'catkin_skip_building_tests' from command line to 'False'
[0.310s] DEBUG:colcon.colcon_core.verb:Building package 'tracked_description' with the following arguments: {'ament_cmake_args': None, 'build_base': '/home/kirill/VNIIA/Projects/black_plat/build/tracked_description', 'catkin_cmake_args': None, 'catkin_skip_building_tests': False, 'cmake_args': None, 'cmake_clean_cache': False, 'cmake_clean_first': False, 'cmake_force_configure': False, 'cmake_target': None, 'cmake_target_skip_unavailable': False, 'install_base': '/home/kirill/VNIIA/Projects/black_plat/install/tracked_description', 'merge_install': False, 'path': '/home/kirill/VNIIA/Projects/black_plat/src/tracked_description', 'symlink_install': False, 'test_result_base': None}
[0.311s] Level 5:colcon.colcon_core.verb:set package 'velodyne_simulator' build argument 'cmake_args' from command line to 'None'
[0.311s] Level 5:colcon.colcon_core.verb:set package 'velodyne_simulator' build argument 'cmake_target' from command line to 'None'
[0.311s] Level 5:colcon.colcon_core.verb:set package 'velodyne_simulator' build argument 'cmake_target_skip_unavailable' from command line to 'False'
[0.311s] Level 5:colcon.colcon_core.verb:set package 'velodyne_simulator' build argument 'cmake_clean_cache' from command line to 'False'
[0.311s] Level 5:colcon.colcon_core.verb:set package 'velodyne_simulator' build argument 'cmake_clean_first' from command line to 'False'
[0.311s] Level 5:colcon.colcon_core.verb:set package 'velodyne_simulator' build argument 'cmake_force_configure' from command line to 'False'
[0.311s] Level 5:colcon.colcon_core.verb:set package 'velodyne_simulator' build argument 'ament_cmake_args' from command line to 'None'
[0.311s] Level 5:colcon.colcon_core.verb:set package 'velodyne_simulator' build argument 'catkin_cmake_args' from command line to 'None'
[0.311s] Level 5:colcon.colcon_core.verb:set package 'velodyne_simulator' build argument 'catkin_skip_building_tests' from command line to 'False'
[0.311s] DEBUG:colcon.colcon_core.verb:Building package 'velodyne_simulator' with the following arguments: {'ament_cmake_args': None, 'build_base': '/home/kirill/VNIIA/Projects/black_plat/build/velodyne_simulator', 'catkin_cmake_args': None, 'catkin_skip_building_tests': False, 'cmake_args': None, 'cmake_clean_cache': False, 'cmake_clean_first': False, 'cmake_force_configure': False, 'cmake_target': None, 'cmake_target_skip_unavailable': False, 'install_base': '/home/kirill/VNIIA/Projects/black_plat/install/velodyne_simulator', 'merge_install': False, 'path': '/home/kirill/VNIIA/Projects/black_plat/src/velodyne_simulator/velodyne_simulator', 'symlink_install': False, 'test_result_base': None}
[0.311s] Level 5:colcon.colcon_core.verb:set package 't21_sim' build argument 'cmake_args' from command line to 'None'
[0.311s] Level 5:colcon.colcon_core.verb:set package 't21_sim' build argument 'cmake_target' from command line to 'None'
[0.311s] Level 5:colcon.colcon_core.verb:set package 't21_sim' build argument 'cmake_target_skip_unavailable' from command line to 'False'
[0.311s] Level 5:colcon.colcon_core.verb:set package 't21_sim' build argument 'cmake_clean_cache' from command line to 'False'
[0.311s] Level 5:colcon.colcon_core.verb:set package 't21_sim' build argument 'cmake_clean_first' from command line to 'False'
[0.311s] Level 5:colcon.colcon_core.verb:set package 't21_sim' build argument 'cmake_force_configure' from command line to 'False'
[0.311s] Level 5:colcon.colcon_core.verb:set package 't21_sim' build argument 'ament_cmake_args' from command line to 'None'
[0.311s] Level 5:colcon.colcon_core.verb:set package 't21_sim' build argument 'catkin_cmake_args' from command line to 'None'
[0.311s] Level 5:colcon.colcon_core.verb:set package 't21_sim' build argument 'catkin_skip_building_tests' from command line to 'False'
[0.311s] DEBUG:colcon.colcon_core.verb:Building package 't21_sim' with the following arguments: {'ament_cmake_args': None, 'build_base': '/home/kirill/VNIIA/Projects/black_plat/build/t21_sim', 'catkin_cmake_args': None, 'catkin_skip_building_tests': False, 'cmake_args': None, 'cmake_clean_cache': False, 'cmake_clean_first': False, 'cmake_force_configure': False, 'cmake_target': None, 'cmake_target_skip_unavailable': False, 'install_base': '/home/kirill/VNIIA/Projects/black_plat/install/t21_sim', 'merge_install': False, 'path': '/home/kirill/VNIIA/Projects/black_plat/src/t21_sim', 'symlink_install': False, 'test_result_base': None}
[0.311s] INFO:colcon.colcon_core.executor:Executing jobs using 'parallel' executor
[0.312s] DEBUG:colcon.colcon_parallel_executor.executor.parallel:run_until_complete
[0.312s] INFO:colcon.colcon_ros.task.ament_cmake.build:Building ROS package in '/home/kirill/VNIIA/Projects/black_plat/src/bluespace_ai_xsens_ros_mti_driver' with build type 'ament_cmake'
[0.312s] INFO:colcon.colcon_cmake.task.cmake.build:Building CMake package in '/home/kirill/VNIIA/Projects/black_plat/src/bluespace_ai_xsens_ros_mti_driver'
[0.314s] INFO:colcon.colcon_core.plugin_system:Skipping extension 'colcon_core.shell.bat': Not used on non-Windows systems
[0.314s] INFO:colcon.colcon_core.shell:Skip shell extension 'powershell' for command environment: Not usable outside of PowerShell
[0.314s] DEBUG:colcon.colcon_core.shell:Skip shell extension 'dsv' for command environment
[0.317s] INFO:colcon.colcon_ros.task.ament_cmake.build:Building ROS package in '/home/kirill/VNIIA/Projects/black_plat/src/odometry_fus' with build type 'ament_cmake'
[0.318s] INFO:colcon.colcon_cmake.task.cmake.build:Building CMake package in '/home/kirill/VNIIA/Projects/black_plat/src/odometry_fus'
[0.318s] INFO:colcon.colcon_core.shell:Skip shell extension 'powershell' for command environment: Not usable outside of PowerShell
[0.318s] DEBUG:colcon.colcon_core.shell:Skip shell extension 'dsv' for command environment
[0.321s] INFO:colcon.colcon_ros.task.ament_cmake.build:Building ROS package in '/home/kirill/VNIIA/Projects/black_plat/src/velodyne_simulator/velodyne_description' with build type 'ament_cmake'
[0.321s] INFO:colcon.colcon_cmake.task.cmake.build:Building CMake package in '/home/kirill/VNIIA/Projects/black_plat/src/velodyne_simulator/velodyne_description'
[0.321s] INFO:colcon.colcon_core.shell:Skip shell extension 'powershell' for command environment: Not usable outside of PowerShell
[0.321s] DEBUG:colcon.colcon_core.shell:Skip shell extension 'dsv' for command environment
[0.324s] INFO:colcon.colcon_ros.task.ament_cmake.build:Building ROS package in '/home/kirill/VNIIA/Projects/black_plat/src/velodyne_simulator/velodyne_gazebo_plugins' with build type 'ament_cmake'
[0.324s] INFO:colcon.colcon_cmake.task.cmake.build:Building CMake package in '/home/kirill/VNIIA/Projects/black_plat/src/velodyne_simulator/velodyne_gazebo_plugins'
[0.324s] INFO:colcon.colcon_core.shell:Skip shell extension 'powershell' for command environment: Not usable outside of PowerShell
[0.324s] DEBUG:colcon.colcon_core.shell:Skip shell extension 'dsv' for command environment
[0.327s] INFO:colcon.colcon_ros.task.ament_cmake.build:Building ROS package in '/home/kirill/VNIIA/Projects/black_plat/src/LIO-SAM' with build type 'ament_cmake'
[0.327s] INFO:colcon.colcon_cmake.task.cmake.build:Building CMake package in '/home/kirill/VNIIA/Projects/black_plat/src/LIO-SAM'
[0.327s] INFO:colcon.colcon_core.shell:Skip shell extension 'powershell' for command environment: Not usable outside of PowerShell
[0.328s] DEBUG:colcon.colcon_core.shell:Skip shell extension 'dsv' for command environment
[0.330s] INFO:colcon.colcon_ros.task.ament_cmake.build:Building ROS package in '/home/kirill/VNIIA/Projects/black_plat/src/t21_lidar' with build type 'ament_cmake'
[0.331s] INFO:colcon.colcon_cmake.task.cmake.build:Building CMake package in '/home/kirill/VNIIA/Projects/black_plat/src/t21_lidar'
[0.331s] INFO:colcon.colcon_core.shell:Skip shell extension 'powershell' for command environment: Not usable outside of PowerShell
[0.331s] DEBUG:colcon.colcon_core.shell:Skip shell extension 'dsv' for command environment
[0.333s] INFO:colcon.colcon_ros.task.ament_cmake.build:Building ROS package in '/home/kirill/VNIIA/Projects/black_plat/src/t21_navigation' with build type 'ament_cmake'
[0.334s] INFO:colcon.colcon_cmake.task.cmake.build:Building CMake package in '/home/kirill/VNIIA/Projects/black_plat/src/t21_navigation'
[0.334s] INFO:colcon.colcon_core.shell:Skip shell extension 'powershell' for command environment: Not usable outside of PowerShell
[0.334s] DEBUG:colcon.colcon_core.shell:Skip shell extension 'dsv' for command environment
[0.336s] INFO:colcon.colcon_ros.task.ament_cmake.build:Building ROS package in '/home/kirill/VNIIA/Projects/black_plat/src/t21_rtabmap' with build type 'ament_cmake'
[0.336s] INFO:colcon.colcon_cmake.task.cmake.build:Building CMake package in '/home/kirill/VNIIA/Projects/black_plat/src/t21_rtabmap'
[0.336s] INFO:colcon.colcon_core.shell:Skip shell extension 'powershell' for command environment: Not usable outside of PowerShell
[0.336s] DEBUG:colcon.colcon_core.shell:Skip shell extension 'dsv' for command environment
[0.345s] DEBUG:colcon.colcon_core.event_handler.log_command:Invoking command in '/home/kirill/VNIIA/Projects/black_plat/build/bluespace_ai_xsens_mti_driver': CMAKE_PREFIX_PATH=${CMAKE_PREFIX_PATH}:/home/kirill/VNIIA/Projects/black_plat/install/t21_teleop:/opt/ros/humble /usr/bin/cmake --build /home/kirill/VNIIA/Projects/black_plat/build/bluespace_ai_xsens_mti_driver -- -j8 -l8
[0.347s] DEBUG:colcon.colcon_core.event_handler.log_command:Invoking command in '/home/kirill/VNIIA/Projects/black_plat/build/odometry_fus': CMAKE_PREFIX_PATH=${CMAKE_PREFIX_PATH}:/home/kirill/VNIIA/Projects/black_plat/install/t21_teleop:/opt/ros/humble /usr/bin/cmake --build /home/kirill/VNIIA/Projects/black_plat/build/odometry_fus -- -j8 -l8
[0.348s] DEBUG:colcon.colcon_core.event_handler.log_command:Invoking command in '/home/kirill/VNIIA/Projects/black_plat/build/velodyne_description': CMAKE_PREFIX_PATH=${CMAKE_PREFIX_PATH}:/home/kirill/VNIIA/Projects/black_plat/install/t21_teleop:/opt/ros/humble /usr/bin/cmake --build /home/kirill/VNIIA/Projects/black_plat/build/velodyne_description -- -j8 -l8
[0.351s] DEBUG:colcon.colcon_core.event_handler.log_command:Invoking command in '/home/kirill/VNIIA/Projects/black_plat/build/velodyne_gazebo_plugins': CMAKE_PREFIX_PATH=${CMAKE_PREFIX_PATH}:/home/kirill/VNIIA/Projects/black_plat/install/t21_teleop:/opt/ros/humble /usr/bin/cmake --build /home/kirill/VNIIA/Projects/black_plat/build/velodyne_gazebo_plugins -- -j8 -l8
[0.354s] DEBUG:colcon.colcon_core.event_handler.log_command:Invoking command in '/home/kirill/VNIIA/Projects/black_plat/build/lio_sam': CMAKE_PREFIX_PATH=${CMAKE_PREFIX_PATH}:/home/kirill/VNIIA/Projects/black_plat/install/t21_teleop:/opt/ros/humble /usr/bin/cmake --build /home/kirill/VNIIA/Projects/black_plat/build/lio_sam -- -j8 -l8
[0.360s] DEBUG:colcon.colcon_core.event_handler.log_command:Invoking command in '/home/kirill/VNIIA/Projects/black_plat/build/t21_lidar': CMAKE_PREFIX_PATH=${CMAKE_PREFIX_PATH}:/home/kirill/VNIIA/Projects/black_plat/install/t21_teleop:/opt/ros/humble /usr/bin/cmake --build /home/kirill/VNIIA/Projects/black_plat/build/t21_lidar -- -j8 -l8
[0.360s] DEBUG:colcon.colcon_core.event_handler.log_command:Invoking command in '/home/kirill/VNIIA/Projects/black_plat/build/t21_navigation': CMAKE_PREFIX_PATH=${CMAKE_PREFIX_PATH}:/home/kirill/VNIIA/Projects/black_plat/install/t21_teleop:/opt/ros/humble /usr/bin/cmake --build /home/kirill/VNIIA/Projects/black_plat/build/t21_navigation -- -j8 -l8
[0.371s] DEBUG:colcon.colcon_core.event_handler.log_command:Invoking command in '/home/kirill/VNIIA/Projects/black_plat/build/t21_rtabmap': CMAKE_PREFIX_PATH=${CMAKE_PREFIX_PATH}:/home/kirill/VNIIA/Projects/black_plat/install/t21_teleop:/opt/ros/humble /usr/bin/cmake --build /home/kirill/VNIIA/Projects/black_plat/build/t21_rtabmap -- -j8 -l8
[0.385s] DEBUG:colcon.colcon_core.event_handler.log_command:Invoked command in '/home/kirill/VNIIA/Projects/black_plat/build/velodyne_description' returned '0': CMAKE_PREFIX_PATH=${CMAKE_PREFIX_PATH}:/home/kirill/VNIIA/Projects/black_plat/install/t21_teleop:/opt/ros/humble /usr/bin/cmake --build /home/kirill/VNIIA/Projects/black_plat/build/velodyne_description -- -j8 -l8
[0.399s] DEBUG:colcon.colcon_core.event_handler.log_command:Invoking command in '/home/kirill/VNIIA/Projects/black_plat/build/velodyne_description': CMAKE_PREFIX_PATH=${CMAKE_PREFIX_PATH}:/home/kirill/VNIIA/Projects/black_plat/install/t21_teleop:/opt/ros/humble /usr/bin/cmake --install /home/kirill/VNIIA/Projects/black_plat/build/velodyne_description
[0.415s] DEBUG:colcon.colcon_core.event_handler.log_command:Invoked command in '/home/kirill/VNIIA/Projects/black_plat/build/t21_lidar' returned '0': CMAKE_PREFIX_PATH=${CMAKE_PREFIX_PATH}:/home/kirill/VNIIA/Projects/black_plat/install/t21_teleop:/opt/ros/humble /usr/bin/cmake --build /home/kirill/VNIIA/Projects/black_plat/build/t21_lidar -- -j8 -l8
[0.415s] DEBUG:colcon.colcon_core.event_handler.log_command:Invoking command in '/home/kirill/VNIIA/Projects/black_plat/build/t21_lidar': CMAKE_PREFIX_PATH=${CMAKE_PREFIX_PATH}:/home/kirill/VNIIA/Projects/black_plat/install/t21_teleop:/opt/ros/humble /usr/bin/cmake --install /home/kirill/VNIIA/Projects/black_plat/build/t21_lidar
[0.426s] Level 1:colcon.colcon_core.environment:create_environment_scripts_only(velodyne_description)
[0.431s] DEBUG:colcon.colcon_core.event_handler.log_command:Invoked command in '/home/kirill/VNIIA/Projects/black_plat/build/t21_rtabmap' returned '0': CMAKE_PREFIX_PATH=${CMAKE_PREFIX_PATH}:/home/kirill/VNIIA/Projects/black_plat/install/t21_teleop:/opt/ros/humble /usr/bin/cmake --build /home/kirill/VNIIA/Projects/black_plat/build/t21_rtabmap -- -j8 -l8
[0.431s] DEBUG:colcon.colcon_core.event_handler.log_command:Invoking command in '/home/kirill/VNIIA/Projects/black_plat/build/t21_rtabmap': CMAKE_PREFIX_PATH=${CMAKE_PREFIX_PATH}:/home/kirill/VNIIA/Projects/black_plat/install/t21_teleop:/opt/ros/humble /usr/bin/cmake --install /home/kirill/VNIIA/Projects/black_plat/build/t21_rtabmap
[0.433s] Level 1:colcon.colcon_core.environment:checking '/home/kirill/VNIIA/Projects/black_plat/install/velodyne_description' for CMake module files
[0.434s] Level 1:colcon.colcon_core.environment:checking '/home/kirill/VNIIA/Projects/black_plat/install/velodyne_description' for CMake config files
[0.434s] Level 1:colcon.colcon_core.shell:create_environment_hook('velodyne_description', 'cmake_prefix_path')
[0.435s] INFO:colcon.colcon_core.shell:Creating environment hook '/home/kirill/VNIIA/Projects/black_plat/install/velodyne_description/share/velodyne_description/hook/cmake_prefix_path.ps1'
[0.436s] INFO:colcon.colcon_core.shell:Creating environment descriptor '/home/kirill/VNIIA/Projects/black_plat/install/velodyne_description/share/velodyne_description/hook/cmake_prefix_path.dsv'
[0.437s] INFO:colcon.colcon_core.shell:Creating environment hook '/home/kirill/VNIIA/Projects/black_plat/install/velodyne_description/share/velodyne_description/hook/cmake_prefix_path.sh'
[0.438s] Level 1:colcon.colcon_core.environment:checking '/home/kirill/VNIIA/Projects/black_plat/install/velodyne_description/bin'
[0.438s] Level 1:colcon.colcon_core.environment:checking '/home/kirill/VNIIA/Projects/black_plat/install/velodyne_description/lib/pkgconfig/velodyne_description.pc'
[0.438s] Level 1:colcon.colcon_core.environment:checking '/home/kirill/VNIIA/Projects/black_plat/install/velodyne_description/lib/python3.10/site-packages'
[0.439s] Level 1:colcon.colcon_core.environment:checking '/home/kirill/VNIIA/Projects/black_plat/install/velodyne_description/bin'
[0.439s] INFO:colcon.colcon_core.shell:Creating package script '/home/kirill/VNIIA/Projects/black_plat/install/velodyne_description/share/velodyne_description/package.ps1'
[0.442s] INFO:colcon.colcon_core.shell:Creating package descriptor '/home/kirill/VNIIA/Projects/black_plat/install/velodyne_description/share/velodyne_description/package.dsv'
[0.443s] INFO:colcon.colcon_core.shell:Creating package script '/home/kirill/VNIIA/Projects/black_plat/install/velodyne_description/share/velodyne_description/package.sh'
[0.444s] INFO:colcon.colcon_core.shell:Creating package script '/home/kirill/VNIIA/Projects/black_plat/install/velodyne_description/share/velodyne_description/package.bash'
[0.445s] INFO:colcon.colcon_core.shell:Creating package script '/home/kirill/VNIIA/Projects/black_plat/install/velodyne_description/share/velodyne_description/package.zsh'
[0.446s] Level 1:colcon.colcon_core.environment:create_file_with_runtime_dependencies(/home/kirill/VNIIA/Projects/black_plat/install/velodyne_description/share/colcon-core/packages/velodyne_description)
[0.446s] Level 1:colcon.colcon_core.environment:create_environment_scripts_only(velodyne_description)
[0.447s] Level 1:colcon.colcon_core.environment:checking '/home/kirill/VNIIA/Projects/black_plat/install/velodyne_description' for CMake module files
[0.447s] Level 1:colcon.colcon_core.environment:checking '/home/kirill/VNIIA/Projects/black_plat/install/velodyne_description' for CMake config files
[0.449s] DEBUG:colcon.colcon_core.event_handler.log_command:Invoked command in '/home/kirill/VNIIA/Projects/black_plat/build/velodyne_description' returned '0': CMAKE_PREFIX_PATH=${CMAKE_PREFIX_PATH}:/home/kirill/VNIIA/Projects/black_plat/install/t21_teleop:/opt/ros/humble /usr/bin/cmake --install /home/kirill/VNIIA/Projects/black_plat/build/velodyne_description
[0.449s] Level 1:colcon.colcon_core.shell:create_environment_hook('velodyne_description', 'cmake_prefix_path')
[0.450s] INFO:colcon.colcon_core.shell:Creating environment hook '/home/kirill/VNIIA/Projects/black_plat/install/velodyne_description/share/velodyne_description/hook/cmake_prefix_path.ps1'
[0.450s] INFO:colcon.colcon_core.shell:Creating environment descriptor '/home/kirill/VNIIA/Projects/black_plat/install/velodyne_description/share/velodyne_description/hook/cmake_prefix_path.dsv'
[0.451s] INFO:colcon.colcon_core.shell:Creating environment hook '/home/kirill/VNIIA/Projects/black_plat/install/velodyne_description/share/velodyne_description/hook/cmake_prefix_path.sh'
[0.451s] Level 1:colcon.colcon_core.environment:checking '/home/kirill/VNIIA/Projects/black_plat/install/velodyne_description/bin'
[0.451s] Level 1:colcon.colcon_core.environment:checking '/home/kirill/VNIIA/Projects/black_plat/install/velodyne_description/lib/pkgconfig/velodyne_description.pc'
[0.451s] Level 1:colcon.colcon_core.environment:checking '/home/kirill/VNIIA/Projects/black_plat/install/velodyne_description/lib/python3.10/site-packages'
[0.452s] Level 1:colcon.colcon_core.environment:checking '/home/kirill/VNIIA/Projects/black_plat/install/velodyne_description/bin'
[0.452s] INFO:colcon.colcon_core.shell:Creating package script '/home/kirill/VNIIA/Projects/black_plat/install/velodyne_description/share/velodyne_description/package.ps1'
[0.453s] INFO:colcon.colcon_core.shell:Creating package descriptor '/home/kirill/VNIIA/Projects/black_plat/install/velodyne_description/share/velodyne_description/package.dsv'
[0.454s] INFO:colcon.colcon_core.shell:Creating package script '/home/kirill/VNIIA/Projects/black_plat/install/velodyne_description/share/velodyne_description/package.sh'
[0.454s] INFO:colcon.colcon_core.shell:Creating package script '/home/kirill/VNIIA/Projects/black_plat/install/velodyne_description/share/velodyne_description/package.bash'
[0.455s] INFO:colcon.colcon_core.shell:Creating package script '/home/kirill/VNIIA/Projects/black_plat/install/velodyne_description/share/velodyne_description/package.zsh'
[0.455s] Level 1:colcon.colcon_core.environment:create_file_with_runtime_dependencies(/home/kirill/VNIIA/Projects/black_plat/install/velodyne_description/share/colcon-core/packages/velodyne_description)
[0.458s] INFO:colcon.colcon_ros.task.ament_python.build:Building ROS package in '/home/kirill/VNIIA/Projects/black_plat/src/t21_teleop' with build type 'ament_python'
[0.458s] Level 1:colcon.colcon_core.shell:create_environment_hook('t21_teleop', 'ament_prefix_path')
[0.461s] INFO:colcon.colcon_core.shell:Creating environment hook '/home/kirill/VNIIA/Projects/black_plat/install/t21_teleop/share/t21_teleop/hook/ament_prefix_path.ps1'
[0.466s] INFO:colcon.colcon_core.shell:Creating environment descriptor '/home/kirill/VNIIA/Projects/black_plat/install/t21_teleop/share/t21_teleop/hook/ament_prefix_path.dsv'
[0.467s] INFO:colcon.colcon_core.shell:Creating environment hook '/home/kirill/VNIIA/Projects/black_plat/install/t21_teleop/share/t21_teleop/hook/ament_prefix_path.sh'
[0.469s] INFO:colcon.colcon_core.shell:Skip shell extension 'powershell' for command environment: Not usable outside of PowerShell
[0.470s] DEBUG:colcon.colcon_core.shell:Skip shell extension 'dsv' for command environment
[0.479s] Level 1:colcon.colcon_core.environment:create_environment_scripts_only(t21_lidar)
[0.480s] Level 1:colcon.colcon_core.environment:checking '/home/kirill/VNIIA/Projects/black_plat/install/t21_lidar' for CMake module files
[0.481s] Level 1:colcon.colcon_core.environment:checking '/home/kirill/VNIIA/Projects/black_plat/install/t21_lidar' for CMake config files
[0.481s] Level 1:colcon.colcon_core.shell:create_environment_hook('t21_lidar', 'cmake_prefix_path')
[0.482s] INFO:colcon.colcon_core.shell:Creating environment hook '/home/kirill/VNIIA/Projects/black_plat/install/t21_lidar/share/t21_lidar/hook/cmake_prefix_path.ps1'
[0.482s] DEBUG:colcon.colcon_core.event_handler.log_command:Invoked command in '/home/kirill/VNIIA/Projects/black_plat/build/t21_lidar' returned '0': CMAKE_PREFIX_PATH=${CMAKE_PREFIX_PATH}:/home/kirill/VNIIA/Projects/black_plat/install/t21_teleop:/opt/ros/humble /usr/bin/cmake --install /home/kirill/VNIIA/Projects/black_plat/build/t21_lidar
[0.483s] INFO:colcon.colcon_core.shell:Creating environment descriptor '/home/kirill/VNIIA/Projects/black_plat/install/t21_lidar/share/t21_lidar/hook/cmake_prefix_path.dsv'
[0.483s] INFO:colcon.colcon_core.shell:Creating environment hook '/home/kirill/VNIIA/Projects/black_plat/install/t21_lidar/share/t21_lidar/hook/cmake_prefix_path.sh'
[0.484s] Level 1:colcon.colcon_core.environment:checking '/home/kirill/VNIIA/Projects/black_plat/install/t21_lidar/bin'
[0.484s] Level 1:colcon.colcon_core.environment:checking '/home/kirill/VNIIA/Projects/black_plat/install/t21_lidar/lib/pkgconfig/t21_lidar.pc'
[0.485s] Level 1:colcon.colcon_core.environment:checking '/home/kirill/VNIIA/Projects/black_plat/install/t21_lidar/lib/python3.10/site-packages'
[0.485s] Level 1:colcon.colcon_core.environment:checking '/home/kirill/VNIIA/Projects/black_plat/install/t21_lidar/bin'
[0.485s] INFO:colcon.colcon_core.shell:Creating package script '/home/kirill/VNIIA/Projects/black_plat/install/t21_lidar/share/t21_lidar/package.ps1'
[0.486s] INFO:colcon.colcon_core.shell:Creating package descriptor '/home/kirill/VNIIA/Projects/black_plat/install/t21_lidar/share/t21_lidar/package.dsv'
[0.487s] INFO:colcon.colcon_core.shell:Creating package script '/home/kirill/VNIIA/Projects/black_plat/install/t21_lidar/share/t21_lidar/package.sh'
[0.487s] INFO:colcon.colcon_core.shell:Creating package script '/home/kirill/VNIIA/Projects/black_plat/install/t21_lidar/share/t21_lidar/package.bash'
[0.488s] INFO:colcon.colcon_core.shell:Creating package script '/home/kirill/VNIIA/Projects/black_plat/install/t21_lidar/share/t21_lidar/package.zsh'
[0.488s] Level 1:colcon.colcon_core.environment:create_file_with_runtime_dependencies(/home/kirill/VNIIA/Projects/black_plat/install/t21_lidar/share/colcon-core/packages/t21_lidar)
[0.488s] Level 1:colcon.colcon_core.environment:create_environment_scripts_only(t21_lidar)
[0.489s] Level 1:colcon.colcon_core.environment:checking '/home/kirill/VNIIA/Projects/black_plat/install/t21_lidar' for CMake module files
[0.489s] Level 1:colcon.colcon_core.environment:checking '/home/kirill/VNIIA/Projects/black_plat/install/t21_lidar' for CMake config files
[0.489s] Level 1:colcon.colcon_core.shell:create_environment_hook('t21_lidar', 'cmake_prefix_path')
[0.490s] INFO:colcon.colcon_core.shell:Creating environment hook '/home/kirill/VNIIA/Projects/black_plat/install/t21_lidar/share/t21_lidar/hook/cmake_prefix_path.ps1'
[0.490s] INFO:colcon.colcon_core.shell:Creating environment descriptor '/home/kirill/VNIIA/Projects/black_plat/install/t21_lidar/share/t21_lidar/hook/cmake_prefix_path.dsv'
[0.491s] INFO:colcon.colcon_core.shell:Creating environment hook '/home/kirill/VNIIA/Projects/black_plat/install/t21_lidar/share/t21_lidar/hook/cmake_prefix_path.sh'
[0.491s] Level 1:colcon.colcon_core.environment:checking '/home/kirill/VNIIA/Projects/black_plat/install/t21_lidar/bin'
[0.491s] Level 1:colcon.colcon_core.environment:checking '/home/kirill/VNIIA/Projects/black_plat/install/t21_lidar/lib/pkgconfig/t21_lidar.pc'
[0.491s] Level 1:colcon.colcon_core.environment:checking '/home/kirill/VNIIA/Projects/black_plat/install/t21_lidar/lib/python3.10/site-packages'
[0.492s] Level 1:colcon.colcon_core.environment:checking '/home/kirill/VNIIA/Projects/black_plat/install/t21_lidar/bin'
[0.492s] INFO:colcon.colcon_core.shell:Creating package script '/home/kirill/VNIIA/Projects/black_plat/install/t21_lidar/share/t21_lidar/package.ps1'
[0.493s] INFO:colcon.colcon_core.shell:Creating package descriptor '/home/kirill/VNIIA/Projects/black_plat/install/t21_lidar/share/t21_lidar/package.dsv'
[0.493s] INFO:colcon.colcon_core.shell:Creating package script '/home/kirill/VNIIA/Projects/black_plat/install/t21_lidar/share/t21_lidar/package.sh'
[0.494s] INFO:colcon.colcon_core.shell:Creating package script '/home/kirill/VNIIA/Projects/black_plat/install/t21_lidar/share/t21_lidar/package.bash'
[0.494s] INFO:colcon.colcon_core.shell:Creating package script '/home/kirill/VNIIA/Projects/black_plat/install/t21_lidar/share/t21_lidar/package.zsh'
[0.494s] Level 1:colcon.colcon_core.environment:create_file_with_runtime_dependencies(/home/kirill/VNIIA/Projects/black_plat/install/t21_lidar/share/colcon-core/packages/t21_lidar)
[0.496s] INFO:colcon.colcon_ros.task.ament_cmake.build:Building ROS package in '/home/kirill/VNIIA/Projects/black_plat/src/ros2_control/ros2_control_t21_hardware' with build type 'ament_cmake'
[0.496s] INFO:colcon.colcon_cmake.task.cmake.build:Building CMake package in '/home/kirill/VNIIA/Projects/black_plat/src/ros2_control/ros2_control_t21_hardware'
[0.496s] INFO:colcon.colcon_core.shell:Skip shell extension 'powershell' for command environment: Not usable outside of PowerShell
[0.496s] DEBUG:colcon.colcon_core.shell:Skip shell extension 'dsv' for command environment
[0.501s] Level 1:colcon.colcon_core.environment:create_environment_scripts_only(t21_rtabmap)
[0.501s] Level 1:colcon.colcon_core.environment:checking '/home/kirill/VNIIA/Projects/black_plat/install/t21_rtabmap' for CMake module files
[0.502s] Level 1:colcon.colcon_core.environment:checking '/home/kirill/VNIIA/Projects/black_plat/install/t21_rtabmap' for CMake config files
[0.502s] Level 1:colcon.colcon_core.shell:create_environment_hook('t21_rtabmap', 'cmake_prefix_path')
[0.502s] INFO:colcon.colcon_core.shell:Creating environment hook '/home/kirill/VNIIA/Projects/black_plat/install/t21_rtabmap/share/t21_rtabmap/hook/cmake_prefix_path.ps1'
[0.503s] DEBUG:colcon.colcon_core.event_handler.log_command:Invoked command in '/home/kirill/VNIIA/Projects/black_plat/build/t21_rtabmap' returned '0': CMAKE_PREFIX_PATH=${CMAKE_PREFIX_PATH}:/home/kirill/VNIIA/Projects/black_plat/install/t21_teleop:/opt/ros/humble /usr/bin/cmake --install /home/kirill/VNIIA/Projects/black_plat/build/t21_rtabmap
[0.503s] INFO:colcon.colcon_core.shell:Creating environment descriptor '/home/kirill/VNIIA/Projects/black_plat/install/t21_rtabmap/share/t21_rtabmap/hook/cmake_prefix_path.dsv'
[0.504s] INFO:colcon.colcon_core.shell:Creating environment hook '/home/kirill/VNIIA/Projects/black_plat/install/t21_rtabmap/share/t21_rtabmap/hook/cmake_prefix_path.sh'
[0.504s] Level 1:colcon.colcon_core.environment:checking '/home/kirill/VNIIA/Projects/black_plat/install/t21_rtabmap/bin'
[0.504s] Level 1:colcon.colcon_core.environment:checking '/home/kirill/VNIIA/Projects/black_plat/install/t21_rtabmap/lib/pkgconfig/t21_rtabmap.pc'
[0.505s] Level 1:colcon.colcon_core.environment:checking '/home/kirill/VNIIA/Projects/black_plat/install/t21_rtabmap/lib/python3.10/site-packages'
[0.505s] Level 1:colcon.colcon_core.environment:checking '/home/kirill/VNIIA/Projects/black_plat/install/t21_rtabmap/bin'
[0.505s] INFO:colcon.colcon_core.shell:Creating package script '/home/kirill/VNIIA/Projects/black_plat/install/t21_rtabmap/share/t21_rtabmap/package.ps1'
[0.506s] INFO:colcon.colcon_core.shell:Creating package descriptor '/home/kirill/VNIIA/Projects/black_plat/install/t21_rtabmap/share/t21_rtabmap/package.dsv'
[0.507s] INFO:colcon.colcon_core.shell:Creating package script '/home/kirill/VNIIA/Projects/black_plat/install/t21_rtabmap/share/t21_rtabmap/package.sh'
[0.507s] INFO:colcon.colcon_core.shell:Creating package script '/home/kirill/VNIIA/Projects/black_plat/install/t21_rtabmap/share/t21_rtabmap/package.bash'
[0.508s] INFO:colcon.colcon_core.shell:Creating package script '/home/kirill/VNIIA/Projects/black_plat/install/t21_rtabmap/share/t21_rtabmap/package.zsh'
[0.508s] Level 1:colcon.colcon_core.environment:create_file_with_runtime_dependencies(/home/kirill/VNIIA/Projects/black_plat/install/t21_rtabmap/share/colcon-core/packages/t21_rtabmap)
[0.509s] Level 1:colcon.colcon_core.environment:create_environment_scripts_only(t21_rtabmap)
[0.509s] Level 1:colcon.colcon_core.environment:checking '/home/kirill/VNIIA/Projects/black_plat/install/t21_rtabmap' for CMake module files
[0.509s] Level 1:colcon.colcon_core.environment:checking '/home/kirill/VNIIA/Projects/black_plat/install/t21_rtabmap' for CMake config files
[0.510s] Level 1:colcon.colcon_core.shell:create_environment_hook('t21_rtabmap', 'cmake_prefix_path')
[0.510s] INFO:colcon.colcon_core.shell:Creating environment hook '/home/kirill/VNIIA/Projects/black_plat/install/t21_rtabmap/share/t21_rtabmap/hook/cmake_prefix_path.ps1'
[0.510s] INFO:colcon.colcon_core.shell:Creating environment descriptor '/home/kirill/VNIIA/Projects/black_plat/install/t21_rtabmap/share/t21_rtabmap/hook/cmake_prefix_path.dsv'
[0.511s] INFO:colcon.colcon_core.shell:Creating environment hook '/home/kirill/VNIIA/Projects/black_plat/install/t21_rtabmap/share/t21_rtabmap/hook/cmake_prefix_path.sh'
[0.512s] Level 1:colcon.colcon_core.environment:checking '/home/kirill/VNIIA/Projects/black_plat/install/t21_rtabmap/bin'
[0.513s] Level 1:colcon.colcon_core.environment:checking '/home/kirill/VNIIA/Projects/black_plat/install/t21_rtabmap/lib/pkgconfig/t21_rtabmap.pc'
[0.513s] Level 1:colcon.colcon_core.environment:checking '/home/kirill/VNIIA/Projects/black_plat/install/t21_rtabmap/lib/python3.10/site-packages'
[0.514s] Level 1:colcon.colcon_core.environment:checking '/home/kirill/VNIIA/Projects/black_plat/install/t21_rtabmap/bin'
[0.514s] INFO:colcon.colcon_core.shell:Creating package script '/home/kirill/VNIIA/Projects/black_plat/install/t21_rtabmap/share/t21_rtabmap/package.ps1'
[0.515s] INFO:colcon.colcon_core.shell:Creating package descriptor '/home/kirill/VNIIA/Projects/black_plat/install/t21_rtabmap/share/t21_rtabmap/package.dsv'
[0.516s] INFO:colcon.colcon_core.shell:Creating package script '/home/kirill/VNIIA/Projects/black_plat/install/t21_rtabmap/share/t21_rtabmap/package.sh'
[0.517s] INFO:colcon.colcon_core.shell:Creating package script '/home/kirill/VNIIA/Projects/black_plat/install/t21_rtabmap/share/t21_rtabmap/package.bash'
[0.517s] INFO:colcon.colcon_core.shell:Creating package script '/home/kirill/VNIIA/Projects/black_plat/install/t21_rtabmap/share/t21_rtabmap/package.zsh'
[0.518s] Level 1:colcon.colcon_core.environment:create_file_with_runtime_dependencies(/home/kirill/VNIIA/Projects/black_plat/install/t21_rtabmap/share/colcon-core/packages/t21_rtabmap)
[0.520s] DEBUG:colcon.colcon_core.event_handler.log_command:Invoked command in '/home/kirill/VNIIA/Projects/black_plat/build/bluespace_ai_xsens_mti_driver' returned '0': CMAKE_PREFIX_PATH=${CMAKE_PREFIX_PATH}:/home/kirill/VNIIA/Projects/black_plat/install/t21_teleop:/opt/ros/humble /usr/bin/cmake --build /home/kirill/VNIIA/Projects/black_plat/build/bluespace_ai_xsens_mti_driver -- -j8 -l8
[0.521s] DEBUG:colcon.colcon_core.event_handler.log_command:Invoking command in '/home/kirill/VNIIA/Projects/black_plat/build/bluespace_ai_xsens_mti_driver': CMAKE_PREFIX_PATH=${CMAKE_PREFIX_PATH}:/home/kirill/VNIIA/Projects/black_plat/install/t21_teleop:/opt/ros/humble /usr/bin/cmake --install /home/kirill/VNIIA/Projects/black_plat/build/bluespace_ai_xsens_mti_driver
[0.522s] DEBUG:colcon.colcon_core.event_handler.log_command:Invoked command in '/home/kirill/VNIIA/Projects/black_plat/build/odometry_fus' returned '0': CMAKE_PREFIX_PATH=${CMAKE_PREFIX_PATH}:/home/kirill/VNIIA/Projects/black_plat/install/t21_teleop:/opt/ros/humble /usr/bin/cmake --build /home/kirill/VNIIA/Projects/black_plat/build/odometry_fus -- -j8 -l8
[0.524s] DEBUG:colcon.colcon_core.event_handler.log_command:Invoking command in '/home/kirill/VNIIA/Projects/black_plat/build/odometry_fus': CMAKE_PREFIX_PATH=${CMAKE_PREFIX_PATH}:/home/kirill/VNIIA/Projects/black_plat/install/t21_teleop:/opt/ros/humble /usr/bin/cmake --install /home/kirill/VNIIA/Projects/black_plat/build/odometry_fus
[0.527s] DEBUG:colcon.colcon_core.event_handler.log_command:Invoked command in '/home/kirill/VNIIA/Projects/black_plat/build/velodyne_gazebo_plugins' returned '0': CMAKE_PREFIX_PATH=${CMAKE_PREFIX_PATH}:/home/kirill/VNIIA/Projects/black_plat/install/t21_teleop:/opt/ros/humble /usr/bin/cmake --build /home/kirill/VNIIA/Projects/black_plat/build/velodyne_gazebo_plugins -- -j8 -l8
[0.529s] DEBUG:colcon.colcon_core.event_handler.log_command:Invoking command in '/home/kirill/VNIIA/Projects/black_plat/build/velodyne_gazebo_plugins': CMAKE_PREFIX_PATH=${CMAKE_PREFIX_PATH}:/home/kirill/VNIIA/Projects/black_plat/install/t21_teleop:/opt/ros/humble /usr/bin/cmake --install /home/kirill/VNIIA/Projects/black_plat/build/velodyne_gazebo_plugins
[0.530s] DEBUG:colcon.colcon_core.event_handler.log_command:Invoked command in '/home/kirill/VNIIA/Projects/black_plat/build/t21_navigation' returned '0': CMAKE_PREFIX_PATH=${CMAKE_PREFIX_PATH}:/home/kirill/VNIIA/Projects/black_plat/install/t21_teleop:/opt/ros/humble /usr/bin/cmake --build /home/kirill/VNIIA/Projects/black_plat/build/t21_navigation -- -j8 -l8
[0.533s] DEBUG:colcon.colcon_core.event_handler.log_command:Invoking command in '/home/kirill/VNIIA/Projects/black_plat/build/t21_navigation': CMAKE_PREFIX_PATH=${CMAKE_PREFIX_PATH}:/home/kirill/VNIIA/Projects/black_plat/install/t21_teleop:/opt/ros/humble /usr/bin/cmake --install /home/kirill/VNIIA/Projects/black_plat/build/t21_navigation
[0.774s] INFO:colcon.colcon_core.task.python.build:Building Python package in '/home/kirill/VNIIA/Projects/black_plat/src/t21_teleop'
[0.774s] INFO:colcon.colcon_core.shell:Skip shell extension 'powershell' for command environment: Not usable outside of PowerShell
[0.774s] DEBUG:colcon.colcon_core.shell:Skip shell extension 'dsv' for command environment
[0.780s] Level 1:colcon.colcon_core.environment:create_environment_scripts_only(bluespace_ai_xsens_mti_driver)
[0.780s] Level 1:colcon.colcon_core.environment:checking '/home/kirill/VNIIA/Projects/black_plat/install/bluespace_ai_xsens_mti_driver' for CMake module files
[0.781s] DEBUG:colcon.colcon_core.event_handler.log_command:Invoking command in '/home/kirill/VNIIA/Projects/black_plat/build/t21_tracked': CMAKE_PREFIX_PATH=${CMAKE_PREFIX_PATH}:/home/kirill/VNIIA/Projects/black_plat/install/t21_teleop:/opt/ros/humble /usr/bin/cmake --build /home/kirill/VNIIA/Projects/black_plat/build/t21_tracked -- -j8 -l8
[0.781s] Level 1:colcon.colcon_core.environment:checking '/home/kirill/VNIIA/Projects/black_plat/install/bluespace_ai_xsens_mti_driver' for CMake config files
[0.781s] DEBUG:colcon.colcon_core.event_handler.log_command:Invoked command in '/home/kirill/VNIIA/Projects/black_plat/build/bluespace_ai_xsens_mti_driver' returned '0': CMAKE_PREFIX_PATH=${CMAKE_PREFIX_PATH}:/home/kirill/VNIIA/Projects/black_plat/install/t21_teleop:/opt/ros/humble /usr/bin/cmake --install /home/kirill/VNIIA/Projects/black_plat/build/bluespace_ai_xsens_mti_driver
[0.781s] Level 1:colcon.colcon_core.shell:create_environment_hook('bluespace_ai_xsens_mti_driver', 'cmake_prefix_path')
[0.781s] INFO:colcon.colcon_core.shell:Creating environment hook '/home/kirill/VNIIA/Projects/black_plat/install/bluespace_ai_xsens_mti_driver/share/bluespace_ai_xsens_mti_driver/hook/cmake_prefix_path.ps1'
[0.781s] INFO:colcon.colcon_core.shell:Creating environment descriptor '/home/kirill/VNIIA/Projects/black_plat/install/bluespace_ai_xsens_mti_driver/share/bluespace_ai_xsens_mti_driver/hook/cmake_prefix_path.dsv'
[0.782s] INFO:colcon.colcon_core.shell:Creating environment hook '/home/kirill/VNIIA/Projects/black_plat/install/bluespace_ai_xsens_mti_driver/share/bluespace_ai_xsens_mti_driver/hook/cmake_prefix_path.sh'
[0.782s] Level 1:colcon.colcon_core.environment:checking '/home/kirill/VNIIA/Projects/black_plat/install/bluespace_ai_xsens_mti_driver/lib'
[0.782s] Level 1:colcon.colcon_core.environment:checking '/home/kirill/VNIIA/Projects/black_plat/install/bluespace_ai_xsens_mti_driver/bin'
[0.782s] Level 1:colcon.colcon_core.environment:checking '/home/kirill/VNIIA/Projects/black_plat/install/bluespace_ai_xsens_mti_driver/lib/pkgconfig/bluespace_ai_xsens_mti_driver.pc'
[0.782s] Level 1:colcon.colcon_core.environment:checking '/home/kirill/VNIIA/Projects/black_plat/install/bluespace_ai_xsens_mti_driver/lib/python3.10/site-packages'
[0.782s] Level 1:colcon.colcon_core.environment:checking '/home/kirill/VNIIA/Projects/black_plat/install/bluespace_ai_xsens_mti_driver/bin'
[0.783s] INFO:colcon.colcon_core.shell:Creating package script '/home/kirill/VNIIA/Projects/black_plat/install/bluespace_ai_xsens_mti_driver/share/bluespace_ai_xsens_mti_driver/package.ps1'
[0.783s] INFO:colcon.colcon_core.shell:Creating package descriptor '/home/kirill/VNIIA/Projects/black_plat/install/bluespace_ai_xsens_mti_driver/share/bluespace_ai_xsens_mti_driver/package.dsv'
[0.783s] INFO:colcon.colcon_core.shell:Creating package script '/home/kirill/VNIIA/Projects/black_plat/install/bluespace_ai_xsens_mti_driver/share/bluespace_ai_xsens_mti_driver/package.sh'
[0.783s] INFO:colcon.colcon_core.shell:Creating package script '/home/kirill/VNIIA/Projects/black_plat/install/bluespace_ai_xsens_mti_driver/share/bluespace_ai_xsens_mti_driver/package.bash'
[0.784s] INFO:colcon.colcon_core.shell:Creating package script '/home/kirill/VNIIA/Projects/black_plat/install/bluespace_ai_xsens_mti_driver/share/bluespace_ai_xsens_mti_driver/package.zsh'
[0.784s] Level 1:colcon.colcon_core.environment:create_file_with_runtime_dependencies(/home/kirill/VNIIA/Projects/black_plat/install/bluespace_ai_xsens_mti_driver/share/colcon-core/packages/bluespace_ai_xsens_mti_driver)
[0.784s] Level 1:colcon.colcon_core.environment:create_environment_scripts_only(bluespace_ai_xsens_mti_driver)
[0.784s] Level 1:colcon.colcon_core.environment:checking '/home/kirill/VNIIA/Projects/black_plat/install/bluespace_ai_xsens_mti_driver' for CMake module files
[0.784s] Level 1:colcon.colcon_core.environment:checking '/home/kirill/VNIIA/Projects/black_plat/install/bluespace_ai_xsens_mti_driver' for CMake config files
[0.785s] Level 1:colcon.colcon_core.shell:create_environment_hook('bluespace_ai_xsens_mti_driver', 'cmake_prefix_path')
[0.785s] INFO:colcon.colcon_core.shell:Creating environment hook '/home/kirill/VNIIA/Projects/black_plat/install/bluespace_ai_xsens_mti_driver/share/bluespace_ai_xsens_mti_driver/hook/cmake_prefix_path.ps1'
[0.785s] INFO:colcon.colcon_core.shell:Creating environment descriptor '/home/kirill/VNIIA/Projects/black_plat/install/bluespace_ai_xsens_mti_driver/share/bluespace_ai_xsens_mti_driver/hook/cmake_prefix_path.dsv'
[0.785s] INFO:colcon.colcon_core.shell:Creating environment hook '/home/kirill/VNIIA/Projects/black_plat/install/bluespace_ai_xsens_mti_driver/share/bluespace_ai_xsens_mti_driver/hook/cmake_prefix_path.sh'
[0.785s] Level 1:colcon.colcon_core.environment:checking '/home/kirill/VNIIA/Projects/black_plat/install/bluespace_ai_xsens_mti_driver/lib'
[0.785s] Level 1:colcon.colcon_core.environment:checking '/home/kirill/VNIIA/Projects/black_plat/install/bluespace_ai_xsens_mti_driver/bin'
[0.786s] Level 1:colcon.colcon_core.environment:checking '/home/kirill/VNIIA/Projects/black_plat/install/bluespace_ai_xsens_mti_driver/lib/pkgconfig/bluespace_ai_xsens_mti_driver.pc'
[0.786s] Level 1:colcon.colcon_core.environment:checking '/home/kirill/VNIIA/Projects/black_plat/install/bluespace_ai_xsens_mti_driver/lib/python3.10/site-packages'
[0.786s] Level 1:colcon.colcon_core.environment:checking '/home/kirill/VNIIA/Projects/black_plat/install/bluespace_ai_xsens_mti_driver/bin'
[0.786s] INFO:colcon.colcon_core.shell:Creating package script '/home/kirill/VNIIA/Projects/black_plat/install/bluespace_ai_xsens_mti_driver/share/bluespace_ai_xsens_mti_driver/package.ps1'
[0.786s] INFO:colcon.colcon_core.shell:Creating package descriptor '/home/kirill/VNIIA/Projects/black_plat/install/bluespace_ai_xsens_mti_driver/share/bluespace_ai_xsens_mti_driver/package.dsv'
[0.787s] INFO:colcon.colcon_core.shell:Creating package script '/home/kirill/VNIIA/Projects/black_plat/install/bluespace_ai_xsens_mti_driver/share/bluespace_ai_xsens_mti_driver/package.sh'
[0.787s] INFO:colcon.colcon_core.shell:Creating package script '/home/kirill/VNIIA/Projects/black_plat/install/bluespace_ai_xsens_mti_driver/share/bluespace_ai_xsens_mti_driver/package.bash'
[0.787s] INFO:colcon.colcon_core.shell:Creating package script '/home/kirill/VNIIA/Projects/black_plat/install/bluespace_ai_xsens_mti_driver/share/bluespace_ai_xsens_mti_driver/package.zsh'
[0.787s] Level 1:colcon.colcon_core.environment:create_file_with_runtime_dependencies(/home/kirill/VNIIA/Projects/black_plat/install/bluespace_ai_xsens_mti_driver/share/colcon-core/packages/bluespace_ai_xsens_mti_driver)
[0.788s] Level 1:colcon.colcon_core.environment:create_environment_scripts_only(odometry_fus)
[0.788s] Level 1:colcon.colcon_core.environment:checking '/home/kirill/VNIIA/Projects/black_plat/install/odometry_fus' for CMake module files
[0.789s] DEBUG:colcon.colcon_core.event_handler.log_command:Invoked command in '/home/kirill/VNIIA/Projects/black_plat/build/odometry_fus' returned '0': CMAKE_PREFIX_PATH=${CMAKE_PREFIX_PATH}:/home/kirill/VNIIA/Projects/black_plat/install/t21_teleop:/opt/ros/humble /usr/bin/cmake --install /home/kirill/VNIIA/Projects/black_plat/build/odometry_fus
[0.789s] Level 1:colcon.colcon_core.environment:checking '/home/kirill/VNIIA/Projects/black_plat/install/odometry_fus' for CMake config files
[0.789s] Level 1:colcon.colcon_core.shell:create_environment_hook('odometry_fus', 'cmake_prefix_path')
[0.789s] INFO:colcon.colcon_core.shell:Creating environment hook '/home/kirill/VNIIA/Projects/black_plat/install/odometry_fus/share/odometry_fus/hook/cmake_prefix_path.ps1'
[0.789s] INFO:colcon.colcon_core.shell:Creating environment descriptor '/home/kirill/VNIIA/Projects/black_plat/install/odometry_fus/share/odometry_fus/hook/cmake_prefix_path.dsv'
[0.789s] INFO:colcon.colcon_core.shell:Creating environment hook '/home/kirill/VNIIA/Projects/black_plat/install/odometry_fus/share/odometry_fus/hook/cmake_prefix_path.sh'
[0.790s] Level 1:colcon.colcon_core.environment:checking '/home/kirill/VNIIA/Projects/black_plat/install/odometry_fus/lib'
[0.790s] Level 1:colcon.colcon_core.environment:checking '/home/kirill/VNIIA/Projects/black_plat/install/odometry_fus/bin'
[0.790s] Level 1:colcon.colcon_core.environment:checking '/home/kirill/VNIIA/Projects/black_plat/install/odometry_fus/lib/pkgconfig/odometry_fus.pc'
[0.790s] Level 1:colcon.colcon_core.environment:checking '/home/kirill/VNIIA/Projects/black_plat/install/odometry_fus/lib/python3.10/site-packages'
[0.790s] Level 1:colcon.colcon_core.environment:checking '/home/kirill/VNIIA/Projects/black_plat/install/odometry_fus/bin'
[0.790s] INFO:colcon.colcon_core.shell:Creating package script '/home/kirill/VNIIA/Projects/black_plat/install/odometry_fus/share/odometry_fus/package.ps1'
[0.791s] INFO:colcon.colcon_core.shell:Creating package descriptor '/home/kirill/VNIIA/Projects/black_plat/install/odometry_fus/share/odometry_fus/package.dsv'
[0.791s] INFO:colcon.colcon_core.shell:Creating package script '/home/kirill/VNIIA/Projects/black_plat/install/odometry_fus/share/odometry_fus/package.sh'
[0.791s] INFO:colcon.colcon_core.shell:Creating package script '/home/kirill/VNIIA/Projects/black_plat/install/odometry_fus/share/odometry_fus/package.bash'
[0.791s] INFO:colcon.colcon_core.shell:Creating package script '/home/kirill/VNIIA/Projects/black_plat/install/odometry_fus/share/odometry_fus/package.zsh'
[0.791s] Level 1:colcon.colcon_core.environment:create_file_with_runtime_dependencies(/home/kirill/VNIIA/Projects/black_plat/install/odometry_fus/share/colcon-core/packages/odometry_fus)
[0.792s] Level 1:colcon.colcon_core.environment:create_environment_scripts_only(odometry_fus)
[0.792s] Level 1:colcon.colcon_core.environment:checking '/home/kirill/VNIIA/Projects/black_plat/install/odometry_fus' for CMake module files
[0.792s] Level 1:colcon.colcon_core.environment:checking '/home/kirill/VNIIA/Projects/black_plat/install/odometry_fus' for CMake config files
[0.792s] Level 1:colcon.colcon_core.shell:create_environment_hook('odometry_fus', 'cmake_prefix_path')
[0.792s] INFO:colcon.colcon_core.shell:Creating environment hook '/home/kirill/VNIIA/Projects/black_plat/install/odometry_fus/share/odometry_fus/hook/cmake_prefix_path.ps1'
[0.793s] INFO:colcon.colcon_core.shell:Creating environment descriptor '/home/kirill/VNIIA/Projects/black_plat/install/odometry_fus/share/odometry_fus/hook/cmake_prefix_path.dsv'
[0.793s] INFO:colcon.colcon_core.shell:Creating environment hook '/home/kirill/VNIIA/Projects/black_plat/install/odometry_fus/share/odometry_fus/hook/cmake_prefix_path.sh'
[0.793s] Level 1:colcon.colcon_core.environment:checking '/home/kirill/VNIIA/Projects/black_plat/install/odometry_fus/lib'
[0.793s] Level 1:colcon.colcon_core.environment:checking '/home/kirill/VNIIA/Projects/black_plat/install/odometry_fus/bin'
[0.793s] Level 1:colcon.colcon_core.environment:checking '/home/kirill/VNIIA/Projects/black_plat/install/odometry_fus/lib/pkgconfig/odometry_fus.pc'
[0.793s] Level 1:colcon.colcon_core.environment:checking '/home/kirill/VNIIA/Projects/black_plat/install/odometry_fus/lib/python3.10/site-packages'
[0.793s] Level 1:colcon.colcon_core.environment:checking '/home/kirill/VNIIA/Projects/black_plat/install/odometry_fus/bin'
[0.794s] INFO:colcon.colcon_core.shell:Creating package script '/home/kirill/VNIIA/Projects/black_plat/install/odometry_fus/share/odometry_fus/package.ps1'
[0.794s] INFO:colcon.colcon_core.shell:Creating package descriptor '/home/kirill/VNIIA/Projects/black_plat/install/odometry_fus/share/odometry_fus/package.dsv'
[0.794s] INFO:colcon.colcon_core.shell:Creating package script '/home/kirill/VNIIA/Projects/black_plat/install/odometry_fus/share/odometry_fus/package.sh'
[0.794s] INFO:colcon.colcon_core.shell:Creating package script '/home/kirill/VNIIA/Projects/black_plat/install/odometry_fus/share/odometry_fus/package.bash'
[0.795s] INFO:colcon.colcon_core.shell:Creating package script '/home/kirill/VNIIA/Projects/black_plat/install/odometry_fus/share/odometry_fus/package.zsh'
[0.795s] Level 1:colcon.colcon_core.environment:create_file_with_runtime_dependencies(/home/kirill/VNIIA/Projects/black_plat/install/odometry_fus/share/colcon-core/packages/odometry_fus)
[0.795s] Level 1:colcon.colcon_core.environment:create_environment_scripts_only(t21_navigation)
[0.795s] Level 1:colcon.colcon_core.environment:checking '/home/kirill/VNIIA/Projects/black_plat/install/t21_navigation' for CMake module files
[0.796s] DEBUG:colcon.colcon_core.event_handler.log_command:Invoked command in '/home/kirill/VNIIA/Projects/black_plat/build/t21_navigation' returned '0': CMAKE_PREFIX_PATH=${CMAKE_PREFIX_PATH}:/home/kirill/VNIIA/Projects/black_plat/install/t21_teleop:/opt/ros/humble /usr/bin/cmake --install /home/kirill/VNIIA/Projects/black_plat/build/t21_navigation
[0.796s] Level 1:colcon.colcon_core.environment:checking '/home/kirill/VNIIA/Projects/black_plat/install/t21_navigation' for CMake config files
[0.796s] Level 1:colcon.colcon_core.shell:create_environment_hook('t21_navigation', 'cmake_prefix_path')
[0.796s] INFO:colcon.colcon_core.shell:Creating environment hook '/home/kirill/VNIIA/Projects/black_plat/install/t21_navigation/share/t21_navigation/hook/cmake_prefix_path.ps1'
[0.796s] INFO:colcon.colcon_core.shell:Creating environment descriptor '/home/kirill/VNIIA/Projects/black_plat/install/t21_navigation/share/t21_navigation/hook/cmake_prefix_path.dsv'
[0.797s] INFO:colcon.colcon_core.shell:Creating environment hook '/home/kirill/VNIIA/Projects/black_plat/install/t21_navigation/share/t21_navigation/hook/cmake_prefix_path.sh'
[0.797s] Level 1:colcon.colcon_core.environment:checking '/home/kirill/VNIIA/Projects/black_plat/install/t21_navigation/lib'
[0.797s] Level 1:colcon.colcon_core.environment:checking '/home/kirill/VNIIA/Projects/black_plat/install/t21_navigation/bin'
[0.797s] Level 1:colcon.colcon_core.environment:checking '/home/kirill/VNIIA/Projects/black_plat/install/t21_navigation/lib/pkgconfig/t21_navigation.pc'
[0.797s] Level 1:colcon.colcon_core.environment:checking '/home/kirill/VNIIA/Projects/black_plat/install/t21_navigation/lib/python3.10/site-packages'
[0.797s] Level 1:colcon.colcon_core.environment:checking '/home/kirill/VNIIA/Projects/black_plat/install/t21_navigation/bin'
[0.798s] INFO:colcon.colcon_core.shell:Creating package script '/home/kirill/VNIIA/Projects/black_plat/install/t21_navigation/share/t21_navigation/package.ps1'
[0.798s] INFO:colcon.colcon_core.shell:Creating package descriptor '/home/kirill/VNIIA/Projects/black_plat/install/t21_navigation/share/t21_navigation/package.dsv'
[0.798s] INFO:colcon.colcon_core.shell:Creating package script '/home/kirill/VNIIA/Projects/black_plat/install/t21_navigation/share/t21_navigation/package.sh'
[0.798s] INFO:colcon.colcon_core.shell:Creating package script '/home/kirill/VNIIA/Projects/black_plat/install/t21_navigation/share/t21_navigation/package.bash'
[0.798s] INFO:colcon.colcon_core.shell:Creating package script '/home/kirill/VNIIA/Projects/black_plat/install/t21_navigation/share/t21_navigation/package.zsh'
[0.799s] Level 1:colcon.colcon_core.environment:create_file_with_runtime_dependencies(/home/kirill/VNIIA/Projects/black_plat/install/t21_navigation/share/colcon-core/packages/t21_navigation)
[0.799s] Level 1:colcon.colcon_core.environment:create_environment_scripts_only(t21_navigation)
[0.799s] Level 1:colcon.colcon_core.environment:checking '/home/kirill/VNIIA/Projects/black_plat/install/t21_navigation' for CMake module files
[0.799s] Level 1:colcon.colcon_core.environment:checking '/home/kirill/VNIIA/Projects/black_plat/install/t21_navigation' for CMake config files
[0.800s] Level 1:colcon.colcon_core.shell:create_environment_hook('t21_navigation', 'cmake_prefix_path')
[0.800s] INFO:colcon.colcon_core.shell:Creating environment hook '/home/kirill/VNIIA/Projects/black_plat/install/t21_navigation/share/t21_navigation/hook/cmake_prefix_path.ps1'
[0.800s] INFO:colcon.colcon_core.shell:Creating environment descriptor '/home/kirill/VNIIA/Projects/black_plat/install/t21_navigation/share/t21_navigation/hook/cmake_prefix_path.dsv'
[0.800s] INFO:colcon.colcon_core.shell:Creating environment hook '/home/kirill/VNIIA/Projects/black_plat/install/t21_navigation/share/t21_navigation/hook/cmake_prefix_path.sh'
[0.801s] Level 1:colcon.colcon_core.environment:checking '/home/kirill/VNIIA/Projects/black_plat/install/t21_navigation/lib'
[0.801s] Level 1:colcon.colcon_core.environment:checking '/home/kirill/VNIIA/Projects/black_plat/install/t21_navigation/bin'
[0.801s] Level 1:colcon.colcon_core.environment:checking '/home/kirill/VNIIA/Projects/black_plat/install/t21_navigation/lib/pkgconfig/t21_navigation.pc'
[0.801s] Level 1:colcon.colcon_core.environment:checking '/home/kirill/VNIIA/Projects/black_plat/install/t21_navigation/lib/python3.10/site-packages'
[0.801s] Level 1:colcon.colcon_core.environment:checking '/home/kirill/VNIIA/Projects/black_plat/install/t21_navigation/bin'
[0.801s] INFO:colcon.colcon_core.shell:Creating package script '/home/kirill/VNIIA/Projects/black_plat/install/t21_navigation/share/t21_navigation/package.ps1'
[0.802s] INFO:colcon.colcon_core.shell:Creating package descriptor '/home/kirill/VNIIA/Projects/black_plat/install/t21_navigation/share/t21_navigation/package.dsv'
[0.802s] INFO:colcon.colcon_core.shell:Creating package script '/home/kirill/VNIIA/Projects/black_plat/install/t21_navigation/share/t21_navigation/package.sh'
[0.802s] INFO:colcon.colcon_core.shell:Creating package script '/home/kirill/VNIIA/Projects/black_plat/install/t21_navigation/share/t21_navigation/package.bash'
[0.803s] INFO:colcon.colcon_core.shell:Creating package script '/home/kirill/VNIIA/Projects/black_plat/install/t21_navigation/share/t21_navigation/package.zsh'
[0.803s] Level 1:colcon.colcon_core.environment:create_file_with_runtime_dependencies(/home/kirill/VNIIA/Projects/black_plat/install/t21_navigation/share/colcon-core/packages/t21_navigation)
[0.803s] Level 1:colcon.colcon_core.environment:create_environment_scripts_only(velodyne_gazebo_plugins)
[0.803s] Level 1:colcon.colcon_core.environment:checking '/home/kirill/VNIIA/Projects/black_plat/install/velodyne_gazebo_plugins' for CMake module files
[0.804s] DEBUG:colcon.colcon_core.event_handler.log_command:Invoked command in '/home/kirill/VNIIA/Projects/black_plat/build/velodyne_gazebo_plugins' returned '0': CMAKE_PREFIX_PATH=${CMAKE_PREFIX_PATH}:/home/kirill/VNIIA/Projects/black_plat/install/t21_teleop:/opt/ros/humble /usr/bin/cmake --install /home/kirill/VNIIA/Projects/black_plat/build/velodyne_gazebo_plugins
[0.804s] Level 1:colcon.colcon_core.environment:checking '/home/kirill/VNIIA/Projects/black_plat/install/velodyne_gazebo_plugins' for CMake config files
[0.804s] Level 1:colcon.colcon_core.shell:create_environment_hook('velodyne_gazebo_plugins', 'cmake_prefix_path')
[0.804s] INFO:colcon.colcon_core.shell:Creating environment hook '/home/kirill/VNIIA/Projects/black_plat/install/velodyne_gazebo_plugins/share/velodyne_gazebo_plugins/hook/cmake_prefix_path.ps1'
[0.805s] INFO:colcon.colcon_core.shell:Creating environment descriptor '/home/kirill/VNIIA/Projects/black_plat/install/velodyne_gazebo_plugins/share/velodyne_gazebo_plugins/hook/cmake_prefix_path.dsv'
[0.805s] INFO:colcon.colcon_core.shell:Creating environment hook '/home/kirill/VNIIA/Projects/black_plat/install/velodyne_gazebo_plugins/share/velodyne_gazebo_plugins/hook/cmake_prefix_path.sh'
[0.805s] Level 1:colcon.colcon_core.environment:checking '/home/kirill/VNIIA/Projects/black_plat/install/velodyne_gazebo_plugins/lib'
[0.805s] Level 1:colcon.colcon_core.shell:create_environment_hook('velodyne_gazebo_plugins', 'ld_library_path_lib')
[0.806s] INFO:colcon.colcon_core.shell:Creating environment hook '/home/kirill/VNIIA/Projects/black_plat/install/velodyne_gazebo_plugins/share/velodyne_gazebo_plugins/hook/ld_library_path_lib.ps1'
[0.806s] INFO:colcon.colcon_core.shell:Creating environment descriptor '/home/kirill/VNIIA/Projects/black_plat/install/velodyne_gazebo_plugins/share/velodyne_gazebo_plugins/hook/ld_library_path_lib.dsv'
[0.806s] INFO:colcon.colcon_core.shell:Creating environment hook '/home/kirill/VNIIA/Projects/black_plat/install/velodyne_gazebo_plugins/share/velodyne_gazebo_plugins/hook/ld_library_path_lib.sh'
[0.806s] Level 1:colcon.colcon_core.environment:checking '/home/kirill/VNIIA/Projects/black_plat/install/velodyne_gazebo_plugins/bin'
[0.806s] Level 1:colcon.colcon_core.environment:checking '/home/kirill/VNIIA/Projects/black_plat/install/velodyne_gazebo_plugins/lib/pkgconfig/velodyne_gazebo_plugins.pc'
[0.806s] Level 1:colcon.colcon_core.environment:checking '/home/kirill/VNIIA/Projects/black_plat/install/velodyne_gazebo_plugins/lib/python3.10/site-packages'
[0.807s] Level 1:colcon.colcon_core.environment:checking '/home/kirill/VNIIA/Projects/black_plat/install/velodyne_gazebo_plugins/bin'
[0.807s] INFO:colcon.colcon_core.shell:Creating package script '/home/kirill/VNIIA/Projects/black_plat/install/velodyne_gazebo_plugins/share/velodyne_gazebo_plugins/package.ps1'
[0.807s] INFO:colcon.colcon_core.shell:Creating package descriptor '/home/kirill/VNIIA/Projects/black_plat/install/velodyne_gazebo_plugins/share/velodyne_gazebo_plugins/package.dsv'
[0.808s] INFO:colcon.colcon_core.shell:Creating package script '/home/kirill/VNIIA/Projects/black_plat/install/velodyne_gazebo_plugins/share/velodyne_gazebo_plugins/package.sh'
[0.808s] INFO:colcon.colcon_core.shell:Creating package script '/home/kirill/VNIIA/Projects/black_plat/install/velodyne_gazebo_plugins/share/velodyne_gazebo_plugins/package.bash'
[0.808s] INFO:colcon.colcon_core.shell:Creating package script '/home/kirill/VNIIA/Projects/black_plat/install/velodyne_gazebo_plugins/share/velodyne_gazebo_plugins/package.zsh'
[0.808s] Level 1:colcon.colcon_core.environment:create_file_with_runtime_dependencies(/home/kirill/VNIIA/Projects/black_plat/install/velodyne_gazebo_plugins/share/colcon-core/packages/velodyne_gazebo_plugins)
[0.809s] Level 1:colcon.colcon_core.environment:create_environment_scripts_only(velodyne_gazebo_plugins)
[0.809s] Level 1:colcon.colcon_core.environment:checking '/home/kirill/VNIIA/Projects/black_plat/install/velodyne_gazebo_plugins' for CMake module files
[0.809s] Level 1:colcon.colcon_core.environment:checking '/home/kirill/VNIIA/Projects/black_plat/install/velodyne_gazebo_plugins' for CMake config files
[0.810s] Level 1:colcon.colcon_core.shell:create_environment_hook('velodyne_gazebo_plugins', 'cmake_prefix_path')
[0.810s] INFO:colcon.colcon_core.shell:Creating environment hook '/home/kirill/VNIIA/Projects/black_plat/install/velodyne_gazebo_plugins/share/velodyne_gazebo_plugins/hook/cmake_prefix_path.ps1'
[0.810s] INFO:colcon.colcon_core.shell:Creating environment descriptor '/home/kirill/VNIIA/Projects/black_plat/install/velodyne_gazebo_plugins/share/velodyne_gazebo_plugins/hook/cmake_prefix_path.dsv'
[0.810s] INFO:colcon.colcon_core.shell:Creating environment hook '/home/kirill/VNIIA/Projects/black_plat/install/velodyne_gazebo_plugins/share/velodyne_gazebo_plugins/hook/cmake_prefix_path.sh'
[0.811s] Level 1:colcon.colcon_core.environment:checking '/home/kirill/VNIIA/Projects/black_plat/install/velodyne_gazebo_plugins/lib'
[0.811s] Level 1:colcon.colcon_core.shell:create_environment_hook('velodyne_gazebo_plugins', 'ld_library_path_lib')
[0.811s] INFO:colcon.colcon_core.shell:Creating environment hook '/home/kirill/VNIIA/Projects/black_plat/install/velodyne_gazebo_plugins/share/velodyne_gazebo_plugins/hook/ld_library_path_lib.ps1'
[0.811s] INFO:colcon.colcon_core.shell:Creating environment descriptor '/home/kirill/VNIIA/Projects/black_plat/install/velodyne_gazebo_plugins/share/velodyne_gazebo_plugins/hook/ld_library_path_lib.dsv'
[0.811s] INFO:colcon.colcon_core.shell:Creating environment hook '/home/kirill/VNIIA/Projects/black_plat/install/velodyne_gazebo_plugins/share/velodyne_gazebo_plugins/hook/ld_library_path_lib.sh'
[0.811s] Level 1:colcon.colcon_core.environment:checking '/home/kirill/VNIIA/Projects/black_plat/install/velodyne_gazebo_plugins/bin'
[0.811s] Level 1:colcon.colcon_core.environment:checking '/home/kirill/VNIIA/Projects/black_plat/install/velodyne_gazebo_plugins/lib/pkgconfig/velodyne_gazebo_plugins.pc'
[0.812s] Level 1:colcon.colcon_core.environment:checking '/home/kirill/VNIIA/Projects/black_plat/install/velodyne_gazebo_plugins/lib/python3.10/site-packages'
[0.812s] Level 1:colcon.colcon_core.environment:checking '/home/kirill/VNIIA/Projects/black_plat/install/velodyne_gazebo_plugins/bin'
[0.812s] INFO:colcon.colcon_core.shell:Creating package script '/home/kirill/VNIIA/Projects/black_plat/install/velodyne_gazebo_plugins/share/velodyne_gazebo_plugins/package.ps1'
[0.812s] INFO:colcon.colcon_core.shell:Creating package descriptor '/home/kirill/VNIIA/Projects/black_plat/install/velodyne_gazebo_plugins/share/velodyne_gazebo_plugins/package.dsv'
[0.813s] INFO:colcon.colcon_core.shell:Creating package script '/home/kirill/VNIIA/Projects/black_plat/install/velodyne_gazebo_plugins/share/velodyne_gazebo_plugins/package.sh'
[0.813s] INFO:colcon.colcon_core.shell:Creating package script '/home/kirill/VNIIA/Projects/black_plat/install/velodyne_gazebo_plugins/share/velodyne_gazebo_plugins/package.bash'
[0.813s] INFO:colcon.colcon_core.shell:Creating package script '/home/kirill/VNIIA/Projects/black_plat/install/velodyne_gazebo_plugins/share/velodyne_gazebo_plugins/package.zsh'
[0.813s] Level 1:colcon.colcon_core.environment:create_file_with_runtime_dependencies(/home/kirill/VNIIA/Projects/black_plat/install/velodyne_gazebo_plugins/share/colcon-core/packages/velodyne_gazebo_plugins)
[0.814s] INFO:colcon.colcon_ros.task.ament_cmake.build:Building ROS package in '/home/kirill/VNIIA/Projects/black_plat/src/tracked_description' with build type 'ament_cmake'
[0.814s] INFO:colcon.colcon_cmake.task.cmake.build:Building CMake package in '/home/kirill/VNIIA/Projects/black_plat/src/tracked_description'
[0.814s] INFO:colcon.colcon_core.shell:Skip shell extension 'powershell' for command environment: Not usable outside of PowerShell
[0.815s] DEBUG:colcon.colcon_core.shell:Skip shell extension 'dsv' for command environment
[0.818s] INFO:colcon.colcon_ros.task.ament_cmake.build:Building ROS package in '/home/kirill/VNIIA/Projects/black_plat/src/velodyne_simulator/velodyne_simulator' with build type 'ament_cmake'
[0.818s] INFO:colcon.colcon_cmake.task.cmake.build:Building CMake package in '/home/kirill/VNIIA/Projects/black_plat/src/velodyne_simulator/velodyne_simulator'
[0.819s] INFO:colcon.colcon_core.shell:Skip shell extension 'powershell' for command environment: Not usable outside of PowerShell
[0.819s] DEBUG:colcon.colcon_core.shell:Skip shell extension 'dsv' for command environment
[0.822s] DEBUG:colcon.colcon_core.event_handler.log_command:Invoked command in '/home/kirill/VNIIA/Projects/black_plat/build/lio_sam' returned '0': CMAKE_PREFIX_PATH=${CMAKE_PREFIX_PATH}:/home/kirill/VNIIA/Projects/black_plat/install/t21_teleop:/opt/ros/humble /usr/bin/cmake --build /home/kirill/VNIIA/Projects/black_plat/build/lio_sam -- -j8 -l8
[0.823s] DEBUG:colcon.colcon_core.event_handler.log_command:Invoking command in '/home/kirill/VNIIA/Projects/black_plat/build/lio_sam': CMAKE_PREFIX_PATH=${CMAKE_PREFIX_PATH}:/home/kirill/VNIIA/Projects/black_plat/install/t21_teleop:/opt/ros/humble /usr/bin/cmake --install /home/kirill/VNIIA/Projects/black_plat/build/lio_sam
[0.828s] DEBUG:colcon.colcon_core.event_handler.log_command:Invoking command in '/home/kirill/VNIIA/Projects/black_plat/build/tracked_description': CMAKE_PREFIX_PATH=/home/kirill/VNIIA/Projects/black_plat/install/bluespace_ai_xsens_mti_driver:/home/kirill/VNIIA/Projects/black_plat/install/velodyne_simulator:/home/kirill/VNIIA/Projects/black_plat/install/velodyne_gazebo_plugins:/home/kirill/VNIIA/Projects/black_plat/install/velodyne_description:/home/kirill/VNIIA/Projects/black_plat/install/t21_sim:/home/kirill/VNIIA/Projects/black_plat/install/tracked_description:/home/kirill/VNIIA/Projects/black_plat/install/t21_tracked:/home/kirill/VNIIA/Projects/black_plat/install/t21_rtabmap:/home/kirill/VNIIA/Projects/black_plat/install/t21_navigation:/home/kirill/VNIIA/Projects/black_plat/install/t21_lidar:/home/kirill/VNIIA/Projects/black_plat/install/odometry_fus:/home/kirill/VNIIA/Projects/black_plat/install/lio_sam:/home/kirill/VNIIA/Projects/black_plat/install/t21_teleop:/opt/ros/humble /usr/bin/cmake --build /home/kirill/VNIIA/Projects/black_plat/build/tracked_description -- -j8 -l8
[0.831s] DEBUG:colcon.colcon_core.event_handler.log_command:Invoking command in '/home/kirill/VNIIA/Projects/black_plat/build/velodyne_simulator': CMAKE_PREFIX_PATH=/home/kirill/VNIIA/Projects/black_plat/install/velodyne_gazebo_plugins:/home/kirill/VNIIA/Projects/black_plat/install/velodyne_description:/home/kirill/VNIIA/Projects/black_plat/install/velodyne_simulator:/home/kirill/VNIIA/Projects/black_plat/install/t21_sim:/home/kirill/VNIIA/Projects/black_plat/install/tracked_description:/home/kirill/VNIIA/Projects/black_plat/install/t21_tracked:/home/kirill/VNIIA/Projects/black_plat/install/t21_rtabmap:/home/kirill/VNIIA/Projects/black_plat/install/t21_navigation:/home/kirill/VNIIA/Projects/black_plat/install/t21_lidar:/home/kirill/VNIIA/Projects/black_plat/install/odometry_fus:/home/kirill/VNIIA/Projects/black_plat/install/lio_sam:/home/kirill/VNIIA/Projects/black_plat/install/bluespace_ai_xsens_mti_driver:/home/kirill/VNIIA/Projects/black_plat/install/t21_teleop:/opt/ros/humble /usr/bin/cmake --build /home/kirill/VNIIA/Projects/black_plat/build/velodyne_simulator -- -j8 -l8
[0.841s] DEBUG:colcon.colcon_core.event_handler.log_command:Invoked command in '/home/kirill/VNIIA/Projects/black_plat/build/t21_tracked' returned '0': CMAKE_PREFIX_PATH=${CMAKE_PREFIX_PATH}:/home/kirill/VNIIA/Projects/black_plat/install/t21_teleop:/opt/ros/humble /usr/bin/cmake --build /home/kirill/VNIIA/Projects/black_plat/build/t21_tracked -- -j8 -l8
[0.843s] DEBUG:colcon.colcon_core.event_handler.log_command:Invoking command in '/home/kirill/VNIIA/Projects/black_plat/build/t21_tracked': CMAKE_PREFIX_PATH=${CMAKE_PREFIX_PATH}:/home/kirill/VNIIA/Projects/black_plat/install/t21_teleop:/opt/ros/humble /usr/bin/cmake --install /home/kirill/VNIIA/Projects/black_plat/build/t21_tracked
[0.855s] Level 1:colcon.colcon_core.environment:create_environment_scripts_only(t21_tracked)
[0.856s] Level 1:colcon.colcon_core.environment:checking '/home/kirill/VNIIA/Projects/black_plat/install/t21_tracked' for CMake module files
[0.856s] DEBUG:colcon.colcon_core.event_handler.log_command:Invoked command in '/home/kirill/VNIIA/Projects/black_plat/build/t21_tracked' returned '0': CMAKE_PREFIX_PATH=${CMAKE_PREFIX_PATH}:/home/kirill/VNIIA/Projects/black_plat/install/t21_teleop:/opt/ros/humble /usr/bin/cmake --install /home/kirill/VNIIA/Projects/black_plat/build/t21_tracked
[0.857s] Level 1:colcon.colcon_core.environment:checking '/home/kirill/VNIIA/Projects/black_plat/install/t21_tracked' for CMake config files
[0.857s] Level 1:colcon.colcon_core.shell:create_environment_hook('t21_tracked', 'cmake_prefix_path')
[0.857s] INFO:colcon.colcon_core.shell:Creating environment hook '/home/kirill/VNIIA/Projects/black_plat/install/t21_tracked/share/t21_tracked/hook/cmake_prefix_path.ps1'
[0.858s] INFO:colcon.colcon_core.shell:Creating environment descriptor '/home/kirill/VNIIA/Projects/black_plat/install/t21_tracked/share/t21_tracked/hook/cmake_prefix_path.dsv'
[0.858s] INFO:colcon.colcon_core.shell:Creating environment hook '/home/kirill/VNIIA/Projects/black_plat/install/t21_tracked/share/t21_tracked/hook/cmake_prefix_path.sh'
[0.859s] Level 1:colcon.colcon_core.environment:checking '/home/kirill/VNIIA/Projects/black_plat/install/t21_tracked/lib'
[0.860s] Level 1:colcon.colcon_core.shell:create_environment_hook('t21_tracked', 'ld_library_path_lib')
[0.860s] INFO:colcon.colcon_core.shell:Creating environment hook '/home/kirill/VNIIA/Projects/black_plat/install/t21_tracked/share/t21_tracked/hook/ld_library_path_lib.ps1'
[0.861s] INFO:colcon.colcon_core.shell:Creating environment descriptor '/home/kirill/VNIIA/Projects/black_plat/install/t21_tracked/share/t21_tracked/hook/ld_library_path_lib.dsv'
[0.861s] INFO:colcon.colcon_core.shell:Creating environment hook '/home/kirill/VNIIA/Projects/black_plat/install/t21_tracked/share/t21_tracked/hook/ld_library_path_lib.sh'
[0.862s] Level 1:colcon.colcon_core.environment:checking '/home/kirill/VNIIA/Projects/black_plat/install/t21_tracked/bin'
[0.862s] Level 1:colcon.colcon_core.environment:checking '/home/kirill/VNIIA/Projects/black_plat/install/t21_tracked/lib/pkgconfig/t21_tracked.pc'
[0.862s] Level 1:colcon.colcon_core.environment:checking '/home/kirill/VNIIA/Projects/black_plat/install/t21_tracked/lib/python3.10/site-packages'
[0.862s] Level 1:colcon.colcon_core.environment:checking '/home/kirill/VNIIA/Projects/black_plat/install/t21_tracked/bin'
[0.863s] INFO:colcon.colcon_core.shell:Creating package script '/home/kirill/VNIIA/Projects/black_plat/install/t21_tracked/share/t21_tracked/package.ps1'
[0.863s] INFO:colcon.colcon_core.shell:Creating package descriptor '/home/kirill/VNIIA/Projects/black_plat/install/t21_tracked/share/t21_tracked/package.dsv'
[0.864s] INFO:colcon.colcon_core.shell:Creating package script '/home/kirill/VNIIA/Projects/black_plat/install/t21_tracked/share/t21_tracked/package.sh'
[0.865s] INFO:colcon.colcon_core.shell:Creating package script '/home/kirill/VNIIA/Projects/black_plat/install/t21_tracked/share/t21_tracked/package.bash'
[0.865s] INFO:colcon.colcon_core.shell:Creating package script '/home/kirill/VNIIA/Projects/black_plat/install/t21_tracked/share/t21_tracked/package.zsh'
[0.866s] Level 1:colcon.colcon_core.environment:create_file_with_runtime_dependencies(/home/kirill/VNIIA/Projects/black_plat/install/t21_tracked/share/colcon-core/packages/t21_tracked)
[0.866s] Level 1:colcon.colcon_core.environment:create_environment_scripts_only(t21_tracked)
[0.866s] Level 1:colcon.colcon_core.environment:checking '/home/kirill/VNIIA/Projects/black_plat/install/t21_tracked' for CMake module files
[0.867s] Level 1:colcon.colcon_core.environment:checking '/home/kirill/VNIIA/Projects/black_plat/install/t21_tracked' for CMake config files
[0.867s] Level 1:colcon.colcon_core.shell:create_environment_hook('t21_tracked', 'cmake_prefix_path')
[0.867s] INFO:colcon.colcon_core.shell:Creating environment hook '/home/kirill/VNIIA/Projects/black_plat/install/t21_tracked/share/t21_tracked/hook/cmake_prefix_path.ps1'
[0.867s] INFO:colcon.colcon_core.shell:Creating environment descriptor '/home/kirill/VNIIA/Projects/black_plat/install/t21_tracked/share/t21_tracked/hook/cmake_prefix_path.dsv'
[0.868s] INFO:colcon.colcon_core.shell:Creating environment hook '/home/kirill/VNIIA/Projects/black_plat/install/t21_tracked/share/t21_tracked/hook/cmake_prefix_path.sh'
[0.869s] Level 1:colcon.colcon_core.environment:checking '/home/kirill/VNIIA/Projects/black_plat/install/t21_tracked/lib'
[0.869s] Level 1:colcon.colcon_core.shell:create_environment_hook('t21_tracked', 'ld_library_path_lib')
[0.869s] INFO:colcon.colcon_core.shell:Creating environment hook '/home/kirill/VNIIA/Projects/black_plat/install/t21_tracked/share/t21_tracked/hook/ld_library_path_lib.ps1'
[0.870s] INFO:colcon.colcon_core.shell:Creating environment descriptor '/home/kirill/VNIIA/Projects/black_plat/install/t21_tracked/share/t21_tracked/hook/ld_library_path_lib.dsv'
[0.874s] INFO:colcon.colcon_core.shell:Creating environment hook '/home/kirill/VNIIA/Projects/black_plat/install/t21_tracked/share/t21_tracked/hook/ld_library_path_lib.sh'
[0.876s] Level 1:colcon.colcon_core.environment:checking '/home/kirill/VNIIA/Projects/black_plat/install/t21_tracked/bin'
[0.876s] Level 1:colcon.colcon_core.environment:checking '/home/kirill/VNIIA/Projects/black_plat/install/t21_tracked/lib/pkgconfig/t21_tracked.pc'
[0.877s] Level 1:colcon.colcon_core.environment:checking '/home/kirill/VNIIA/Projects/black_plat/install/t21_tracked/lib/python3.10/site-packages'
[0.877s] Level 1:colcon.colcon_core.environment:checking '/home/kirill/VNIIA/Projects/black_plat/install/t21_tracked/bin'
[0.878s] INFO:colcon.colcon_core.shell:Creating package script '/home/kirill/VNIIA/Projects/black_plat/install/t21_tracked/share/t21_tracked/package.ps1'
[0.878s] INFO:colcon.colcon_core.shell:Creating package descriptor '/home/kirill/VNIIA/Projects/black_plat/install/t21_tracked/share/t21_tracked/package.dsv'
[0.879s] INFO:colcon.colcon_core.shell:Creating package script '/home/kirill/VNIIA/Projects/black_plat/install/t21_tracked/share/t21_tracked/package.sh'
[0.879s] INFO:colcon.colcon_core.shell:Creating package script '/home/kirill/VNIIA/Projects/black_plat/install/t21_tracked/share/t21_tracked/package.bash'
[0.880s] INFO:colcon.colcon_core.shell:Creating package script '/home/kirill/VNIIA/Projects/black_plat/install/t21_tracked/share/t21_tracked/package.zsh'
[0.880s] Level 1:colcon.colcon_core.environment:create_file_with_runtime_dependencies(/home/kirill/VNIIA/Projects/black_plat/install/t21_tracked/share/colcon-core/packages/t21_tracked)
[0.882s] DEBUG:colcon.colcon_core.event_handler.log_command:Invoked command in '/home/kirill/VNIIA/Projects/black_plat/build/velodyne_simulator' returned '0': CMAKE_PREFIX_PATH=/home/kirill/VNIIA/Projects/black_plat/install/velodyne_gazebo_plugins:/home/kirill/VNIIA/Projects/black_plat/install/velodyne_description:/home/kirill/VNIIA/Projects/black_plat/install/velodyne_simulator:/home/kirill/VNIIA/Projects/black_plat/install/t21_sim:/home/kirill/VNIIA/Projects/black_plat/install/tracked_description:/home/kirill/VNIIA/Projects/black_plat/install/t21_tracked:/home/kirill/VNIIA/Projects/black_plat/install/t21_rtabmap:/home/kirill/VNIIA/Projects/black_plat/install/t21_navigation:/home/kirill/VNIIA/Projects/black_plat/install/t21_lidar:/home/kirill/VNIIA/Projects/black_plat/install/odometry_fus:/home/kirill/VNIIA/Projects/black_plat/install/lio_sam:/home/kirill/VNIIA/Projects/black_plat/install/bluespace_ai_xsens_mti_driver:/home/kirill/VNIIA/Projects/black_plat/install/t21_teleop:/opt/ros/humble /usr/bin/cmake --build /home/kirill/VNIIA/Projects/black_plat/build/velodyne_simulator -- -j8 -l8
[0.883s] DEBUG:colcon.colcon_core.event_handler.log_command:Invoking command in '/home/kirill/VNIIA/Projects/black_plat/build/velodyne_simulator': CMAKE_PREFIX_PATH=/home/kirill/VNIIA/Projects/black_plat/install/velodyne_gazebo_plugins:/home/kirill/VNIIA/Projects/black_plat/install/velodyne_description:/home/kirill/VNIIA/Projects/black_plat/install/velodyne_simulator:/home/kirill/VNIIA/Projects/black_plat/install/t21_sim:/home/kirill/VNIIA/Projects/black_plat/install/tracked_description:/home/kirill/VNIIA/Projects/black_plat/install/t21_tracked:/home/kirill/VNIIA/Projects/black_plat/install/t21_rtabmap:/home/kirill/VNIIA/Projects/black_plat/install/t21_navigation:/home/kirill/VNIIA/Projects/black_plat/install/t21_lidar:/home/kirill/VNIIA/Projects/black_plat/install/odometry_fus:/home/kirill/VNIIA/Projects/black_plat/install/lio_sam:/home/kirill/VNIIA/Projects/black_plat/install/bluespace_ai_xsens_mti_driver:/home/kirill/VNIIA/Projects/black_plat/install/t21_teleop:/opt/ros/humble /usr/bin/cmake --install /home/kirill/VNIIA/Projects/black_plat/build/velodyne_simulator
[0.883s] Level 1:colcon.colcon_core.environment:create_environment_scripts_only(lio_sam)
[0.883s] Level 1:colcon.colcon_core.environment:checking '/home/kirill/VNIIA/Projects/black_plat/install/lio_sam' for CMake module files
[0.884s] DEBUG:colcon.colcon_core.event_handler.log_command:Invoked command in '/home/kirill/VNIIA/Projects/black_plat/build/lio_sam' returned '0': CMAKE_PREFIX_PATH=${CMAKE_PREFIX_PATH}:/home/kirill/VNIIA/Projects/black_plat/install/t21_teleop:/opt/ros/humble /usr/bin/cmake --install /home/kirill/VNIIA/Projects/black_plat/build/lio_sam
[0.884s] Level 1:colcon.colcon_core.environment:checking '/home/kirill/VNIIA/Projects/black_plat/install/lio_sam' for CMake config files
[0.885s] Level 1:colcon.colcon_core.shell:create_environment_hook('lio_sam', 'cmake_prefix_path')
[0.885s] INFO:colcon.colcon_core.shell:Creating environment hook '/home/kirill/VNIIA/Projects/black_plat/install/lio_sam/share/lio_sam/hook/cmake_prefix_path.ps1'
[0.885s] INFO:colcon.colcon_core.shell:Creating environment descriptor '/home/kirill/VNIIA/Projects/black_plat/install/lio_sam/share/lio_sam/hook/cmake_prefix_path.dsv'
[0.886s] INFO:colcon.colcon_core.shell:Creating environment hook '/home/kirill/VNIIA/Projects/black_plat/install/lio_sam/share/lio_sam/hook/cmake_prefix_path.sh'
[0.886s] Level 1:colcon.colcon_core.environment:checking '/home/kirill/VNIIA/Projects/black_plat/install/lio_sam/lib'
[0.886s] Level 1:colcon.colcon_core.shell:create_environment_hook('lio_sam', 'ld_library_path_lib')
[0.886s] INFO:colcon.colcon_core.shell:Creating environment hook '/home/kirill/VNIIA/Projects/black_plat/install/lio_sam/share/lio_sam/hook/ld_library_path_lib.ps1'
[0.887s] INFO:colcon.colcon_core.shell:Creating environment descriptor '/home/kirill/VNIIA/Projects/black_plat/install/lio_sam/share/lio_sam/hook/ld_library_path_lib.dsv'
[0.887s] INFO:colcon.colcon_core.shell:Creating environment hook '/home/kirill/VNIIA/Projects/black_plat/install/lio_sam/share/lio_sam/hook/ld_library_path_lib.sh'
[0.887s] Level 1:colcon.colcon_core.environment:checking '/home/kirill/VNIIA/Projects/black_plat/install/lio_sam/bin'
[0.887s] Level 1:colcon.colcon_core.environment:checking '/home/kirill/VNIIA/Projects/black_plat/install/lio_sam/lib/pkgconfig/lio_sam.pc'
[0.887s] Level 1:colcon.colcon_core.environment:checking '/home/kirill/VNIIA/Projects/black_plat/install/lio_sam/lib/python3.10/site-packages'
[0.887s] Level 1:colcon.colcon_core.environment:checking '/home/kirill/VNIIA/Projects/black_plat/install/lio_sam/bin'
[0.888s] INFO:colcon.colcon_core.shell:Creating package script '/home/kirill/VNIIA/Projects/black_plat/install/lio_sam/share/lio_sam/package.ps1'
[0.888s] INFO:colcon.colcon_core.shell:Creating package descriptor '/home/kirill/VNIIA/Projects/black_plat/install/lio_sam/share/lio_sam/package.dsv'
[0.889s] INFO:colcon.colcon_core.shell:Creating package script '/home/kirill/VNIIA/Projects/black_plat/install/lio_sam/share/lio_sam/package.sh'
[0.890s] INFO:colcon.colcon_core.shell:Creating package script '/home/kirill/VNIIA/Projects/black_plat/install/lio_sam/share/lio_sam/package.bash'
[0.890s] INFO:colcon.colcon_core.shell:Creating package script '/home/kirill/VNIIA/Projects/black_plat/install/lio_sam/share/lio_sam/package.zsh'
[0.891s] Level 1:colcon.colcon_core.environment:create_file_with_runtime_dependencies(/home/kirill/VNIIA/Projects/black_plat/install/lio_sam/share/colcon-core/packages/lio_sam)
[0.891s] Level 1:colcon.colcon_core.environment:create_environment_scripts_only(lio_sam)
[0.892s] Level 1:colcon.colcon_core.environment:checking '/home/kirill/VNIIA/Projects/black_plat/install/lio_sam' for CMake module files
[0.893s] Level 1:colcon.colcon_core.environment:checking '/home/kirill/VNIIA/Projects/black_plat/install/lio_sam' for CMake config files
[0.894s] Level 1:colcon.colcon_core.shell:create_environment_hook('lio_sam', 'cmake_prefix_path')
[0.894s] INFO:colcon.colcon_core.shell:Creating environment hook '/home/kirill/VNIIA/Projects/black_plat/install/lio_sam/share/lio_sam/hook/cmake_prefix_path.ps1'
[0.895s] INFO:colcon.colcon_core.shell:Creating environment descriptor '/home/kirill/VNIIA/Projects/black_plat/install/lio_sam/share/lio_sam/hook/cmake_prefix_path.dsv'
[0.895s] INFO:colcon.colcon_core.shell:Creating environment hook '/home/kirill/VNIIA/Projects/black_plat/install/lio_sam/share/lio_sam/hook/cmake_prefix_path.sh'
[0.896s] Level 1:colcon.colcon_core.environment:checking '/home/kirill/VNIIA/Projects/black_plat/install/lio_sam/lib'
[0.896s] Level 1:colcon.colcon_core.shell:create_environment_hook('lio_sam', 'ld_library_path_lib')
[0.896s] INFO:colcon.colcon_core.shell:Creating environment hook '/home/kirill/VNIIA/Projects/black_plat/install/lio_sam/share/lio_sam/hook/ld_library_path_lib.ps1'
[0.897s] INFO:colcon.colcon_core.shell:Creating environment descriptor '/home/kirill/VNIIA/Projects/black_plat/install/lio_sam/share/lio_sam/hook/ld_library_path_lib.dsv'
[0.897s] INFO:colcon.colcon_core.shell:Creating environment hook '/home/kirill/VNIIA/Projects/black_plat/install/lio_sam/share/lio_sam/hook/ld_library_path_lib.sh'
[0.897s] Level 1:colcon.colcon_core.environment:checking '/home/kirill/VNIIA/Projects/black_plat/install/lio_sam/bin'
[0.898s] Level 1:colcon.colcon_core.environment:checking '/home/kirill/VNIIA/Projects/black_plat/install/lio_sam/lib/pkgconfig/lio_sam.pc'
[0.898s] Level 1:colcon.colcon_core.environment:checking '/home/kirill/VNIIA/Projects/black_plat/install/lio_sam/lib/python3.10/site-packages'
[0.898s] Level 1:colcon.colcon_core.environment:checking '/home/kirill/VNIIA/Projects/black_plat/install/lio_sam/bin'
[0.898s] INFO:colcon.colcon_core.shell:Creating package script '/home/kirill/VNIIA/Projects/black_plat/install/lio_sam/share/lio_sam/package.ps1'
[0.899s] INFO:colcon.colcon_core.shell:Creating package descriptor '/home/kirill/VNIIA/Projects/black_plat/install/lio_sam/share/lio_sam/package.dsv'
[0.899s] INFO:colcon.colcon_core.shell:Creating package script '/home/kirill/VNIIA/Projects/black_plat/install/lio_sam/share/lio_sam/package.sh'
[0.900s] INFO:colcon.colcon_core.shell:Creating package script '/home/kirill/VNIIA/Projects/black_plat/install/lio_sam/share/lio_sam/package.bash'
[0.900s] INFO:colcon.colcon_core.shell:Creating package script '/home/kirill/VNIIA/Projects/black_plat/install/lio_sam/share/lio_sam/package.zsh'
[0.900s] Level 1:colcon.colcon_core.environment:create_file_with_runtime_dependencies(/home/kirill/VNIIA/Projects/black_plat/install/lio_sam/share/colcon-core/packages/lio_sam)
[0.901s] Level 1:colcon.colcon_core.environment:create_environment_scripts_only(velodyne_simulator)
[0.902s] Level 1:colcon.colcon_core.environment:checking '/home/kirill/VNIIA/Projects/black_plat/install/velodyne_simulator' for CMake module files
[0.902s] DEBUG:colcon.colcon_core.event_handler.log_command:Invoked command in '/home/kirill/VNIIA/Projects/black_plat/build/velodyne_simulator' returned '0': CMAKE_PREFIX_PATH=/home/kirill/VNIIA/Projects/black_plat/install/velodyne_gazebo_plugins:/home/kirill/VNIIA/Projects/black_plat/install/velodyne_description:/home/kirill/VNIIA/Projects/black_plat/install/velodyne_simulator:/home/kirill/VNIIA/Projects/black_plat/install/t21_sim:/home/kirill/VNIIA/Projects/black_plat/install/tracked_description:/home/kirill/VNIIA/Projects/black_plat/install/t21_tracked:/home/kirill/VNIIA/Projects/black_plat/install/t21_rtabmap:/home/kirill/VNIIA/Projects/black_plat/install/t21_navigation:/home/kirill/VNIIA/Projects/black_plat/install/t21_lidar:/home/kirill/VNIIA/Projects/black_plat/install/odometry_fus:/home/kirill/VNIIA/Projects/black_plat/install/lio_sam:/home/kirill/VNIIA/Projects/black_plat/install/bluespace_ai_xsens_mti_driver:/home/kirill/VNIIA/Projects/black_plat/install/t21_teleop:/opt/ros/humble /usr/bin/cmake --install /home/kirill/VNIIA/Projects/black_plat/build/velodyne_simulator
[0.902s] Level 1:colcon.colcon_core.environment:checking '/home/kirill/VNIIA/Projects/black_plat/install/velodyne_simulator' for CMake config files
[0.902s] Level 1:colcon.colcon_core.shell:create_environment_hook('velodyne_simulator', 'cmake_prefix_path')
[0.903s] INFO:colcon.colcon_core.shell:Creating environment hook '/home/kirill/VNIIA/Projects/black_plat/install/velodyne_simulator/share/velodyne_simulator/hook/cmake_prefix_path.ps1'
[0.903s] INFO:colcon.colcon_core.shell:Creating environment descriptor '/home/kirill/VNIIA/Projects/black_plat/install/velodyne_simulator/share/velodyne_simulator/hook/cmake_prefix_path.dsv'
[0.903s] INFO:colcon.colcon_core.shell:Creating environment hook '/home/kirill/VNIIA/Projects/black_plat/install/velodyne_simulator/share/velodyne_simulator/hook/cmake_prefix_path.sh'
[0.904s] Level 1:colcon.colcon_core.environment:checking '/home/kirill/VNIIA/Projects/black_plat/install/velodyne_simulator/bin'
[0.904s] Level 1:colcon.colcon_core.environment:checking '/home/kirill/VNIIA/Projects/black_plat/install/velodyne_simulator/lib/pkgconfig/velodyne_simulator.pc'
[0.904s] Level 1:colcon.colcon_core.environment:checking '/home/kirill/VNIIA/Projects/black_plat/install/velodyne_simulator/lib/python3.10/site-packages'
[0.904s] Level 1:colcon.colcon_core.environment:checking '/home/kirill/VNIIA/Projects/black_plat/install/velodyne_simulator/bin'
[0.904s] INFO:colcon.colcon_core.shell:Creating package script '/home/kirill/VNIIA/Projects/black_plat/install/velodyne_simulator/share/velodyne_simulator/package.ps1'
[0.904s] INFO:colcon.colcon_core.shell:Creating package descriptor '/home/kirill/VNIIA/Projects/black_plat/install/velodyne_simulator/share/velodyne_simulator/package.dsv'
[0.905s] INFO:colcon.colcon_core.shell:Creating package script '/home/kirill/VNIIA/Projects/black_plat/install/velodyne_simulator/share/velodyne_simulator/package.sh'
[0.905s] INFO:colcon.colcon_core.shell:Creating package script '/home/kirill/VNIIA/Projects/black_plat/install/velodyne_simulator/share/velodyne_simulator/package.bash'
[0.905s] INFO:colcon.colcon_core.shell:Creating package script '/home/kirill/VNIIA/Projects/black_plat/install/velodyne_simulator/share/velodyne_simulator/package.zsh'
[0.905s] Level 1:colcon.colcon_core.environment:create_file_with_runtime_dependencies(/home/kirill/VNIIA/Projects/black_plat/install/velodyne_simulator/share/colcon-core/packages/velodyne_simulator)
[0.906s] Level 1:colcon.colcon_core.environment:create_environment_scripts_only(velodyne_simulator)
[0.906s] Level 1:colcon.colcon_core.environment:checking '/home/kirill/VNIIA/Projects/black_plat/install/velodyne_simulator' for CMake module files
[0.906s] Level 1:colcon.colcon_core.environment:checking '/home/kirill/VNIIA/Projects/black_plat/install/velodyne_simulator' for CMake config files
[0.906s] Level 1:colcon.colcon_core.shell:create_environment_hook('velodyne_simulator', 'cmake_prefix_path')
[0.907s] INFO:colcon.colcon_core.shell:Creating environment hook '/home/kirill/VNIIA/Projects/black_plat/install/velodyne_simulator/share/velodyne_simulator/hook/cmake_prefix_path.ps1'
[0.907s] INFO:colcon.colcon_core.shell:Creating environment descriptor '/home/kirill/VNIIA/Projects/black_plat/install/velodyne_simulator/share/velodyne_simulator/hook/cmake_prefix_path.dsv'
[0.907s] INFO:colcon.colcon_core.shell:Creating environment hook '/home/kirill/VNIIA/Projects/black_plat/install/velodyne_simulator/share/velodyne_simulator/hook/cmake_prefix_path.sh'
[0.908s] Level 1:colcon.colcon_core.environment:checking '/home/kirill/VNIIA/Projects/black_plat/install/velodyne_simulator/bin'
[0.908s] Level 1:colcon.colcon_core.environment:checking '/home/kirill/VNIIA/Projects/black_plat/install/velodyne_simulator/lib/pkgconfig/velodyne_simulator.pc'
[0.909s] Level 1:colcon.colcon_core.environment:checking '/home/kirill/VNIIA/Projects/black_plat/install/velodyne_simulator/lib/python3.10/site-packages'
[0.909s] Level 1:colcon.colcon_core.environment:checking '/home/kirill/VNIIA/Projects/black_plat/install/velodyne_simulator/bin'
[0.909s] INFO:colcon.colcon_core.shell:Creating package script '/home/kirill/VNIIA/Projects/black_plat/install/velodyne_simulator/share/velodyne_simulator/package.ps1'
[0.910s] INFO:colcon.colcon_core.shell:Creating package descriptor '/home/kirill/VNIIA/Projects/black_plat/install/velodyne_simulator/share/velodyne_simulator/package.dsv'
[0.911s] INFO:colcon.colcon_core.shell:Creating package script '/home/kirill/VNIIA/Projects/black_plat/install/velodyne_simulator/share/velodyne_simulator/package.sh'
[0.911s] INFO:colcon.colcon_core.shell:Creating package script '/home/kirill/VNIIA/Projects/black_plat/install/velodyne_simulator/share/velodyne_simulator/package.bash'
[0.911s] INFO:colcon.colcon_core.shell:Creating package script '/home/kirill/VNIIA/Projects/black_plat/install/velodyne_simulator/share/velodyne_simulator/package.zsh'
[0.912s] Level 1:colcon.colcon_core.environment:create_file_with_runtime_dependencies(/home/kirill/VNIIA/Projects/black_plat/install/velodyne_simulator/share/colcon-core/packages/velodyne_simulator)
[0.913s] DEBUG:colcon.colcon_core.event_handler.log_command:Invoked command in '/home/kirill/VNIIA/Projects/black_plat/build/tracked_description' returned '0': CMAKE_PREFIX_PATH=/home/kirill/VNIIA/Projects/black_plat/install/bluespace_ai_xsens_mti_driver:/home/kirill/VNIIA/Projects/black_plat/install/velodyne_simulator:/home/kirill/VNIIA/Projects/black_plat/install/velodyne_gazebo_plugins:/home/kirill/VNIIA/Projects/black_plat/install/velodyne_description:/home/kirill/VNIIA/Projects/black_plat/install/t21_sim:/home/kirill/VNIIA/Projects/black_plat/install/tracked_description:/home/kirill/VNIIA/Projects/black_plat/install/t21_tracked:/home/kirill/VNIIA/Projects/black_plat/install/t21_rtabmap:/home/kirill/VNIIA/Projects/black_plat/install/t21_navigation:/home/kirill/VNIIA/Projects/black_plat/install/t21_lidar:/home/kirill/VNIIA/Projects/black_plat/install/odometry_fus:/home/kirill/VNIIA/Projects/black_plat/install/lio_sam:/home/kirill/VNIIA/Projects/black_plat/install/t21_teleop:/opt/ros/humble /usr/bin/cmake --build /home/kirill/VNIIA/Projects/black_plat/build/tracked_description -- -j8 -l8
[0.914s] DEBUG:colcon.colcon_core.event_handler.log_command:Invoking command in '/home/kirill/VNIIA/Projects/black_plat/build/tracked_description': CMAKE_PREFIX_PATH=/home/kirill/VNIIA/Projects/black_plat/install/bluespace_ai_xsens_mti_driver:/home/kirill/VNIIA/Projects/black_plat/install/velodyne_simulator:/home/kirill/VNIIA/Projects/black_plat/install/velodyne_gazebo_plugins:/home/kirill/VNIIA/Projects/black_plat/install/velodyne_description:/home/kirill/VNIIA/Projects/black_plat/install/t21_sim:/home/kirill/VNIIA/Projects/black_plat/install/tracked_description:/home/kirill/VNIIA/Projects/black_plat/install/t21_tracked:/home/kirill/VNIIA/Projects/black_plat/install/t21_rtabmap:/home/kirill/VNIIA/Projects/black_plat/install/t21_navigation:/home/kirill/VNIIA/Projects/black_plat/install/t21_lidar:/home/kirill/VNIIA/Projects/black_plat/install/odometry_fus:/home/kirill/VNIIA/Projects/black_plat/install/lio_sam:/home/kirill/VNIIA/Projects/black_plat/install/t21_teleop:/opt/ros/humble /usr/bin/cmake --install /home/kirill/VNIIA/Projects/black_plat/build/tracked_description
[0.923s] Level 1:colcon.colcon_core.environment:create_environment_scripts_only(tracked_description)
[0.923s] Level 1:colcon.colcon_core.environment:checking '/home/kirill/VNIIA/Projects/black_plat/install/tracked_description' for CMake module files
[0.923s] DEBUG:colcon.colcon_core.event_handler.log_command:Invoked command in '/home/kirill/VNIIA/Projects/black_plat/build/tracked_description' returned '0': CMAKE_PREFIX_PATH=/home/kirill/VNIIA/Projects/black_plat/install/bluespace_ai_xsens_mti_driver:/home/kirill/VNIIA/Projects/black_plat/install/velodyne_simulator:/home/kirill/VNIIA/Projects/black_plat/install/velodyne_gazebo_plugins:/home/kirill/VNIIA/Projects/black_plat/install/velodyne_description:/home/kirill/VNIIA/Projects/black_plat/install/t21_sim:/home/kirill/VNIIA/Projects/black_plat/install/tracked_description:/home/kirill/VNIIA/Projects/black_plat/install/t21_tracked:/home/kirill/VNIIA/Projects/black_plat/install/t21_rtabmap:/home/kirill/VNIIA/Projects/black_plat/install/t21_navigation:/home/kirill/VNIIA/Projects/black_plat/install/t21_lidar:/home/kirill/VNIIA/Projects/black_plat/install/odometry_fus:/home/kirill/VNIIA/Projects/black_plat/install/lio_sam:/home/kirill/VNIIA/Projects/black_plat/install/t21_teleop:/opt/ros/humble /usr/bin/cmake --install /home/kirill/VNIIA/Projects/black_plat/build/tracked_description
[0.923s] Level 1:colcon.colcon_core.environment:checking '/home/kirill/VNIIA/Projects/black_plat/install/tracked_description' for CMake config files
[0.924s] Level 1:colcon.colcon_core.shell:create_environment_hook('tracked_description', 'cmake_prefix_path')
[0.924s] INFO:colcon.colcon_core.shell:Creating environment hook '/home/kirill/VNIIA/Projects/black_plat/install/tracked_description/share/tracked_description/hook/cmake_prefix_path.ps1'
[0.924s] INFO:colcon.colcon_core.shell:Creating environment descriptor '/home/kirill/VNIIA/Projects/black_plat/install/tracked_description/share/tracked_description/hook/cmake_prefix_path.dsv'
[0.924s] INFO:colcon.colcon_core.shell:Creating environment hook '/home/kirill/VNIIA/Projects/black_plat/install/tracked_description/share/tracked_description/hook/cmake_prefix_path.sh'
[0.925s] Level 1:colcon.colcon_core.environment:checking '/home/kirill/VNIIA/Projects/black_plat/install/tracked_description/lib'
[0.925s] Level 1:colcon.colcon_core.environment:checking '/home/kirill/VNIIA/Projects/black_plat/install/tracked_description/bin'
[0.925s] Level 1:colcon.colcon_core.environment:checking '/home/kirill/VNIIA/Projects/black_plat/install/tracked_description/lib/pkgconfig/tracked_description.pc'
[0.925s] Level 1:colcon.colcon_core.environment:checking '/home/kirill/VNIIA/Projects/black_plat/install/tracked_description/lib/python3.10/site-packages'
[0.925s] Level 1:colcon.colcon_core.environment:checking '/home/kirill/VNIIA/Projects/black_plat/install/tracked_description/bin'
[0.925s] INFO:colcon.colcon_core.shell:Creating package script '/home/kirill/VNIIA/Projects/black_plat/install/tracked_description/share/tracked_description/package.ps1'
[0.926s] INFO:colcon.colcon_core.shell:Creating package descriptor '/home/kirill/VNIIA/Projects/black_plat/install/tracked_description/share/tracked_description/package.dsv'
[0.926s] INFO:colcon.colcon_core.shell:Creating package script '/home/kirill/VNIIA/Projects/black_plat/install/tracked_description/share/tracked_description/package.sh'
[0.926s] INFO:colcon.colcon_core.shell:Creating package script '/home/kirill/VNIIA/Projects/black_plat/install/tracked_description/share/tracked_description/package.bash'
[0.926s] INFO:colcon.colcon_core.shell:Creating package script '/home/kirill/VNIIA/Projects/black_plat/install/tracked_description/share/tracked_description/package.zsh'
[0.927s] Level 1:colcon.colcon_core.environment:create_file_with_runtime_dependencies(/home/kirill/VNIIA/Projects/black_plat/install/tracked_description/share/colcon-core/packages/tracked_description)
[0.927s] Level 1:colcon.colcon_core.environment:create_environment_scripts_only(tracked_description)
[0.927s] Level 1:colcon.colcon_core.environment:checking '/home/kirill/VNIIA/Projects/black_plat/install/tracked_description' for CMake module files
[0.928s] Level 1:colcon.colcon_core.environment:checking '/home/kirill/VNIIA/Projects/black_plat/install/tracked_description' for CMake config files
[0.928s] Level 1:colcon.colcon_core.shell:create_environment_hook('tracked_description', 'cmake_prefix_path')
[0.928s] INFO:colcon.colcon_core.shell:Creating environment hook '/home/kirill/VNIIA/Projects/black_plat/install/tracked_description/share/tracked_description/hook/cmake_prefix_path.ps1'
[0.928s] INFO:colcon.colcon_core.shell:Creating environment descriptor '/home/kirill/VNIIA/Projects/black_plat/install/tracked_description/share/tracked_description/hook/cmake_prefix_path.dsv'
[0.928s] INFO:colcon.colcon_core.shell:Creating environment hook '/home/kirill/VNIIA/Projects/black_plat/install/tracked_description/share/tracked_description/hook/cmake_prefix_path.sh'
[0.929s] Level 1:colcon.colcon_core.environment:checking '/home/kirill/VNIIA/Projects/black_plat/install/tracked_description/lib'
[0.929s] Level 1:colcon.colcon_core.environment:checking '/home/kirill/VNIIA/Projects/black_plat/install/tracked_description/bin'
[0.929s] Level 1:colcon.colcon_core.environment:checking '/home/kirill/VNIIA/Projects/black_plat/install/tracked_description/lib/pkgconfig/tracked_description.pc'
[0.929s] Level 1:colcon.colcon_core.environment:checking '/home/kirill/VNIIA/Projects/black_plat/install/tracked_description/lib/python3.10/site-packages'
[0.929s] Level 1:colcon.colcon_core.environment:checking '/home/kirill/VNIIA/Projects/black_plat/install/tracked_description/bin'
[0.929s] INFO:colcon.colcon_core.shell:Creating package script '/home/kirill/VNIIA/Projects/black_plat/install/tracked_description/share/tracked_description/package.ps1'
[0.930s] INFO:colcon.colcon_core.shell:Creating package descriptor '/home/kirill/VNIIA/Projects/black_plat/install/tracked_description/share/tracked_description/package.dsv'
[0.930s] INFO:colcon.colcon_core.shell:Creating package script '/home/kirill/VNIIA/Projects/black_plat/install/tracked_description/share/tracked_description/package.sh'
[0.930s] INFO:colcon.colcon_core.shell:Creating package script '/home/kirill/VNIIA/Projects/black_plat/install/tracked_description/share/tracked_description/package.bash'
[0.930s] INFO:colcon.colcon_core.shell:Creating package script '/home/kirill/VNIIA/Projects/black_plat/install/tracked_description/share/tracked_description/package.zsh'
[0.931s] Level 1:colcon.colcon_core.environment:create_file_with_runtime_dependencies(/home/kirill/VNIIA/Projects/black_plat/install/tracked_description/share/colcon-core/packages/tracked_description)
[0.931s] INFO:colcon.colcon_ros.task.ament_cmake.build:Building ROS package in '/home/kirill/VNIIA/Projects/black_plat/src/t21_sim' with build type 'ament_cmake'
[0.931s] INFO:colcon.colcon_cmake.task.cmake.build:Building CMake package in '/home/kirill/VNIIA/Projects/black_plat/src/t21_sim'
[0.931s] INFO:colcon.colcon_core.shell:Skip shell extension 'powershell' for command environment: Not usable outside of PowerShell
[0.931s] DEBUG:colcon.colcon_core.shell:Skip shell extension 'dsv' for command environment
[0.940s] DEBUG:colcon.colcon_core.event_handler.log_command:Invoking command in '/home/kirill/VNIIA/Projects/black_plat/build/t21_sim': CMAKE_PREFIX_PATH=/home/kirill/VNIIA/Projects/black_plat/install/tracked_description:/home/kirill/VNIIA/Projects/black_plat/install/odometry_fus:/home/kirill/VNIIA/Projects/black_plat/install/bluespace_ai_xsens_mti_driver:/home/kirill/VNIIA/Projects/black_plat/install/velodyne_simulator:/home/kirill/VNIIA/Projects/black_plat/install/velodyne_gazebo_plugins:/home/kirill/VNIIA/Projects/black_plat/install/velodyne_description:/home/kirill/VNIIA/Projects/black_plat/install/t21_sim:/home/kirill/VNIIA/Projects/black_plat/install/t21_tracked:/home/kirill/VNIIA/Projects/black_plat/install/t21_rtabmap:/home/kirill/VNIIA/Projects/black_plat/install/t21_navigation:/home/kirill/VNIIA/Projects/black_plat/install/t21_lidar:/home/kirill/VNIIA/Projects/black_plat/install/lio_sam:/home/kirill/VNIIA/Projects/black_plat/install/t21_teleop:/opt/ros/humble /usr/bin/cmake --build /home/kirill/VNIIA/Projects/black_plat/build/t21_sim -- -j8 -l8
[0.968s] DEBUG:colcon.colcon_core.event_handler.log_command:Invoked command in '/home/kirill/VNIIA/Projects/black_plat/build/t21_sim' returned '0': CMAKE_PREFIX_PATH=/home/kirill/VNIIA/Projects/black_plat/install/tracked_description:/home/kirill/VNIIA/Projects/black_plat/install/odometry_fus:/home/kirill/VNIIA/Projects/black_plat/install/bluespace_ai_xsens_mti_driver:/home/kirill/VNIIA/Projects/black_plat/install/velodyne_simulator:/home/kirill/VNIIA/Projects/black_plat/install/velodyne_gazebo_plugins:/home/kirill/VNIIA/Projects/black_plat/install/velodyne_description:/home/kirill/VNIIA/Projects/black_plat/install/t21_sim:/home/kirill/VNIIA/Projects/black_plat/install/t21_tracked:/home/kirill/VNIIA/Projects/black_plat/install/t21_rtabmap:/home/kirill/VNIIA/Projects/black_plat/install/t21_navigation:/home/kirill/VNIIA/Projects/black_plat/install/t21_lidar:/home/kirill/VNIIA/Projects/black_plat/install/lio_sam:/home/kirill/VNIIA/Projects/black_plat/install/t21_teleop:/opt/ros/humble /usr/bin/cmake --build /home/kirill/VNIIA/Projects/black_plat/build/t21_sim -- -j8 -l8
[0.969s] DEBUG:colcon.colcon_core.event_handler.log_command:Invoking command in '/home/kirill/VNIIA/Projects/black_plat/build/t21_sim': CMAKE_PREFIX_PATH=/home/kirill/VNIIA/Projects/black_plat/install/tracked_description:/home/kirill/VNIIA/Projects/black_plat/install/odometry_fus:/home/kirill/VNIIA/Projects/black_plat/install/bluespace_ai_xsens_mti_driver:/home/kirill/VNIIA/Projects/black_plat/install/velodyne_simulator:/home/kirill/VNIIA/Projects/black_plat/install/velodyne_gazebo_plugins:/home/kirill/VNIIA/Projects/black_plat/install/velodyne_description:/home/kirill/VNIIA/Projects/black_plat/install/t21_sim:/home/kirill/VNIIA/Projects/black_plat/install/t21_tracked:/home/kirill/VNIIA/Projects/black_plat/install/t21_rtabmap:/home/kirill/VNIIA/Projects/black_plat/install/t21_navigation:/home/kirill/VNIIA/Projects/black_plat/install/t21_lidar:/home/kirill/VNIIA/Projects/black_plat/install/lio_sam:/home/kirill/VNIIA/Projects/black_plat/install/t21_teleop:/opt/ros/humble /usr/bin/cmake --install /home/kirill/VNIIA/Projects/black_plat/build/t21_sim
[0.978s] Level 1:colcon.colcon_core.environment:create_environment_scripts_only(t21_sim)
[0.978s] Level 1:colcon.colcon_core.environment:checking '/home/kirill/VNIIA/Projects/black_plat/install/t21_sim' for CMake module files
[0.978s] DEBUG:colcon.colcon_core.event_handler.log_command:Invoked command in '/home/kirill/VNIIA/Projects/black_plat/build/t21_sim' returned '0': CMAKE_PREFIX_PATH=/home/kirill/VNIIA/Projects/black_plat/install/tracked_description:/home/kirill/VNIIA/Projects/black_plat/install/odometry_fus:/home/kirill/VNIIA/Projects/black_plat/install/bluespace_ai_xsens_mti_driver:/home/kirill/VNIIA/Projects/black_plat/install/velodyne_simulator:/home/kirill/VNIIA/Projects/black_plat/install/velodyne_gazebo_plugins:/home/kirill/VNIIA/Projects/black_plat/install/velodyne_description:/home/kirill/VNIIA/Projects/black_plat/install/t21_sim:/home/kirill/VNIIA/Projects/black_plat/install/t21_tracked:/home/kirill/VNIIA/Projects/black_plat/install/t21_rtabmap:/home/kirill/VNIIA/Projects/black_plat/install/t21_navigation:/home/kirill/VNIIA/Projects/black_plat/install/t21_lidar:/home/kirill/VNIIA/Projects/black_plat/install/lio_sam:/home/kirill/VNIIA/Projects/black_plat/install/t21_teleop:/opt/ros/humble /usr/bin/cmake --install /home/kirill/VNIIA/Projects/black_plat/build/t21_sim
[0.979s] Level 1:colcon.colcon_core.environment:checking '/home/kirill/VNIIA/Projects/black_plat/install/t21_sim' for CMake config files
[0.979s] Level 1:colcon.colcon_core.shell:create_environment_hook('t21_sim', 'cmake_prefix_path')
[0.979s] INFO:colcon.colcon_core.shell:Creating environment hook '/home/kirill/VNIIA/Projects/black_plat/install/t21_sim/share/t21_sim/hook/cmake_prefix_path.ps1'
[0.979s] INFO:colcon.colcon_core.shell:Creating environment descriptor '/home/kirill/VNIIA/Projects/black_plat/install/t21_sim/share/t21_sim/hook/cmake_prefix_path.dsv'
[0.980s] INFO:colcon.colcon_core.shell:Creating environment hook '/home/kirill/VNIIA/Projects/black_plat/install/t21_sim/share/t21_sim/hook/cmake_prefix_path.sh'
[0.980s] Level 1:colcon.colcon_core.environment:checking '/home/kirill/VNIIA/Projects/black_plat/install/t21_sim/bin'
[0.980s] Level 1:colcon.colcon_core.environment:checking '/home/kirill/VNIIA/Projects/black_plat/install/t21_sim/lib/pkgconfig/t21_sim.pc'
[0.980s] Level 1:colcon.colcon_core.environment:checking '/home/kirill/VNIIA/Projects/black_plat/install/t21_sim/lib/python3.10/site-packages'
[0.980s] Level 1:colcon.colcon_core.environment:checking '/home/kirill/VNIIA/Projects/black_plat/install/t21_sim/bin'
[0.981s] INFO:colcon.colcon_core.shell:Creating package script '/home/kirill/VNIIA/Projects/black_plat/install/t21_sim/share/t21_sim/package.ps1'
[0.981s] INFO:colcon.colcon_core.shell:Creating package descriptor '/home/kirill/VNIIA/Projects/black_plat/install/t21_sim/share/t21_sim/package.dsv'
[0.981s] INFO:colcon.colcon_core.shell:Creating package script '/home/kirill/VNIIA/Projects/black_plat/install/t21_sim/share/t21_sim/package.sh'
[0.981s] INFO:colcon.colcon_core.shell:Creating package script '/home/kirill/VNIIA/Projects/black_plat/install/t21_sim/share/t21_sim/package.bash'
[0.982s] INFO:colcon.colcon_core.shell:Creating package script '/home/kirill/VNIIA/Projects/black_plat/install/t21_sim/share/t21_sim/package.zsh'
[0.982s] Level 1:colcon.colcon_core.environment:create_file_with_runtime_dependencies(/home/kirill/VNIIA/Projects/black_plat/install/t21_sim/share/colcon-core/packages/t21_sim)
[0.982s] Level 1:colcon.colcon_core.environment:create_environment_scripts_only(t21_sim)
[0.982s] Level 1:colcon.colcon_core.environment:checking '/home/kirill/VNIIA/Projects/black_plat/install/t21_sim' for CMake module files
[0.983s] Level 1:colcon.colcon_core.environment:checking '/home/kirill/VNIIA/Projects/black_plat/install/t21_sim' for CMake config files
[0.983s] Level 1:colcon.colcon_core.shell:create_environment_hook('t21_sim', 'cmake_prefix_path')
[0.983s] INFO:colcon.colcon_core.shell:Creating environment hook '/home/kirill/VNIIA/Projects/black_plat/install/t21_sim/share/t21_sim/hook/cmake_prefix_path.ps1'
[0.983s] INFO:colcon.colcon_core.shell:Creating environment descriptor '/home/kirill/VNIIA/Projects/black_plat/install/t21_sim/share/t21_sim/hook/cmake_prefix_path.dsv'
[0.983s] INFO:colcon.colcon_core.shell:Creating environment hook '/home/kirill/VNIIA/Projects/black_plat/install/t21_sim/share/t21_sim/hook/cmake_prefix_path.sh'
[0.984s] Level 1:colcon.colcon_core.environment:checking '/home/kirill/VNIIA/Projects/black_plat/install/t21_sim/bin'
[0.984s] Level 1:colcon.colcon_core.environment:checking '/home/kirill/VNIIA/Projects/black_plat/install/t21_sim/lib/pkgconfig/t21_sim.pc'
[0.984s] Level 1:colcon.colcon_core.environment:checking '/home/kirill/VNIIA/Projects/black_plat/install/t21_sim/lib/python3.10/site-packages'
[0.984s] Level 1:colcon.colcon_core.environment:checking '/home/kirill/VNIIA/Projects/black_plat/install/t21_sim/bin'
[0.984s] INFO:colcon.colcon_core.shell:Creating package script '/home/kirill/VNIIA/Projects/black_plat/install/t21_sim/share/t21_sim/package.ps1'
[0.985s] INFO:colcon.colcon_core.shell:Creating package descriptor '/home/kirill/VNIIA/Projects/black_plat/install/t21_sim/share/t21_sim/package.dsv'
[0.985s] INFO:colcon.colcon_core.shell:Creating package script '/home/kirill/VNIIA/Projects/black_plat/install/t21_sim/share/t21_sim/package.sh'
[0.985s] INFO:colcon.colcon_core.shell:Creating package script '/home/kirill/VNIIA/Projects/black_plat/install/t21_sim/share/t21_sim/package.bash'
[0.986s] INFO:colcon.colcon_core.shell:Creating package script '/home/kirill/VNIIA/Projects/black_plat/install/t21_sim/share/t21_sim/package.zsh'
[0.986s] Level 1:colcon.colcon_core.environment:create_file_with_runtime_dependencies(/home/kirill/VNIIA/Projects/black_plat/install/t21_sim/share/colcon-core/packages/t21_sim)
[1.205s] DEBUG:colcon.colcon_core.event_handler.log_command:Invoking command in '/home/kirill/VNIIA/Projects/black_plat/src/t21_teleop': PYTHONPATH=/home/kirill/VNIIA/Projects/black_plat/build/t21_teleop/prefix_override:/usr/lib/python3/dist-packages/colcon_core/task/python/colcon_distutils_commands:/home/kirill/VNIIA/Projects/black_plat/install/t21_teleop/lib/python3.10/site-packages:${PYTHONPATH} /usr/bin/python3 -W ignore:setup.py install is deprecated -W ignore:easy_install command is deprecated setup.py egg_info --egg-base ../../build/t21_teleop build --build-base /home/kirill/VNIIA/Projects/black_plat/build/t21_teleop/build install --record /home/kirill/VNIIA/Projects/black_plat/build/t21_teleop/install.log --single-version-externally-managed install_data
[1.430s] Level 1:colcon.colcon_core.environment:checking '/home/kirill/VNIIA/Projects/black_plat/install/t21_teleop' for CMake module files
[1.430s] DEBUG:colcon.colcon_core.event_handler.log_command:Invoked command in '/home/kirill/VNIIA/Projects/black_plat/src/t21_teleop' returned '0': PYTHONPATH=/home/kirill/VNIIA/Projects/black_plat/build/t21_teleop/prefix_override:/usr/lib/python3/dist-packages/colcon_core/task/python/colcon_distutils_commands:/home/kirill/VNIIA/Projects/black_plat/install/t21_teleop/lib/python3.10/site-packages:${PYTHONPATH} /usr/bin/python3 -W ignore:setup.py install is deprecated -W ignore:easy_install command is deprecated setup.py egg_info --egg-base ../../build/t21_teleop build --build-base /home/kirill/VNIIA/Projects/black_plat/build/t21_teleop/build install --record /home/kirill/VNIIA/Projects/black_plat/build/t21_teleop/install.log --single-version-externally-managed install_data
[1.431s] Level 1:colcon.colcon_core.environment:checking '/home/kirill/VNIIA/Projects/black_plat/install/t21_teleop' for CMake config files
[1.431s] Level 1:colcon.colcon_core.environment:checking '/home/kirill/VNIIA/Projects/black_plat/install/t21_teleop/lib'
[1.431s] Level 1:colcon.colcon_core.environment:checking '/home/kirill/VNIIA/Projects/black_plat/install/t21_teleop/bin'
[1.431s] Level 1:colcon.colcon_core.environment:checking '/home/kirill/VNIIA/Projects/black_plat/install/t21_teleop/lib/pkgconfig/t21_teleop.pc'
[1.431s] Level 1:colcon.colcon_core.environment:checking '/home/kirill/VNIIA/Projects/black_plat/install/t21_teleop/lib/python3.10/site-packages'
[1.431s] Level 1:colcon.colcon_core.shell:create_environment_hook('t21_teleop', 'pythonpath')
[1.431s] INFO:colcon.colcon_core.shell:Creating environment hook '/home/kirill/VNIIA/Projects/black_plat/install/t21_teleop/share/t21_teleop/hook/pythonpath.ps1'
[1.432s] INFO:colcon.colcon_core.shell:Creating environment descriptor '/home/kirill/VNIIA/Projects/black_plat/install/t21_teleop/share/t21_teleop/hook/pythonpath.dsv'
[1.432s] INFO:colcon.colcon_core.shell:Creating environment hook '/home/kirill/VNIIA/Projects/black_plat/install/t21_teleop/share/t21_teleop/hook/pythonpath.sh'
[1.432s] Level 1:colcon.colcon_core.environment:checking '/home/kirill/VNIIA/Projects/black_plat/install/t21_teleop/bin'
[1.432s] Level 1:colcon.colcon_core.environment:create_environment_scripts_only(t21_teleop)
[1.433s] INFO:colcon.colcon_core.shell:Creating package script '/home/kirill/VNIIA/Projects/black_plat/install/t21_teleop/share/t21_teleop/package.ps1'
[1.433s] INFO:colcon.colcon_core.shell:Creating package descriptor '/home/kirill/VNIIA/Projects/black_plat/install/t21_teleop/share/t21_teleop/package.dsv'
[1.433s] INFO:colcon.colcon_core.shell:Creating package script '/home/kirill/VNIIA/Projects/black_plat/install/t21_teleop/share/t21_teleop/package.sh'
[1.433s] INFO:colcon.colcon_core.shell:Creating package script '/home/kirill/VNIIA/Projects/black_plat/install/t21_teleop/share/t21_teleop/package.bash'
[1.434s] INFO:colcon.colcon_core.shell:Creating package script '/home/kirill/VNIIA/Projects/black_plat/install/t21_teleop/share/t21_teleop/package.zsh'
[1.434s] Level 1:colcon.colcon_core.environment:create_file_with_runtime_dependencies(/home/kirill/VNIIA/Projects/black_plat/install/t21_teleop/share/colcon-core/packages/t21_teleop)
[1.434s] DEBUG:colcon.colcon_parallel_executor.executor.parallel:closing loop
[1.434s] DEBUG:colcon.colcon_parallel_executor.executor.parallel:loop closed
[1.434s] DEBUG:colcon.colcon_parallel_executor.executor.parallel:run_until_complete finished with '0'
[1.434s] DEBUG:colcon.colcon_core.event_reactor:joining thread
[1.438s] INFO:colcon.colcon_core.plugin_system:Skipping extension 'colcon_notification.desktop_notification.terminal_notifier': Not used on non-Darwin systems
[1.438s] INFO:colcon.colcon_core.plugin_system:Skipping extension 'colcon_notification.desktop_notification.win32': Not used on non-Windows systems
[1.438s] INFO:colcon.colcon_notification.desktop_notification:Sending desktop notification using 'notify2'
[1.445s] DEBUG:colcon.colcon_core.event_reactor:joined thread
[1.445s] INFO:colcon.colcon_core.shell:Creating prefix script '/home/kirill/VNIIA/Projects/black_plat/install/local_setup.ps1'
[1.446s] INFO:colcon.colcon_core.shell:Creating prefix util module '/home/kirill/VNIIA/Projects/black_plat/install/_local_setup_util_ps1.py'
[1.447s] INFO:colcon.colcon_core.shell:Creating prefix chain script '/home/kirill/VNIIA/Projects/black_plat/install/setup.ps1'
[1.448s] INFO:colcon.colcon_core.shell:Creating prefix script '/home/kirill/VNIIA/Projects/black_plat/install/local_setup.sh'
[1.449s] INFO:colcon.colcon_core.shell:Creating prefix util module '/home/kirill/VNIIA/Projects/black_plat/install/_local_setup_util_sh.py'
[1.449s] INFO:colcon.colcon_core.shell:Creating prefix chain script '/home/kirill/VNIIA/Projects/black_plat/install/setup.sh'
[1.450s] INFO:colcon.colcon_core.shell:Creating prefix script '/home/kirill/VNIIA/Projects/black_plat/install/local_setup.bash'
[1.451s] INFO:colcon.colcon_core.shell:Creating prefix chain script '/home/kirill/VNIIA/Projects/black_plat/install/setup.bash'
[1.451s] INFO:colcon.colcon_core.shell:Creating prefix script '/home/kirill/VNIIA/Projects/black_plat/install/local_setup.zsh'
[1.452s] INFO:colcon.colcon_core.shell:Creating prefix chain script '/home/kirill/VNIIA/Projects/black_plat/install/setup.zsh'
