[0.100s] DEBUG:colcon:Command line arguments: ['/usr/bin/colcon', 'build']
[0.101s] DEBUG:colcon:Parsed command line arguments: Namespace(log_base=None, log_level=None, verb_name='build', build_base='build', install_base='install', merge_install=False, symlink_install=False, test_result_base=None, continue_on_error=False, executor='parallel', parallel_workers=8, event_handlers=None, ignore_user_meta=False, metas=['./colcon.meta'], base_paths=['.'], packages_ignore=None, packages_ignore_regex=None, paths=None, packages_up_to=None, packages_up_to_regex=None, packages_above=None, packages_above_and_dependencies=None, packages_above_depth=None, packages_select_by_dep=None, packages_skip_by_dep=None, packages_skip_up_to=None, packages_select_build_failed=False, packages_skip_build_finished=False, packages_select_test_failures=False, packages_skip_test_passed=False, packages_select=None, packages_skip=None, packages_select_regex=None, packages_skip_regex=None, packages_start=None, packages_end=None, allow_overriding=[], cmake_args=None, cmake_target=None, cmake_target_skip_unavailable=False, cmake_clean_cache=False, cmake_clean_first=False, cmake_force_configure=False, ament_cmake_args=None, catkin_cmake_args=None, catkin_skip_building_tests=False, mixin_files=None, mixin=None, verb_parser=<colcon_mixin.mixin.mixin_argument.MixinArgumentDecorator object at 0x7f075ac5fc40>, verb_extension=<colcon_core.verb.build.BuildVerb object at 0x7f075adb4ac0>, main=<bound method BuildVerb.main of <colcon_core.verb.build.BuildVerb object at 0x7f075adb4ac0>>, mixin_verb=('build',))
[0.236s] Level 1:colcon.colcon_core.package_discovery:discover_packages(colcon_meta) check parameters
[0.236s] Level 1:colcon.colcon_core.package_discovery:discover_packages(recursive) check parameters
[0.236s] Level 1:colcon.colcon_core.package_discovery:discover_packages(ignore) check parameters
[0.236s] Level 1:colcon.colcon_core.package_discovery:discover_packages(path) check parameters
[0.236s] Level 1:colcon.colcon_core.package_discovery:discover_packages(colcon_meta) discover
[0.236s] Level 1:colcon.colcon_core.package_discovery:discover_packages(recursive) discover
[0.236s] INFO:colcon.colcon_core.package_discovery:Crawling recursively for packages in '/home/kirill/VNIIA/Projects/black_plat'
[0.236s] Level 1:colcon.colcon_core.package_identification:_identify(.) by extensions ['ignore', 'ignore_ament_install']
[0.236s] Level 1:colcon.colcon_core.package_identification:_identify(.) by extension 'ignore'
[0.236s] Level 1:colcon.colcon_core.package_identification:_identify(.) by extension 'ignore_ament_install'
[0.236s] Level 1:colcon.colcon_core.package_identification:_identify(.) by extensions ['colcon_pkg']
[0.236s] Level 1:colcon.colcon_core.package_identification:_identify(.) by extension 'colcon_pkg'
[0.236s] Level 1:colcon.colcon_core.package_identification:_identify(.) by extensions ['colcon_meta']
[0.236s] Level 1:colcon.colcon_core.package_identification:_identify(.) by extension 'colcon_meta'
[0.236s] Level 1:colcon.colcon_core.package_identification:_identify(.) by extensions ['ros']
[0.236s] Level 1:colcon.colcon_core.package_identification:_identify(.) by extension 'ros'
[0.250s] Level 1:colcon.colcon_core.package_identification:_identify(.) by extensions ['cmake', 'python']
[0.250s] Level 1:colcon.colcon_core.package_identification:_identify(.) by extension 'cmake'
[0.250s] Level 1:colcon.colcon_core.package_identification:_identify(.) by extension 'python'
[0.250s] Level 1:colcon.colcon_core.package_identification:_identify(.) by extensions ['python_setup_py']
[0.250s] Level 1:colcon.colcon_core.package_identification:_identify(.) by extension 'python_setup_py'
[0.250s] Level 1:colcon.colcon_core.package_identification:_identify(build) by extensions ['ignore', 'ignore_ament_install']
[0.250s] Level 1:colcon.colcon_core.package_identification:_identify(build) by extension 'ignore'
[0.250s] Level 1:colcon.colcon_core.package_identification:_identify(build) ignored
[0.250s] Level 1:colcon.colcon_core.package_identification:_identify(install) by extensions ['ignore', 'ignore_ament_install']
[0.250s] Level 1:colcon.colcon_core.package_identification:_identify(install) by extension 'ignore'
[0.250s] Level 1:colcon.colcon_core.package_identification:_identify(install) ignored
[0.250s] Level 1:colcon.colcon_core.package_identification:_identify(log) by extensions ['ignore', 'ignore_ament_install']
[0.250s] Level 1:colcon.colcon_core.package_identification:_identify(log) by extension 'ignore'
[0.250s] Level 1:colcon.colcon_core.package_identification:_identify(log) ignored
[0.251s] Level 1:colcon.colcon_core.package_identification:_identify(materials) by extensions ['ignore', 'ignore_ament_install']
[0.251s] Level 1:colcon.colcon_core.package_identification:_identify(materials) by extension 'ignore'
[0.251s] Level 1:colcon.colcon_core.package_identification:_identify(materials) by extension 'ignore_ament_install'
[0.251s] Level 1:colcon.colcon_core.package_identification:_identify(materials) by extensions ['colcon_pkg']
[0.251s] Level 1:colcon.colcon_core.package_identification:_identify(materials) by extension 'colcon_pkg'
[0.251s] Level 1:colcon.colcon_core.package_identification:_identify(materials) by extensions ['colcon_meta']
[0.251s] Level 1:colcon.colcon_core.package_identification:_identify(materials) by extension 'colcon_meta'
[0.251s] Level 1:colcon.colcon_core.package_identification:_identify(materials) by extensions ['ros']
[0.251s] Level 1:colcon.colcon_core.package_identification:_identify(materials) by extension 'ros'
[0.251s] Level 1:colcon.colcon_core.package_identification:_identify(materials) by extensions ['cmake', 'python']
[0.251s] Level 1:colcon.colcon_core.package_identification:_identify(materials) by extension 'cmake'
[0.251s] Level 1:colcon.colcon_core.package_identification:_identify(materials) by extension 'python'
[0.251s] Level 1:colcon.colcon_core.package_identification:_identify(materials) by extensions ['python_setup_py']
[0.251s] Level 1:colcon.colcon_core.package_identification:_identify(materials) by extension 'python_setup_py'
[0.251s] Level 1:colcon.colcon_core.package_identification:_identify(src) by extensions ['ignore', 'ignore_ament_install']
[0.251s] Level 1:colcon.colcon_core.package_identification:_identify(src) by extension 'ignore'
[0.251s] Level 1:colcon.colcon_core.package_identification:_identify(src) by extension 'ignore_ament_install'
[0.251s] Level 1:colcon.colcon_core.package_identification:_identify(src) by extensions ['colcon_pkg']
[0.251s] Level 1:colcon.colcon_core.package_identification:_identify(src) by extension 'colcon_pkg'
[0.251s] Level 1:colcon.colcon_core.package_identification:_identify(src) by extensions ['colcon_meta']
[0.251s] Level 1:colcon.colcon_core.package_identification:_identify(src) by extension 'colcon_meta'
[0.251s] Level 1:colcon.colcon_core.package_identification:_identify(src) by extensions ['ros']
[0.251s] Level 1:colcon.colcon_core.package_identification:_identify(src) by extension 'ros'
[0.251s] Level 1:colcon.colcon_core.package_identification:_identify(src) by extensions ['cmake', 'python']
[0.251s] Level 1:colcon.colcon_core.package_identification:_identify(src) by extension 'cmake'
[0.251s] Level 1:colcon.colcon_core.package_identification:_identify(src) by extension 'python'
[0.251s] Level 1:colcon.colcon_core.package_identification:_identify(src) by extensions ['python_setup_py']
[0.251s] Level 1:colcon.colcon_core.package_identification:_identify(src) by extension 'python_setup_py'
[0.251s] Level 1:colcon.colcon_core.package_identification:_identify(src/LIO-SAM) by extensions ['ignore', 'ignore_ament_install']
[0.251s] Level 1:colcon.colcon_core.package_identification:_identify(src/LIO-SAM) by extension 'ignore'
[0.251s] Level 1:colcon.colcon_core.package_identification:_identify(src/LIO-SAM) by extension 'ignore_ament_install'
[0.252s] Level 1:colcon.colcon_core.package_identification:_identify(src/LIO-SAM) by extensions ['colcon_pkg']
[0.252s] Level 1:colcon.colcon_core.package_identification:_identify(src/LIO-SAM) by extension 'colcon_pkg'
[0.252s] Level 1:colcon.colcon_core.package_identification:_identify(src/LIO-SAM) by extensions ['colcon_meta']
[0.252s] Level 1:colcon.colcon_core.package_identification:_identify(src/LIO-SAM) by extension 'colcon_meta'
[0.252s] Level 1:colcon.colcon_core.package_identification:_identify(src/LIO-SAM) by extensions ['ros']
[0.252s] Level 1:colcon.colcon_core.package_identification:_identify(src/LIO-SAM) by extension 'ros'
[0.253s] DEBUG:colcon.colcon_core.package_identification:Package 'src/LIO-SAM' with type 'ros.ament_cmake' and name 'lio_sam'
[0.254s] Level 1:colcon.colcon_core.package_identification:_identify(src/bluespace_ai_xsens_ros_mti_driver) by extensions ['ignore', 'ignore_ament_install']
[0.254s] Level 1:colcon.colcon_core.package_identification:_identify(src/bluespace_ai_xsens_ros_mti_driver) by extension 'ignore'
[0.254s] Level 1:colcon.colcon_core.package_identification:_identify(src/bluespace_ai_xsens_ros_mti_driver) by extension 'ignore_ament_install'
[0.254s] Level 1:colcon.colcon_core.package_identification:_identify(src/bluespace_ai_xsens_ros_mti_driver) by extensions ['colcon_pkg']
[0.254s] Level 1:colcon.colcon_core.package_identification:_identify(src/bluespace_ai_xsens_ros_mti_driver) by extension 'colcon_pkg'
[0.254s] Level 1:colcon.colcon_core.package_identification:_identify(src/bluespace_ai_xsens_ros_mti_driver) by extensions ['colcon_meta']
[0.254s] Level 1:colcon.colcon_core.package_identification:_identify(src/bluespace_ai_xsens_ros_mti_driver) by extension 'colcon_meta'
[0.254s] Level 1:colcon.colcon_core.package_identification:_identify(src/bluespace_ai_xsens_ros_mti_driver) by extensions ['ros']
[0.254s] Level 1:colcon.colcon_core.package_identification:_identify(src/bluespace_ai_xsens_ros_mti_driver) by extension 'ros'
[0.254s] DEBUG:colcon.colcon_core.package_identification:Package 'src/bluespace_ai_xsens_ros_mti_driver' with type 'ros.ament_cmake' and name 'bluespace_ai_xsens_mti_driver'
[0.254s] Level 1:colcon.colcon_core.package_identification:_identify(src/odometry_fus) by extensions ['ignore', 'ignore_ament_install']
[0.255s] Level 1:colcon.colcon_core.package_identification:_identify(src/odometry_fus) by extension 'ignore'
[0.255s] Level 1:colcon.colcon_core.package_identification:_identify(src/odometry_fus) by extension 'ignore_ament_install'
[0.255s] Level 1:colcon.colcon_core.package_identification:_identify(src/odometry_fus) by extensions ['colcon_pkg']
[0.255s] Level 1:colcon.colcon_core.package_identification:_identify(src/odometry_fus) by extension 'colcon_pkg'
[0.255s] Level 1:colcon.colcon_core.package_identification:_identify(src/odometry_fus) by extensions ['colcon_meta']
[0.255s] Level 1:colcon.colcon_core.package_identification:_identify(src/odometry_fus) by extension 'colcon_meta'
[0.255s] Level 1:colcon.colcon_core.package_identification:_identify(src/odometry_fus) by extensions ['ros']
[0.255s] Level 1:colcon.colcon_core.package_identification:_identify(src/odometry_fus) by extension 'ros'
[0.255s] DEBUG:colcon.colcon_core.package_identification:Package 'src/odometry_fus' with type 'ros.ament_cmake' and name 'odometry_fus'
[0.255s] Level 1:colcon.colcon_core.package_identification:_identify(src/ros2_control) by extensions ['ignore', 'ignore_ament_install']
[0.255s] Level 1:colcon.colcon_core.package_identification:_identify(src/ros2_control) by extension 'ignore'
[0.255s] Level 1:colcon.colcon_core.package_identification:_identify(src/ros2_control) by extension 'ignore_ament_install'
[0.255s] Level 1:colcon.colcon_core.package_identification:_identify(src/ros2_control) by extensions ['colcon_pkg']
[0.255s] Level 1:colcon.colcon_core.package_identification:_identify(src/ros2_control) by extension 'colcon_pkg'
[0.255s] Level 1:colcon.colcon_core.package_identification:_identify(src/ros2_control) by extensions ['colcon_meta']
[0.255s] Level 1:colcon.colcon_core.package_identification:_identify(src/ros2_control) by extension 'colcon_meta'
[0.255s] Level 1:colcon.colcon_core.package_identification:_identify(src/ros2_control) by extensions ['ros']
[0.255s] Level 1:colcon.colcon_core.package_identification:_identify(src/ros2_control) by extension 'ros'
[0.256s] Level 1:colcon.colcon_core.package_identification:_identify(src/ros2_control) by extensions ['cmake', 'python']
[0.256s] Level 1:colcon.colcon_core.package_identification:_identify(src/ros2_control) by extension 'cmake'
[0.256s] Level 1:colcon.colcon_core.package_identification:_identify(src/ros2_control) by extension 'python'
[0.256s] Level 1:colcon.colcon_core.package_identification:_identify(src/ros2_control) by extensions ['python_setup_py']
[0.256s] Level 1:colcon.colcon_core.package_identification:_identify(src/ros2_control) by extension 'python_setup_py'
[0.256s] Level 1:colcon.colcon_core.package_identification:_identify(src/ros2_control/ros2_control_t21_hardware) by extensions ['ignore', 'ignore_ament_install']
[0.256s] Level 1:colcon.colcon_core.package_identification:_identify(src/ros2_control/ros2_control_t21_hardware) by extension 'ignore'
[0.256s] Level 1:colcon.colcon_core.package_identification:_identify(src/ros2_control/ros2_control_t21_hardware) by extension 'ignore_ament_install'
[0.256s] Level 1:colcon.colcon_core.package_identification:_identify(src/ros2_control/ros2_control_t21_hardware) by extensions ['colcon_pkg']
[0.256s] Level 1:colcon.colcon_core.package_identification:_identify(src/ros2_control/ros2_control_t21_hardware) by extension 'colcon_pkg'
[0.256s] Level 1:colcon.colcon_core.package_identification:_identify(src/ros2_control/ros2_control_t21_hardware) by extensions ['colcon_meta']
[0.256s] Level 1:colcon.colcon_core.package_identification:_identify(src/ros2_control/ros2_control_t21_hardware) by extension 'colcon_meta'
[0.256s] Level 1:colcon.colcon_core.package_identification:_identify(src/ros2_control/ros2_control_t21_hardware) by extensions ['ros']
[0.256s] Level 1:colcon.colcon_core.package_identification:_identify(src/ros2_control/ros2_control_t21_hardware) by extension 'ros'
[0.257s] DEBUG:colcon.colcon_core.package_identification:Package 'src/ros2_control/ros2_control_t21_hardware' with type 'ros.ament_cmake' and name 't21_tracked'
[0.257s] Level 1:colcon.colcon_core.package_identification:_identify(src/t21_lidar) by extensions ['ignore', 'ignore_ament_install']
[0.257s] Level 1:colcon.colcon_core.package_identification:_identify(src/t21_lidar) by extension 'ignore'
[0.257s] Level 1:colcon.colcon_core.package_identification:_identify(src/t21_lidar) by extension 'ignore_ament_install'
[0.257s] Level 1:colcon.colcon_core.package_identification:_identify(src/t21_lidar) by extensions ['colcon_pkg']
[0.257s] Level 1:colcon.colcon_core.package_identification:_identify(src/t21_lidar) by extension 'colcon_pkg'
[0.257s] Level 1:colcon.colcon_core.package_identification:_identify(src/t21_lidar) by extensions ['colcon_meta']
[0.257s] Level 1:colcon.colcon_core.package_identification:_identify(src/t21_lidar) by extension 'colcon_meta'
[0.257s] Level 1:colcon.colcon_core.package_identification:_identify(src/t21_lidar) by extensions ['ros']
[0.257s] Level 1:colcon.colcon_core.package_identification:_identify(src/t21_lidar) by extension 'ros'
[0.258s] DEBUG:colcon.colcon_core.package_identification:Package 'src/t21_lidar' with type 'ros.ament_cmake' and name 't21_lidar'
[0.258s] Level 1:colcon.colcon_core.package_identification:_identify(src/t21_navigation) by extensions ['ignore', 'ignore_ament_install']
[0.258s] Level 1:colcon.colcon_core.package_identification:_identify(src/t21_navigation) by extension 'ignore'
[0.258s] Level 1:colcon.colcon_core.package_identification:_identify(src/t21_navigation) by extension 'ignore_ament_install'
[0.258s] Level 1:colcon.colcon_core.package_identification:_identify(src/t21_navigation) by extensions ['colcon_pkg']
[0.258s] Level 1:colcon.colcon_core.package_identification:_identify(src/t21_navigation) by extension 'colcon_pkg'
[0.258s] Level 1:colcon.colcon_core.package_identification:_identify(src/t21_navigation) by extensions ['colcon_meta']
[0.258s] Level 1:colcon.colcon_core.package_identification:_identify(src/t21_navigation) by extension 'colcon_meta'
[0.258s] Level 1:colcon.colcon_core.package_identification:_identify(src/t21_navigation) by extensions ['ros']
[0.258s] Level 1:colcon.colcon_core.package_identification:_identify(src/t21_navigation) by extension 'ros'
[0.259s] DEBUG:colcon.colcon_core.package_identification:Package 'src/t21_navigation' with type 'ros.ament_cmake' and name 't21_navigation'
[0.259s] Level 1:colcon.colcon_core.package_identification:_identify(src/t21_rtabmap) by extensions ['ignore', 'ignore_ament_install']
[0.259s] Level 1:colcon.colcon_core.package_identification:_identify(src/t21_rtabmap) by extension 'ignore'
[0.259s] Level 1:colcon.colcon_core.package_identification:_identify(src/t21_rtabmap) by extension 'ignore_ament_install'
[0.259s] Level 1:colcon.colcon_core.package_identification:_identify(src/t21_rtabmap) by extensions ['colcon_pkg']
[0.259s] Level 1:colcon.colcon_core.package_identification:_identify(src/t21_rtabmap) by extension 'colcon_pkg'
[0.259s] Level 1:colcon.colcon_core.package_identification:_identify(src/t21_rtabmap) by extensions ['colcon_meta']
[0.259s] Level 1:colcon.colcon_core.package_identification:_identify(src/t21_rtabmap) by extension 'colcon_meta'
[0.259s] Level 1:colcon.colcon_core.package_identification:_identify(src/t21_rtabmap) by extensions ['ros']
[0.259s] Level 1:colcon.colcon_core.package_identification:_identify(src/t21_rtabmap) by extension 'ros'
[0.260s] DEBUG:colcon.colcon_core.package_identification:Package 'src/t21_rtabmap' with type 'ros.ament_cmake' and name 't21_rtabmap'
[0.260s] Level 1:colcon.colcon_core.package_identification:_identify(src/t21_sim) by extensions ['ignore', 'ignore_ament_install']
[0.260s] Level 1:colcon.colcon_core.package_identification:_identify(src/t21_sim) by extension 'ignore'
[0.260s] Level 1:colcon.colcon_core.package_identification:_identify(src/t21_sim) by extension 'ignore_ament_install'
[0.260s] Level 1:colcon.colcon_core.package_identification:_identify(src/t21_sim) by extensions ['colcon_pkg']
[0.260s] Level 1:colcon.colcon_core.package_identification:_identify(src/t21_sim) by extension 'colcon_pkg'
[0.260s] Level 1:colcon.colcon_core.package_identification:_identify(src/t21_sim) by extensions ['colcon_meta']
[0.260s] Level 1:colcon.colcon_core.package_identification:_identify(src/t21_sim) by extension 'colcon_meta'
[0.260s] Level 1:colcon.colcon_core.package_identification:_identify(src/t21_sim) by extensions ['ros']
[0.260s] Level 1:colcon.colcon_core.package_identification:_identify(src/t21_sim) by extension 'ros'
[0.261s] DEBUG:colcon.colcon_core.package_identification:Package 'src/t21_sim' with type 'ros.ament_cmake' and name 't21_sim'
[0.261s] Level 1:colcon.colcon_core.package_identification:_identify(src/t21_teleop) by extensions ['ignore', 'ignore_ament_install']
[0.261s] Level 1:colcon.colcon_core.package_identification:_identify(src/t21_teleop) by extension 'ignore'
[0.261s] Level 1:colcon.colcon_core.package_identification:_identify(src/t21_teleop) by extension 'ignore_ament_install'
[0.261s] Level 1:colcon.colcon_core.package_identification:_identify(src/t21_teleop) by extensions ['colcon_pkg']
[0.261s] Level 1:colcon.colcon_core.package_identification:_identify(src/t21_teleop) by extension 'colcon_pkg'
[0.261s] Level 1:colcon.colcon_core.package_identification:_identify(src/t21_teleop) by extensions ['colcon_meta']
[0.261s] Level 1:colcon.colcon_core.package_identification:_identify(src/t21_teleop) by extension 'colcon_meta'
[0.261s] Level 1:colcon.colcon_core.package_identification:_identify(src/t21_teleop) by extensions ['ros']
[0.261s] Level 1:colcon.colcon_core.package_identification:_identify(src/t21_teleop) by extension 'ros'
[0.262s] DEBUG:colcon.colcon_core.package_identification:Package 'src/t21_teleop' with type 'ros.ament_python' and name 't21_teleop'
[0.262s] Level 1:colcon.colcon_core.package_identification:_identify(src/tracked_description) by extensions ['ignore', 'ignore_ament_install']
[0.262s] Level 1:colcon.colcon_core.package_identification:_identify(src/tracked_description) by extension 'ignore'
[0.262s] Level 1:colcon.colcon_core.package_identification:_identify(src/tracked_description) by extension 'ignore_ament_install'
[0.262s] Level 1:colcon.colcon_core.package_identification:_identify(src/tracked_description) by extensions ['colcon_pkg']
[0.262s] Level 1:colcon.colcon_core.package_identification:_identify(src/tracked_description) by extension 'colcon_pkg'
[0.262s] Level 1:colcon.colcon_core.package_identification:_identify(src/tracked_description) by extensions ['colcon_meta']
[0.262s] Level 1:colcon.colcon_core.package_identification:_identify(src/tracked_description) by extension 'colcon_meta'
[0.262s] Level 1:colcon.colcon_core.package_identification:_identify(src/tracked_description) by extensions ['ros']
[0.262s] Level 1:colcon.colcon_core.package_identification:_identify(src/tracked_description) by extension 'ros'
[0.263s] DEBUG:colcon.colcon_core.package_identification:Package 'src/tracked_description' with type 'ros.ament_cmake' and name 'tracked_description'
[0.263s] Level 1:colcon.colcon_core.package_identification:_identify(src/velodyne_simulator) by extensions ['ignore', 'ignore_ament_install']
[0.263s] Level 1:colcon.colcon_core.package_identification:_identify(src/velodyne_simulator) by extension 'ignore'
[0.263s] Level 1:colcon.colcon_core.package_identification:_identify(src/velodyne_simulator) by extension 'ignore_ament_install'
[0.263s] Level 1:colcon.colcon_core.package_identification:_identify(src/velodyne_simulator) by extensions ['colcon_pkg']
[0.263s] Level 1:colcon.colcon_core.package_identification:_identify(src/velodyne_simulator) by extension 'colcon_pkg'
[0.263s] Level 1:colcon.colcon_core.package_identification:_identify(src/velodyne_simulator) by extensions ['colcon_meta']
[0.263s] Level 1:colcon.colcon_core.package_identification:_identify(src/velodyne_simulator) by extension 'colcon_meta'
[0.263s] Level 1:colcon.colcon_core.package_identification:_identify(src/velodyne_simulator) by extensions ['ros']
[0.263s] Level 1:colcon.colcon_core.package_identification:_identify(src/velodyne_simulator) by extension 'ros'
[0.263s] Level 1:colcon.colcon_core.package_identification:_identify(src/velodyne_simulator) by extensions ['cmake', 'python']
[0.263s] Level 1:colcon.colcon_core.package_identification:_identify(src/velodyne_simulator) by extension 'cmake'
[0.263s] Level 1:colcon.colcon_core.package_identification:_identify(src/velodyne_simulator) by extension 'python'
[0.263s] Level 1:colcon.colcon_core.package_identification:_identify(src/velodyne_simulator) by extensions ['python_setup_py']
[0.263s] Level 1:colcon.colcon_core.package_identification:_identify(src/velodyne_simulator) by extension 'python_setup_py'
[0.263s] Level 1:colcon.colcon_core.package_identification:_identify(src/velodyne_simulator/img) by extensions ['ignore', 'ignore_ament_install']
[0.263s] Level 1:colcon.colcon_core.package_identification:_identify(src/velodyne_simulator/img) by extension 'ignore'
[0.263s] Level 1:colcon.colcon_core.package_identification:_identify(src/velodyne_simulator/img) by extension 'ignore_ament_install'
[0.263s] Level 1:colcon.colcon_core.package_identification:_identify(src/velodyne_simulator/img) by extensions ['colcon_pkg']
[0.263s] Level 1:colcon.colcon_core.package_identification:_identify(src/velodyne_simulator/img) by extension 'colcon_pkg'
[0.263s] Level 1:colcon.colcon_core.package_identification:_identify(src/velodyne_simulator/img) by extensions ['colcon_meta']
[0.263s] Level 1:colcon.colcon_core.package_identification:_identify(src/velodyne_simulator/img) by extension 'colcon_meta'
[0.263s] Level 1:colcon.colcon_core.package_identification:_identify(src/velodyne_simulator/img) by extensions ['ros']
[0.263s] Level 1:colcon.colcon_core.package_identification:_identify(src/velodyne_simulator/img) by extension 'ros'
[0.263s] Level 1:colcon.colcon_core.package_identification:_identify(src/velodyne_simulator/img) by extensions ['cmake', 'python']
[0.263s] Level 1:colcon.colcon_core.package_identification:_identify(src/velodyne_simulator/img) by extension 'cmake'
[0.263s] Level 1:colcon.colcon_core.package_identification:_identify(src/velodyne_simulator/img) by extension 'python'
[0.263s] Level 1:colcon.colcon_core.package_identification:_identify(src/velodyne_simulator/img) by extensions ['python_setup_py']
[0.263s] Level 1:colcon.colcon_core.package_identification:_identify(src/velodyne_simulator/img) by extension 'python_setup_py'
[0.263s] Level 1:colcon.colcon_core.package_identification:_identify(src/velodyne_simulator/velodyne_description) by extensions ['ignore', 'ignore_ament_install']
[0.263s] Level 1:colcon.colcon_core.package_identification:_identify(src/velodyne_simulator/velodyne_description) by extension 'ignore'
[0.263s] Level 1:colcon.colcon_core.package_identification:_identify(src/velodyne_simulator/velodyne_description) by extension 'ignore_ament_install'
[0.263s] Level 1:colcon.colcon_core.package_identification:_identify(src/velodyne_simulator/velodyne_description) by extensions ['colcon_pkg']
[0.264s] Level 1:colcon.colcon_core.package_identification:_identify(src/velodyne_simulator/velodyne_description) by extension 'colcon_pkg'
[0.264s] Level 1:colcon.colcon_core.package_identification:_identify(src/velodyne_simulator/velodyne_description) by extensions ['colcon_meta']
[0.264s] Level 1:colcon.colcon_core.package_identification:_identify(src/velodyne_simulator/velodyne_description) by extension 'colcon_meta'
[0.264s] Level 1:colcon.colcon_core.package_identification:_identify(src/velodyne_simulator/velodyne_description) by extensions ['ros']
[0.264s] Level 1:colcon.colcon_core.package_identification:_identify(src/velodyne_simulator/velodyne_description) by extension 'ros'
[0.264s] DEBUG:colcon.colcon_core.package_identification:Package 'src/velodyne_simulator/velodyne_description' with type 'ros.ament_cmake' and name 'velodyne_description'
[0.264s] Level 1:colcon.colcon_core.package_identification:_identify(src/velodyne_simulator/velodyne_gazebo_plugins) by extensions ['ignore', 'ignore_ament_install']
[0.264s] Level 1:colcon.colcon_core.package_identification:_identify(src/velodyne_simulator/velodyne_gazebo_plugins) by extension 'ignore'
[0.264s] Level 1:colcon.colcon_core.package_identification:_identify(src/velodyne_simulator/velodyne_gazebo_plugins) by extension 'ignore_ament_install'
[0.264s] Level 1:colcon.colcon_core.package_identification:_identify(src/velodyne_simulator/velodyne_gazebo_plugins) by extensions ['colcon_pkg']
[0.264s] Level 1:colcon.colcon_core.package_identification:_identify(src/velodyne_simulator/velodyne_gazebo_plugins) by extension 'colcon_pkg'
[0.264s] Level 1:colcon.colcon_core.package_identification:_identify(src/velodyne_simulator/velodyne_gazebo_plugins) by extensions ['colcon_meta']
[0.264s] Level 1:colcon.colcon_core.package_identification:_identify(src/velodyne_simulator/velodyne_gazebo_plugins) by extension 'colcon_meta'
[0.264s] Level 1:colcon.colcon_core.package_identification:_identify(src/velodyne_simulator/velodyne_gazebo_plugins) by extensions ['ros']
[0.264s] Level 1:colcon.colcon_core.package_identification:_identify(src/velodyne_simulator/velodyne_gazebo_plugins) by extension 'ros'
[0.265s] DEBUG:colcon.colcon_core.package_identification:Package 'src/velodyne_simulator/velodyne_gazebo_plugins' with type 'ros.ament_cmake' and name 'velodyne_gazebo_plugins'
[0.265s] Level 1:colcon.colcon_core.package_identification:_identify(src/velodyne_simulator/velodyne_simulator) by extensions ['ignore', 'ignore_ament_install']
[0.265s] Level 1:colcon.colcon_core.package_identification:_identify(src/velodyne_simulator/velodyne_simulator) by extension 'ignore'
[0.265s] Level 1:colcon.colcon_core.package_identification:_identify(src/velodyne_simulator/velodyne_simulator) by extension 'ignore_ament_install'
[0.265s] Level 1:colcon.colcon_core.package_identification:_identify(src/velodyne_simulator/velodyne_simulator) by extensions ['colcon_pkg']
[0.265s] Level 1:colcon.colcon_core.package_identification:_identify(src/velodyne_simulator/velodyne_simulator) by extension 'colcon_pkg'
[0.265s] Level 1:colcon.colcon_core.package_identification:_identify(src/velodyne_simulator/velodyne_simulator) by extensions ['colcon_meta']
[0.265s] Level 1:colcon.colcon_core.package_identification:_identify(src/velodyne_simulator/velodyne_simulator) by extension 'colcon_meta'
[0.265s] Level 1:colcon.colcon_core.package_identification:_identify(src/velodyne_simulator/velodyne_simulator) by extensions ['ros']
[0.265s] Level 1:colcon.colcon_core.package_identification:_identify(src/velodyne_simulator/velodyne_simulator) by extension 'ros'
[0.266s] DEBUG:colcon.colcon_core.package_identification:Package 'src/velodyne_simulator/velodyne_simulator' with type 'ros.ament_cmake' and name 'velodyne_simulator'
[0.266s] Level 1:colcon.colcon_core.package_discovery:discover_packages(recursive) using defaults
[0.266s] Level 1:colcon.colcon_core.package_discovery:discover_packages(ignore) discover
[0.266s] Level 1:colcon.colcon_core.package_discovery:discover_packages(ignore) using defaults
[0.266s] Level 1:colcon.colcon_core.package_discovery:discover_packages(path) discover
[0.266s] Level 1:colcon.colcon_core.package_discovery:discover_packages(path) using defaults
[0.284s] Level 1:colcon.colcon_core.package_discovery:discover_packages(prefix_path) check parameters
[0.284s] Level 1:colcon.colcon_core.package_discovery:discover_packages(prefix_path) discover
[0.286s] DEBUG:colcon.colcon_installed_package_information.package_discovery:Found 13 installed packages in /home/kirill/VNIIA/Projects/black_plat/install
[0.287s] DEBUG:colcon.colcon_installed_package_information.package_discovery:Found 477 installed packages in /opt/ros/humble
[0.289s] Level 1:colcon.colcon_core.package_discovery:discover_packages(prefix_path) using defaults
[0.326s] Level 5:colcon.colcon_core.verb:set package 'bluespace_ai_xsens_mti_driver' build argument 'cmake_args' from command line to 'None'
[0.326s] Level 5:colcon.colcon_core.verb:set package 'bluespace_ai_xsens_mti_driver' build argument 'cmake_target' from command line to 'None'
[0.326s] Level 5:colcon.colcon_core.verb:set package 'bluespace_ai_xsens_mti_driver' build argument 'cmake_target_skip_unavailable' from command line to 'False'
[0.326s] Level 5:colcon.colcon_core.verb:set package 'bluespace_ai_xsens_mti_driver' build argument 'cmake_clean_cache' from command line to 'False'
[0.326s] Level 5:colcon.colcon_core.verb:set package 'bluespace_ai_xsens_mti_driver' build argument 'cmake_clean_first' from command line to 'False'
[0.326s] Level 5:colcon.colcon_core.verb:set package 'bluespace_ai_xsens_mti_driver' build argument 'cmake_force_configure' from command line to 'False'
[0.326s] Level 5:colcon.colcon_core.verb:set package 'bluespace_ai_xsens_mti_driver' build argument 'ament_cmake_args' from command line to 'None'
[0.326s] Level 5:colcon.colcon_core.verb:set package 'bluespace_ai_xsens_mti_driver' build argument 'catkin_cmake_args' from command line to 'None'
[0.326s] Level 5:colcon.colcon_core.verb:set package 'bluespace_ai_xsens_mti_driver' build argument 'catkin_skip_building_tests' from command line to 'False'
[0.326s] DEBUG:colcon.colcon_core.verb:Building package 'bluespace_ai_xsens_mti_driver' with the following arguments: {'ament_cmake_args': None, 'build_base': '/home/kirill/VNIIA/Projects/black_plat/build/bluespace_ai_xsens_mti_driver', 'catkin_cmake_args': None, 'catkin_skip_building_tests': False, 'cmake_args': None, 'cmake_clean_cache': False, 'cmake_clean_first': False, 'cmake_force_configure': False, 'cmake_target': None, 'cmake_target_skip_unavailable': False, 'install_base': '/home/kirill/VNIIA/Projects/black_plat/install/bluespace_ai_xsens_mti_driver', 'merge_install': False, 'path': '/home/kirill/VNIIA/Projects/black_plat/src/bluespace_ai_xsens_ros_mti_driver', 'symlink_install': False, 'test_result_base': None}
[0.326s] Level 5:colcon.colcon_core.verb:set package 'lio_sam' build argument 'cmake_args' from command line to 'None'
[0.327s] Level 5:colcon.colcon_core.verb:set package 'lio_sam' build argument 'cmake_target' from command line to 'None'
[0.327s] Level 5:colcon.colcon_core.verb:set package 'lio_sam' build argument 'cmake_target_skip_unavailable' from command line to 'False'
[0.327s] Level 5:colcon.colcon_core.verb:set package 'lio_sam' build argument 'cmake_clean_cache' from command line to 'False'
[0.327s] Level 5:colcon.colcon_core.verb:set package 'lio_sam' build argument 'cmake_clean_first' from command line to 'False'
[0.327s] Level 5:colcon.colcon_core.verb:set package 'lio_sam' build argument 'cmake_force_configure' from command line to 'False'
[0.327s] Level 5:colcon.colcon_core.verb:set package 'lio_sam' build argument 'ament_cmake_args' from command line to 'None'
[0.327s] Level 5:colcon.colcon_core.verb:set package 'lio_sam' build argument 'catkin_cmake_args' from command line to 'None'
[0.327s] Level 5:colcon.colcon_core.verb:set package 'lio_sam' build argument 'catkin_skip_building_tests' from command line to 'False'
[0.327s] DEBUG:colcon.colcon_core.verb:Building package 'lio_sam' with the following arguments: {'ament_cmake_args': None, 'build_base': '/home/kirill/VNIIA/Projects/black_plat/build/lio_sam', 'catkin_cmake_args': None, 'catkin_skip_building_tests': False, 'cmake_args': None, 'cmake_clean_cache': False, 'cmake_clean_first': False, 'cmake_force_configure': False, 'cmake_target': None, 'cmake_target_skip_unavailable': False, 'install_base': '/home/kirill/VNIIA/Projects/black_plat/install/lio_sam', 'merge_install': False, 'path': '/home/kirill/VNIIA/Projects/black_plat/src/LIO-SAM', 'symlink_install': False, 'test_result_base': None}
[0.327s] Level 5:colcon.colcon_core.verb:set package 'odometry_fus' build argument 'cmake_args' from command line to 'None'
[0.327s] Level 5:colcon.colcon_core.verb:set package 'odometry_fus' build argument 'cmake_target' from command line to 'None'
[0.327s] Level 5:colcon.colcon_core.verb:set package 'odometry_fus' build argument 'cmake_target_skip_unavailable' from command line to 'False'
[0.327s] Level 5:colcon.colcon_core.verb:set package 'odometry_fus' build argument 'cmake_clean_cache' from command line to 'False'
[0.327s] Level 5:colcon.colcon_core.verb:set package 'odometry_fus' build argument 'cmake_clean_first' from command line to 'False'
[0.327s] Level 5:colcon.colcon_core.verb:set package 'odometry_fus' build argument 'cmake_force_configure' from command line to 'False'
[0.327s] Level 5:colcon.colcon_core.verb:set package 'odometry_fus' build argument 'ament_cmake_args' from command line to 'None'
[0.327s] Level 5:colcon.colcon_core.verb:set package 'odometry_fus' build argument 'catkin_cmake_args' from command line to 'None'
[0.327s] Level 5:colcon.colcon_core.verb:set package 'odometry_fus' build argument 'catkin_skip_building_tests' from command line to 'False'
[0.327s] DEBUG:colcon.colcon_core.verb:Building package 'odometry_fus' with the following arguments: {'ament_cmake_args': None, 'build_base': '/home/kirill/VNIIA/Projects/black_plat/build/odometry_fus', 'catkin_cmake_args': None, 'catkin_skip_building_tests': False, 'cmake_args': None, 'cmake_clean_cache': False, 'cmake_clean_first': False, 'cmake_force_configure': False, 'cmake_target': None, 'cmake_target_skip_unavailable': False, 'install_base': '/home/kirill/VNIIA/Projects/black_plat/install/odometry_fus', 'merge_install': False, 'path': '/home/kirill/VNIIA/Projects/black_plat/src/odometry_fus', 'symlink_install': False, 'test_result_base': None}
[0.327s] Level 5:colcon.colcon_core.verb:set package 't21_lidar' build argument 'cmake_args' from command line to 'None'
[0.327s] Level 5:colcon.colcon_core.verb:set package 't21_lidar' build argument 'cmake_target' from command line to 'None'
[0.327s] Level 5:colcon.colcon_core.verb:set package 't21_lidar' build argument 'cmake_target_skip_unavailable' from command line to 'False'
[0.327s] Level 5:colcon.colcon_core.verb:set package 't21_lidar' build argument 'cmake_clean_cache' from command line to 'False'
[0.327s] Level 5:colcon.colcon_core.verb:set package 't21_lidar' build argument 'cmake_clean_first' from command line to 'False'
[0.327s] Level 5:colcon.colcon_core.verb:set package 't21_lidar' build argument 'cmake_force_configure' from command line to 'False'
[0.327s] Level 5:colcon.colcon_core.verb:set package 't21_lidar' build argument 'ament_cmake_args' from command line to 'None'
[0.327s] Level 5:colcon.colcon_core.verb:set package 't21_lidar' build argument 'catkin_cmake_args' from command line to 'None'
[0.327s] Level 5:colcon.colcon_core.verb:set package 't21_lidar' build argument 'catkin_skip_building_tests' from command line to 'False'
[0.327s] DEBUG:colcon.colcon_core.verb:Building package 't21_lidar' with the following arguments: {'ament_cmake_args': None, 'build_base': '/home/kirill/VNIIA/Projects/black_plat/build/t21_lidar', 'catkin_cmake_args': None, 'catkin_skip_building_tests': False, 'cmake_args': None, 'cmake_clean_cache': False, 'cmake_clean_first': False, 'cmake_force_configure': False, 'cmake_target': None, 'cmake_target_skip_unavailable': False, 'install_base': '/home/kirill/VNIIA/Projects/black_plat/install/t21_lidar', 'merge_install': False, 'path': '/home/kirill/VNIIA/Projects/black_plat/src/t21_lidar', 'symlink_install': False, 'test_result_base': None}
[0.328s] Level 5:colcon.colcon_core.verb:set package 't21_navigation' build argument 'cmake_args' from command line to 'None'
[0.328s] Level 5:colcon.colcon_core.verb:set package 't21_navigation' build argument 'cmake_target' from command line to 'None'
[0.328s] Level 5:colcon.colcon_core.verb:set package 't21_navigation' build argument 'cmake_target_skip_unavailable' from command line to 'False'
[0.328s] Level 5:colcon.colcon_core.verb:set package 't21_navigation' build argument 'cmake_clean_cache' from command line to 'False'
[0.328s] Level 5:colcon.colcon_core.verb:set package 't21_navigation' build argument 'cmake_clean_first' from command line to 'False'
[0.328s] Level 5:colcon.colcon_core.verb:set package 't21_navigation' build argument 'cmake_force_configure' from command line to 'False'
[0.328s] Level 5:colcon.colcon_core.verb:set package 't21_navigation' build argument 'ament_cmake_args' from command line to 'None'
[0.328s] Level 5:colcon.colcon_core.verb:set package 't21_navigation' build argument 'catkin_cmake_args' from command line to 'None'
[0.328s] Level 5:colcon.colcon_core.verb:set package 't21_navigation' build argument 'catkin_skip_building_tests' from command line to 'False'
[0.328s] DEBUG:colcon.colcon_core.verb:Building package 't21_navigation' with the following arguments: {'ament_cmake_args': None, 'build_base': '/home/kirill/VNIIA/Projects/black_plat/build/t21_navigation', 'catkin_cmake_args': None, 'catkin_skip_building_tests': False, 'cmake_args': None, 'cmake_clean_cache': False, 'cmake_clean_first': False, 'cmake_force_configure': False, 'cmake_target': None, 'cmake_target_skip_unavailable': False, 'install_base': '/home/kirill/VNIIA/Projects/black_plat/install/t21_navigation', 'merge_install': False, 'path': '/home/kirill/VNIIA/Projects/black_plat/src/t21_navigation', 'symlink_install': False, 'test_result_base': None}
[0.328s] Level 5:colcon.colcon_core.verb:set package 't21_rtabmap' build argument 'cmake_args' from command line to 'None'
[0.328s] Level 5:colcon.colcon_core.verb:set package 't21_rtabmap' build argument 'cmake_target' from command line to 'None'
[0.328s] Level 5:colcon.colcon_core.verb:set package 't21_rtabmap' build argument 'cmake_target_skip_unavailable' from command line to 'False'
[0.328s] Level 5:colcon.colcon_core.verb:set package 't21_rtabmap' build argument 'cmake_clean_cache' from command line to 'False'
[0.328s] Level 5:colcon.colcon_core.verb:set package 't21_rtabmap' build argument 'cmake_clean_first' from command line to 'False'
[0.328s] Level 5:colcon.colcon_core.verb:set package 't21_rtabmap' build argument 'cmake_force_configure' from command line to 'False'
[0.328s] Level 5:colcon.colcon_core.verb:set package 't21_rtabmap' build argument 'ament_cmake_args' from command line to 'None'
[0.328s] Level 5:colcon.colcon_core.verb:set package 't21_rtabmap' build argument 'catkin_cmake_args' from command line to 'None'
[0.328s] Level 5:colcon.colcon_core.verb:set package 't21_rtabmap' build argument 'catkin_skip_building_tests' from command line to 'False'
[0.328s] DEBUG:colcon.colcon_core.verb:Building package 't21_rtabmap' with the following arguments: {'ament_cmake_args': None, 'build_base': '/home/kirill/VNIIA/Projects/black_plat/build/t21_rtabmap', 'catkin_cmake_args': None, 'catkin_skip_building_tests': False, 'cmake_args': None, 'cmake_clean_cache': False, 'cmake_clean_first': False, 'cmake_force_configure': False, 'cmake_target': None, 'cmake_target_skip_unavailable': False, 'install_base': '/home/kirill/VNIIA/Projects/black_plat/install/t21_rtabmap', 'merge_install': False, 'path': '/home/kirill/VNIIA/Projects/black_plat/src/t21_rtabmap', 'symlink_install': False, 'test_result_base': None}
[0.328s] Level 5:colcon.colcon_core.verb:set package 't21_teleop' build argument 'cmake_args' from command line to 'None'
[0.328s] Level 5:colcon.colcon_core.verb:set package 't21_teleop' build argument 'cmake_target' from command line to 'None'
[0.328s] Level 5:colcon.colcon_core.verb:set package 't21_teleop' build argument 'cmake_target_skip_unavailable' from command line to 'False'
[0.328s] Level 5:colcon.colcon_core.verb:set package 't21_teleop' build argument 'cmake_clean_cache' from command line to 'False'
[0.328s] Level 5:colcon.colcon_core.verb:set package 't21_teleop' build argument 'cmake_clean_first' from command line to 'False'
[0.328s] Level 5:colcon.colcon_core.verb:set package 't21_teleop' build argument 'cmake_force_configure' from command line to 'False'
[0.328s] Level 5:colcon.colcon_core.verb:set package 't21_teleop' build argument 'ament_cmake_args' from command line to 'None'
[0.328s] Level 5:colcon.colcon_core.verb:set package 't21_teleop' build argument 'catkin_cmake_args' from command line to 'None'
[0.328s] Level 5:colcon.colcon_core.verb:set package 't21_teleop' build argument 'catkin_skip_building_tests' from command line to 'False'
[0.328s] DEBUG:colcon.colcon_core.verb:Building package 't21_teleop' with the following arguments: {'ament_cmake_args': None, 'build_base': '/home/kirill/VNIIA/Projects/black_plat/build/t21_teleop', 'catkin_cmake_args': None, 'catkin_skip_building_tests': False, 'cmake_args': None, 'cmake_clean_cache': False, 'cmake_clean_first': False, 'cmake_force_configure': False, 'cmake_target': None, 'cmake_target_skip_unavailable': False, 'install_base': '/home/kirill/VNIIA/Projects/black_plat/install/t21_teleop', 'merge_install': False, 'path': '/home/kirill/VNIIA/Projects/black_plat/src/t21_teleop', 'symlink_install': False, 'test_result_base': None}
[0.329s] Level 5:colcon.colcon_core.verb:set package 't21_tracked' build argument 'cmake_args' from command line to 'None'
[0.329s] Level 5:colcon.colcon_core.verb:set package 't21_tracked' build argument 'cmake_target' from command line to 'None'
[0.329s] Level 5:colcon.colcon_core.verb:set package 't21_tracked' build argument 'cmake_target_skip_unavailable' from command line to 'False'
[0.329s] Level 5:colcon.colcon_core.verb:set package 't21_tracked' build argument 'cmake_clean_cache' from command line to 'False'
[0.329s] Level 5:colcon.colcon_core.verb:set package 't21_tracked' build argument 'cmake_clean_first' from command line to 'False'
[0.329s] Level 5:colcon.colcon_core.verb:set package 't21_tracked' build argument 'cmake_force_configure' from command line to 'False'
[0.329s] Level 5:colcon.colcon_core.verb:set package 't21_tracked' build argument 'ament_cmake_args' from command line to 'None'
[0.329s] Level 5:colcon.colcon_core.verb:set package 't21_tracked' build argument 'catkin_cmake_args' from command line to 'None'
[0.329s] Level 5:colcon.colcon_core.verb:set package 't21_tracked' build argument 'catkin_skip_building_tests' from command line to 'False'
[0.329s] DEBUG:colcon.colcon_core.verb:Building package 't21_tracked' with the following arguments: {'ament_cmake_args': None, 'build_base': '/home/kirill/VNIIA/Projects/black_plat/build/t21_tracked', 'catkin_cmake_args': None, 'catkin_skip_building_tests': False, 'cmake_args': None, 'cmake_clean_cache': False, 'cmake_clean_first': False, 'cmake_force_configure': False, 'cmake_target': None, 'cmake_target_skip_unavailable': False, 'install_base': '/home/kirill/VNIIA/Projects/black_plat/install/t21_tracked', 'merge_install': False, 'path': '/home/kirill/VNIIA/Projects/black_plat/src/ros2_control/ros2_control_t21_hardware', 'symlink_install': False, 'test_result_base': None}
[0.329s] Level 5:colcon.colcon_core.verb:set package 'velodyne_description' build argument 'cmake_args' from command line to 'None'
[0.329s] Level 5:colcon.colcon_core.verb:set package 'velodyne_description' build argument 'cmake_target' from command line to 'None'
[0.329s] Level 5:colcon.colcon_core.verb:set package 'velodyne_description' build argument 'cmake_target_skip_unavailable' from command line to 'False'
[0.329s] Level 5:colcon.colcon_core.verb:set package 'velodyne_description' build argument 'cmake_clean_cache' from command line to 'False'
[0.329s] Level 5:colcon.colcon_core.verb:set package 'velodyne_description' build argument 'cmake_clean_first' from command line to 'False'
[0.329s] Level 5:colcon.colcon_core.verb:set package 'velodyne_description' build argument 'cmake_force_configure' from command line to 'False'
[0.329s] Level 5:colcon.colcon_core.verb:set package 'velodyne_description' build argument 'ament_cmake_args' from command line to 'None'
[0.329s] Level 5:colcon.colcon_core.verb:set package 'velodyne_description' build argument 'catkin_cmake_args' from command line to 'None'
[0.329s] Level 5:colcon.colcon_core.verb:set package 'velodyne_description' build argument 'catkin_skip_building_tests' from command line to 'False'
[0.329s] DEBUG:colcon.colcon_core.verb:Building package 'velodyne_description' with the following arguments: {'ament_cmake_args': None, 'build_base': '/home/kirill/VNIIA/Projects/black_plat/build/velodyne_description', 'catkin_cmake_args': None, 'catkin_skip_building_tests': False, 'cmake_args': None, 'cmake_clean_cache': False, 'cmake_clean_first': False, 'cmake_force_configure': False, 'cmake_target': None, 'cmake_target_skip_unavailable': False, 'install_base': '/home/kirill/VNIIA/Projects/black_plat/install/velodyne_description', 'merge_install': False, 'path': '/home/kirill/VNIIA/Projects/black_plat/src/velodyne_simulator/velodyne_description', 'symlink_install': False, 'test_result_base': None}
[0.329s] Level 5:colcon.colcon_core.verb:set package 'velodyne_gazebo_plugins' build argument 'cmake_args' from command line to 'None'
[0.329s] Level 5:colcon.colcon_core.verb:set package 'velodyne_gazebo_plugins' build argument 'cmake_target' from command line to 'None'
[0.329s] Level 5:colcon.colcon_core.verb:set package 'velodyne_gazebo_plugins' build argument 'cmake_target_skip_unavailable' from command line to 'False'
[0.329s] Level 5:colcon.colcon_core.verb:set package 'velodyne_gazebo_plugins' build argument 'cmake_clean_cache' from command line to 'False'
[0.329s] Level 5:colcon.colcon_core.verb:set package 'velodyne_gazebo_plugins' build argument 'cmake_clean_first' from command line to 'False'
[0.329s] Level 5:colcon.colcon_core.verb:set package 'velodyne_gazebo_plugins' build argument 'cmake_force_configure' from command line to 'False'
[0.329s] Level 5:colcon.colcon_core.verb:set package 'velodyne_gazebo_plugins' build argument 'ament_cmake_args' from command line to 'None'
[0.329s] Level 5:colcon.colcon_core.verb:set package 'velodyne_gazebo_plugins' build argument 'catkin_cmake_args' from command line to 'None'
[0.329s] Level 5:colcon.colcon_core.verb:set package 'velodyne_gazebo_plugins' build argument 'catkin_skip_building_tests' from command line to 'False'
[0.329s] DEBUG:colcon.colcon_core.verb:Building package 'velodyne_gazebo_plugins' with the following arguments: {'ament_cmake_args': None, 'build_base': '/home/kirill/VNIIA/Projects/black_plat/build/velodyne_gazebo_plugins', 'catkin_cmake_args': None, 'catkin_skip_building_tests': False, 'cmake_args': None, 'cmake_clean_cache': False, 'cmake_clean_first': False, 'cmake_force_configure': False, 'cmake_target': None, 'cmake_target_skip_unavailable': False, 'install_base': '/home/kirill/VNIIA/Projects/black_plat/install/velodyne_gazebo_plugins', 'merge_install': False, 'path': '/home/kirill/VNIIA/Projects/black_plat/src/velodyne_simulator/velodyne_gazebo_plugins', 'symlink_install': False, 'test_result_base': None}
[0.330s] Level 5:colcon.colcon_core.verb:set package 'tracked_description' build argument 'cmake_args' from command line to 'None'
[0.330s] Level 5:colcon.colcon_core.verb:set package 'tracked_description' build argument 'cmake_target' from command line to 'None'
[0.330s] Level 5:colcon.colcon_core.verb:set package 'tracked_description' build argument 'cmake_target_skip_unavailable' from command line to 'False'
[0.330s] Level 5:colcon.colcon_core.verb:set package 'tracked_description' build argument 'cmake_clean_cache' from command line to 'False'
[0.330s] Level 5:colcon.colcon_core.verb:set package 'tracked_description' build argument 'cmake_clean_first' from command line to 'False'
[0.330s] Level 5:colcon.colcon_core.verb:set package 'tracked_description' build argument 'cmake_force_configure' from command line to 'False'
[0.330s] Level 5:colcon.colcon_core.verb:set package 'tracked_description' build argument 'ament_cmake_args' from command line to 'None'
[0.330s] Level 5:colcon.colcon_core.verb:set package 'tracked_description' build argument 'catkin_cmake_args' from command line to 'None'
[0.330s] Level 5:colcon.colcon_core.verb:set package 'tracked_description' build argument 'catkin_skip_building_tests' from command line to 'False'
[0.330s] DEBUG:colcon.colcon_core.verb:Building package 'tracked_description' with the following arguments: {'ament_cmake_args': None, 'build_base': '/home/kirill/VNIIA/Projects/black_plat/build/tracked_description', 'catkin_cmake_args': None, 'catkin_skip_building_tests': False, 'cmake_args': None, 'cmake_clean_cache': False, 'cmake_clean_first': False, 'cmake_force_configure': False, 'cmake_target': None, 'cmake_target_skip_unavailable': False, 'install_base': '/home/kirill/VNIIA/Projects/black_plat/install/tracked_description', 'merge_install': False, 'path': '/home/kirill/VNIIA/Projects/black_plat/src/tracked_description', 'symlink_install': False, 'test_result_base': None}
[0.330s] Level 5:colcon.colcon_core.verb:set package 'velodyne_simulator' build argument 'cmake_args' from command line to 'None'
[0.330s] Level 5:colcon.colcon_core.verb:set package 'velodyne_simulator' build argument 'cmake_target' from command line to 'None'
[0.330s] Level 5:colcon.colcon_core.verb:set package 'velodyne_simulator' build argument 'cmake_target_skip_unavailable' from command line to 'False'
[0.330s] Level 5:colcon.colcon_core.verb:set package 'velodyne_simulator' build argument 'cmake_clean_cache' from command line to 'False'
[0.330s] Level 5:colcon.colcon_core.verb:set package 'velodyne_simulator' build argument 'cmake_clean_first' from command line to 'False'
[0.330s] Level 5:colcon.colcon_core.verb:set package 'velodyne_simulator' build argument 'cmake_force_configure' from command line to 'False'
[0.330s] Level 5:colcon.colcon_core.verb:set package 'velodyne_simulator' build argument 'ament_cmake_args' from command line to 'None'
[0.330s] Level 5:colcon.colcon_core.verb:set package 'velodyne_simulator' build argument 'catkin_cmake_args' from command line to 'None'
[0.330s] Level 5:colcon.colcon_core.verb:set package 'velodyne_simulator' build argument 'catkin_skip_building_tests' from command line to 'False'
[0.330s] DEBUG:colcon.colcon_core.verb:Building package 'velodyne_simulator' with the following arguments: {'ament_cmake_args': None, 'build_base': '/home/kirill/VNIIA/Projects/black_plat/build/velodyne_simulator', 'catkin_cmake_args': None, 'catkin_skip_building_tests': False, 'cmake_args': None, 'cmake_clean_cache': False, 'cmake_clean_first': False, 'cmake_force_configure': False, 'cmake_target': None, 'cmake_target_skip_unavailable': False, 'install_base': '/home/kirill/VNIIA/Projects/black_plat/install/velodyne_simulator', 'merge_install': False, 'path': '/home/kirill/VNIIA/Projects/black_plat/src/velodyne_simulator/velodyne_simulator', 'symlink_install': False, 'test_result_base': None}
[0.330s] Level 5:colcon.colcon_core.verb:set package 't21_sim' build argument 'cmake_args' from command line to 'None'
[0.330s] Level 5:colcon.colcon_core.verb:set package 't21_sim' build argument 'cmake_target' from command line to 'None'
[0.330s] Level 5:colcon.colcon_core.verb:set package 't21_sim' build argument 'cmake_target_skip_unavailable' from command line to 'False'
[0.330s] Level 5:colcon.colcon_core.verb:set package 't21_sim' build argument 'cmake_clean_cache' from command line to 'False'
[0.330s] Level 5:colcon.colcon_core.verb:set package 't21_sim' build argument 'cmake_clean_first' from command line to 'False'
[0.330s] Level 5:colcon.colcon_core.verb:set package 't21_sim' build argument 'cmake_force_configure' from command line to 'False'
[0.331s] Level 5:colcon.colcon_core.verb:set package 't21_sim' build argument 'ament_cmake_args' from command line to 'None'
[0.331s] Level 5:colcon.colcon_core.verb:set package 't21_sim' build argument 'catkin_cmake_args' from command line to 'None'
[0.331s] Level 5:colcon.colcon_core.verb:set package 't21_sim' build argument 'catkin_skip_building_tests' from command line to 'False'
[0.331s] DEBUG:colcon.colcon_core.verb:Building package 't21_sim' with the following arguments: {'ament_cmake_args': None, 'build_base': '/home/kirill/VNIIA/Projects/black_plat/build/t21_sim', 'catkin_cmake_args': None, 'catkin_skip_building_tests': False, 'cmake_args': None, 'cmake_clean_cache': False, 'cmake_clean_first': False, 'cmake_force_configure': False, 'cmake_target': None, 'cmake_target_skip_unavailable': False, 'install_base': '/home/kirill/VNIIA/Projects/black_plat/install/t21_sim', 'merge_install': False, 'path': '/home/kirill/VNIIA/Projects/black_plat/src/t21_sim', 'symlink_install': False, 'test_result_base': None}
[0.331s] INFO:colcon.colcon_core.executor:Executing jobs using 'parallel' executor
[0.331s] DEBUG:colcon.colcon_parallel_executor.executor.parallel:run_until_complete
[0.332s] INFO:colcon.colcon_ros.task.ament_cmake.build:Building ROS package in '/home/kirill/VNIIA/Projects/black_plat/src/bluespace_ai_xsens_ros_mti_driver' with build type 'ament_cmake'
[0.332s] INFO:colcon.colcon_cmake.task.cmake.build:Building CMake package in '/home/kirill/VNIIA/Projects/black_plat/src/bluespace_ai_xsens_ros_mti_driver'
[0.334s] INFO:colcon.colcon_core.plugin_system:Skipping extension 'colcon_core.shell.bat': Not used on non-Windows systems
[0.334s] INFO:colcon.colcon_core.shell:Skip shell extension 'powershell' for command environment: Not usable outside of PowerShell
[0.334s] DEBUG:colcon.colcon_core.shell:Skip shell extension 'dsv' for command environment
[0.337s] INFO:colcon.colcon_ros.task.ament_cmake.build:Building ROS package in '/home/kirill/VNIIA/Projects/black_plat/src/odometry_fus' with build type 'ament_cmake'
[0.337s] INFO:colcon.colcon_cmake.task.cmake.build:Building CMake package in '/home/kirill/VNIIA/Projects/black_plat/src/odometry_fus'
[0.338s] INFO:colcon.colcon_core.shell:Skip shell extension 'powershell' for command environment: Not usable outside of PowerShell
[0.338s] DEBUG:colcon.colcon_core.shell:Skip shell extension 'dsv' for command environment
[0.340s] INFO:colcon.colcon_ros.task.ament_cmake.build:Building ROS package in '/home/kirill/VNIIA/Projects/black_plat/src/velodyne_simulator/velodyne_description' with build type 'ament_cmake'
[0.340s] INFO:colcon.colcon_cmake.task.cmake.build:Building CMake package in '/home/kirill/VNIIA/Projects/black_plat/src/velodyne_simulator/velodyne_description'
[0.340s] INFO:colcon.colcon_core.shell:Skip shell extension 'powershell' for command environment: Not usable outside of PowerShell
[0.340s] DEBUG:colcon.colcon_core.shell:Skip shell extension 'dsv' for command environment
[0.344s] INFO:colcon.colcon_ros.task.ament_cmake.build:Building ROS package in '/home/kirill/VNIIA/Projects/black_plat/src/velodyne_simulator/velodyne_gazebo_plugins' with build type 'ament_cmake'
[0.345s] INFO:colcon.colcon_cmake.task.cmake.build:Building CMake package in '/home/kirill/VNIIA/Projects/black_plat/src/velodyne_simulator/velodyne_gazebo_plugins'
[0.345s] INFO:colcon.colcon_core.shell:Skip shell extension 'powershell' for command environment: Not usable outside of PowerShell
[0.345s] DEBUG:colcon.colcon_core.shell:Skip shell extension 'dsv' for command environment
[0.349s] INFO:colcon.colcon_ros.task.ament_cmake.build:Building ROS package in '/home/kirill/VNIIA/Projects/black_plat/src/LIO-SAM' with build type 'ament_cmake'
[0.349s] INFO:colcon.colcon_cmake.task.cmake.build:Building CMake package in '/home/kirill/VNIIA/Projects/black_plat/src/LIO-SAM'
[0.349s] INFO:colcon.colcon_core.shell:Skip shell extension 'powershell' for command environment: Not usable outside of PowerShell
[0.349s] DEBUG:colcon.colcon_core.shell:Skip shell extension 'dsv' for command environment
[0.352s] INFO:colcon.colcon_ros.task.ament_cmake.build:Building ROS package in '/home/kirill/VNIIA/Projects/black_plat/src/t21_lidar' with build type 'ament_cmake'
[0.352s] INFO:colcon.colcon_cmake.task.cmake.build:Building CMake package in '/home/kirill/VNIIA/Projects/black_plat/src/t21_lidar'
[0.352s] INFO:colcon.colcon_core.shell:Skip shell extension 'powershell' for command environment: Not usable outside of PowerShell
[0.352s] DEBUG:colcon.colcon_core.shell:Skip shell extension 'dsv' for command environment
[0.355s] INFO:colcon.colcon_ros.task.ament_cmake.build:Building ROS package in '/home/kirill/VNIIA/Projects/black_plat/src/t21_navigation' with build type 'ament_cmake'
[0.355s] INFO:colcon.colcon_cmake.task.cmake.build:Building CMake package in '/home/kirill/VNIIA/Projects/black_plat/src/t21_navigation'
[0.355s] INFO:colcon.colcon_core.shell:Skip shell extension 'powershell' for command environment: Not usable outside of PowerShell
[0.355s] DEBUG:colcon.colcon_core.shell:Skip shell extension 'dsv' for command environment
[0.359s] INFO:colcon.colcon_ros.task.ament_cmake.build:Building ROS package in '/home/kirill/VNIIA/Projects/black_plat/src/t21_rtabmap' with build type 'ament_cmake'
[0.359s] INFO:colcon.colcon_cmake.task.cmake.build:Building CMake package in '/home/kirill/VNIIA/Projects/black_plat/src/t21_rtabmap'
[0.359s] INFO:colcon.colcon_core.shell:Skip shell extension 'powershell' for command environment: Not usable outside of PowerShell
[0.359s] DEBUG:colcon.colcon_core.shell:Skip shell extension 'dsv' for command environment
[0.367s] DEBUG:colcon.colcon_core.event_handler.log_command:Invoking command in '/home/kirill/VNIIA/Projects/black_plat/build/bluespace_ai_xsens_mti_driver': CMAKE_PREFIX_PATH=${CMAKE_PREFIX_PATH}:/home/kirill/VNIIA/Projects/black_plat/install/t21_teleop:/opt/ros/humble /usr/bin/cmake --build /home/kirill/VNIIA/Projects/black_plat/build/bluespace_ai_xsens_mti_driver -- -j8 -l8
[0.369s] DEBUG:colcon.colcon_core.event_handler.log_command:Invoking command in '/home/kirill/VNIIA/Projects/black_plat/build/odometry_fus': CMAKE_PREFIX_PATH=${CMAKE_PREFIX_PATH}:/home/kirill/VNIIA/Projects/black_plat/install/t21_teleop:/opt/ros/humble /usr/bin/cmake --build /home/kirill/VNIIA/Projects/black_plat/build/odometry_fus -- -j8 -l8
[0.371s] DEBUG:colcon.colcon_core.event_handler.log_command:Invoking command in '/home/kirill/VNIIA/Projects/black_plat/build/velodyne_description': CMAKE_PREFIX_PATH=${CMAKE_PREFIX_PATH}:/home/kirill/VNIIA/Projects/black_plat/install/t21_teleop:/opt/ros/humble /usr/bin/cmake --build /home/kirill/VNIIA/Projects/black_plat/build/velodyne_description -- -j8 -l8
[0.373s] DEBUG:colcon.colcon_core.event_handler.log_command:Invoking command in '/home/kirill/VNIIA/Projects/black_plat/build/velodyne_gazebo_plugins': CMAKE_PREFIX_PATH=${CMAKE_PREFIX_PATH}:/home/kirill/VNIIA/Projects/black_plat/install/t21_teleop:/opt/ros/humble /usr/bin/cmake --build /home/kirill/VNIIA/Projects/black_plat/build/velodyne_gazebo_plugins -- -j8 -l8
[0.375s] DEBUG:colcon.colcon_core.event_handler.log_command:Invoking command in '/home/kirill/VNIIA/Projects/black_plat/build/lio_sam': CMAKE_PREFIX_PATH=${CMAKE_PREFIX_PATH}:/home/kirill/VNIIA/Projects/black_plat/install/t21_teleop:/opt/ros/humble /usr/bin/cmake --build /home/kirill/VNIIA/Projects/black_plat/build/lio_sam -- -j8 -l8
[0.378s] DEBUG:colcon.colcon_core.event_handler.log_command:Invoking command in '/home/kirill/VNIIA/Projects/black_plat/build/t21_lidar': CMAKE_PREFIX_PATH=${CMAKE_PREFIX_PATH}:/home/kirill/VNIIA/Projects/black_plat/install/t21_teleop:/opt/ros/humble /usr/bin/cmake --build /home/kirill/VNIIA/Projects/black_plat/build/t21_lidar -- -j8 -l8
[0.381s] DEBUG:colcon.colcon_core.event_handler.log_command:Invoking command in '/home/kirill/VNIIA/Projects/black_plat/build/t21_navigation': CMAKE_PREFIX_PATH=${CMAKE_PREFIX_PATH}:/home/kirill/VNIIA/Projects/black_plat/install/t21_teleop:/opt/ros/humble /usr/bin/cmake --build /home/kirill/VNIIA/Projects/black_plat/build/t21_navigation -- -j8 -l8
[0.393s] DEBUG:colcon.colcon_core.event_handler.log_command:Invoking command in '/home/kirill/VNIIA/Projects/black_plat/build/t21_rtabmap': CMAKE_PREFIX_PATH=${CMAKE_PREFIX_PATH}:/home/kirill/VNIIA/Projects/black_plat/install/t21_teleop:/opt/ros/humble /usr/bin/cmake --build /home/kirill/VNIIA/Projects/black_plat/build/t21_rtabmap -- -j8 -l8
[0.416s] DEBUG:colcon.colcon_core.event_handler.log_command:Invoked command in '/home/kirill/VNIIA/Projects/black_plat/build/velodyne_description' returned '0': CMAKE_PREFIX_PATH=${CMAKE_PREFIX_PATH}:/home/kirill/VNIIA/Projects/black_plat/install/t21_teleop:/opt/ros/humble /usr/bin/cmake --build /home/kirill/VNIIA/Projects/black_plat/build/velodyne_description -- -j8 -l8
[0.431s] DEBUG:colcon.colcon_core.event_handler.log_command:Invoking command in '/home/kirill/VNIIA/Projects/black_plat/build/velodyne_description': CMAKE_PREFIX_PATH=${CMAKE_PREFIX_PATH}:/home/kirill/VNIIA/Projects/black_plat/install/t21_teleop:/opt/ros/humble /usr/bin/cmake --install /home/kirill/VNIIA/Projects/black_plat/build/velodyne_description
[0.434s] DEBUG:colcon.colcon_core.event_handler.log_command:Invoked command in '/home/kirill/VNIIA/Projects/black_plat/build/t21_lidar' returned '0': CMAKE_PREFIX_PATH=${CMAKE_PREFIX_PATH}:/home/kirill/VNIIA/Projects/black_plat/install/t21_teleop:/opt/ros/humble /usr/bin/cmake --build /home/kirill/VNIIA/Projects/black_plat/build/t21_lidar -- -j8 -l8
[0.434s] DEBUG:colcon.colcon_core.event_handler.log_command:Invoking command in '/home/kirill/VNIIA/Projects/black_plat/build/t21_lidar': CMAKE_PREFIX_PATH=${CMAKE_PREFIX_PATH}:/home/kirill/VNIIA/Projects/black_plat/install/t21_teleop:/opt/ros/humble /usr/bin/cmake --install /home/kirill/VNIIA/Projects/black_plat/build/t21_lidar
[0.439s] DEBUG:colcon.colcon_core.event_handler.log_command:Invoked command in '/home/kirill/VNIIA/Projects/black_plat/build/t21_rtabmap' returned '0': CMAKE_PREFIX_PATH=${CMAKE_PREFIX_PATH}:/home/kirill/VNIIA/Projects/black_plat/install/t21_teleop:/opt/ros/humble /usr/bin/cmake --build /home/kirill/VNIIA/Projects/black_plat/build/t21_rtabmap -- -j8 -l8
[0.439s] DEBUG:colcon.colcon_core.event_handler.log_command:Invoking command in '/home/kirill/VNIIA/Projects/black_plat/build/t21_rtabmap': CMAKE_PREFIX_PATH=${CMAKE_PREFIX_PATH}:/home/kirill/VNIIA/Projects/black_plat/install/t21_teleop:/opt/ros/humble /usr/bin/cmake --install /home/kirill/VNIIA/Projects/black_plat/build/t21_rtabmap
[0.472s] Level 1:colcon.colcon_core.environment:create_environment_scripts_only(t21_lidar)
[0.474s] DEBUG:colcon.colcon_core.event_handler.log_command:Invoked command in '/home/kirill/VNIIA/Projects/black_plat/build/bluespace_ai_xsens_mti_driver' returned '0': CMAKE_PREFIX_PATH=${CMAKE_PREFIX_PATH}:/home/kirill/VNIIA/Projects/black_plat/install/t21_teleop:/opt/ros/humble /usr/bin/cmake --build /home/kirill/VNIIA/Projects/black_plat/build/bluespace_ai_xsens_mti_driver -- -j8 -l8
[0.474s] DEBUG:colcon.colcon_core.event_handler.log_command:Invoking command in '/home/kirill/VNIIA/Projects/black_plat/build/bluespace_ai_xsens_mti_driver': CMAKE_PREFIX_PATH=${CMAKE_PREFIX_PATH}:/home/kirill/VNIIA/Projects/black_plat/install/t21_teleop:/opt/ros/humble /usr/bin/cmake --install /home/kirill/VNIIA/Projects/black_plat/build/bluespace_ai_xsens_mti_driver
[0.476s] DEBUG:colcon.colcon_core.event_handler.log_command:Invoked command in '/home/kirill/VNIIA/Projects/black_plat/build/t21_lidar' returned '0': CMAKE_PREFIX_PATH=${CMAKE_PREFIX_PATH}:/home/kirill/VNIIA/Projects/black_plat/install/t21_teleop:/opt/ros/humble /usr/bin/cmake --install /home/kirill/VNIIA/Projects/black_plat/build/t21_lidar
[0.481s] Level 1:colcon.colcon_core.environment:checking '/home/kirill/VNIIA/Projects/black_plat/install/t21_lidar' for CMake module files
[0.482s] Level 1:colcon.colcon_core.environment:checking '/home/kirill/VNIIA/Projects/black_plat/install/t21_lidar' for CMake config files
[0.482s] Level 1:colcon.colcon_core.shell:create_environment_hook('t21_lidar', 'cmake_prefix_path')
[0.483s] INFO:colcon.colcon_core.shell:Creating environment hook '/home/kirill/VNIIA/Projects/black_plat/install/t21_lidar/share/t21_lidar/hook/cmake_prefix_path.ps1'
[0.484s] INFO:colcon.colcon_core.shell:Creating environment descriptor '/home/kirill/VNIIA/Projects/black_plat/install/t21_lidar/share/t21_lidar/hook/cmake_prefix_path.dsv'
[0.484s] INFO:colcon.colcon_core.shell:Creating environment hook '/home/kirill/VNIIA/Projects/black_plat/install/t21_lidar/share/t21_lidar/hook/cmake_prefix_path.sh'
[0.485s] Level 1:colcon.colcon_core.environment:checking '/home/kirill/VNIIA/Projects/black_plat/install/t21_lidar/bin'
[0.485s] Level 1:colcon.colcon_core.environment:checking '/home/kirill/VNIIA/Projects/black_plat/install/t21_lidar/lib/pkgconfig/t21_lidar.pc'
[0.486s] Level 1:colcon.colcon_core.environment:checking '/home/kirill/VNIIA/Projects/black_plat/install/t21_lidar/lib/python3.10/site-packages'
[0.486s] Level 1:colcon.colcon_core.environment:checking '/home/kirill/VNIIA/Projects/black_plat/install/t21_lidar/bin'
[0.486s] INFO:colcon.colcon_core.shell:Creating package script '/home/kirill/VNIIA/Projects/black_plat/install/t21_lidar/share/t21_lidar/package.ps1'
[0.487s] INFO:colcon.colcon_core.shell:Creating package descriptor '/home/kirill/VNIIA/Projects/black_plat/install/t21_lidar/share/t21_lidar/package.dsv'
[0.489s] INFO:colcon.colcon_core.shell:Creating package script '/home/kirill/VNIIA/Projects/black_plat/install/t21_lidar/share/t21_lidar/package.sh'
[0.490s] INFO:colcon.colcon_core.shell:Creating package script '/home/kirill/VNIIA/Projects/black_plat/install/t21_lidar/share/t21_lidar/package.bash'
[0.491s] INFO:colcon.colcon_core.shell:Creating package script '/home/kirill/VNIIA/Projects/black_plat/install/t21_lidar/share/t21_lidar/package.zsh'
[0.492s] Level 1:colcon.colcon_core.environment:create_file_with_runtime_dependencies(/home/kirill/VNIIA/Projects/black_plat/install/t21_lidar/share/colcon-core/packages/t21_lidar)
[0.493s] Level 1:colcon.colcon_core.environment:create_environment_scripts_only(t21_lidar)
[0.493s] Level 1:colcon.colcon_core.environment:checking '/home/kirill/VNIIA/Projects/black_plat/install/t21_lidar' for CMake module files
[0.494s] Level 1:colcon.colcon_core.environment:checking '/home/kirill/VNIIA/Projects/black_plat/install/t21_lidar' for CMake config files
[0.495s] Level 1:colcon.colcon_core.shell:create_environment_hook('t21_lidar', 'cmake_prefix_path')
[0.495s] INFO:colcon.colcon_core.shell:Creating environment hook '/home/kirill/VNIIA/Projects/black_plat/install/t21_lidar/share/t21_lidar/hook/cmake_prefix_path.ps1'
[0.496s] INFO:colcon.colcon_core.shell:Creating environment descriptor '/home/kirill/VNIIA/Projects/black_plat/install/t21_lidar/share/t21_lidar/hook/cmake_prefix_path.dsv'
[0.496s] INFO:colcon.colcon_core.shell:Creating environment hook '/home/kirill/VNIIA/Projects/black_plat/install/t21_lidar/share/t21_lidar/hook/cmake_prefix_path.sh'
[0.497s] Level 1:colcon.colcon_core.environment:checking '/home/kirill/VNIIA/Projects/black_plat/install/t21_lidar/bin'
[0.497s] Level 1:colcon.colcon_core.environment:checking '/home/kirill/VNIIA/Projects/black_plat/install/t21_lidar/lib/pkgconfig/t21_lidar.pc'
[0.497s] Level 1:colcon.colcon_core.environment:checking '/home/kirill/VNIIA/Projects/black_plat/install/t21_lidar/lib/python3.10/site-packages'
[0.497s] Level 1:colcon.colcon_core.environment:checking '/home/kirill/VNIIA/Projects/black_plat/install/t21_lidar/bin'
[0.497s] INFO:colcon.colcon_core.shell:Creating package script '/home/kirill/VNIIA/Projects/black_plat/install/t21_lidar/share/t21_lidar/package.ps1'
[0.498s] INFO:colcon.colcon_core.shell:Creating package descriptor '/home/kirill/VNIIA/Projects/black_plat/install/t21_lidar/share/t21_lidar/package.dsv'
[0.498s] INFO:colcon.colcon_core.shell:Creating package script '/home/kirill/VNIIA/Projects/black_plat/install/t21_lidar/share/t21_lidar/package.sh'
[0.498s] INFO:colcon.colcon_core.shell:Creating package script '/home/kirill/VNIIA/Projects/black_plat/install/t21_lidar/share/t21_lidar/package.bash'
[0.499s] INFO:colcon.colcon_core.shell:Creating package script '/home/kirill/VNIIA/Projects/black_plat/install/t21_lidar/share/t21_lidar/package.zsh'
[0.499s] Level 1:colcon.colcon_core.environment:create_file_with_runtime_dependencies(/home/kirill/VNIIA/Projects/black_plat/install/t21_lidar/share/colcon-core/packages/t21_lidar)
[0.499s] Level 1:colcon.colcon_core.environment:create_environment_scripts_only(t21_rtabmap)
[0.499s] Level 1:colcon.colcon_core.environment:checking '/home/kirill/VNIIA/Projects/black_plat/install/t21_rtabmap' for CMake module files
[0.500s] Level 1:colcon.colcon_core.environment:checking '/home/kirill/VNIIA/Projects/black_plat/install/t21_rtabmap' for CMake config files
[0.501s] DEBUG:colcon.colcon_core.event_handler.log_command:Invoked command in '/home/kirill/VNIIA/Projects/black_plat/build/t21_rtabmap' returned '0': CMAKE_PREFIX_PATH=${CMAKE_PREFIX_PATH}:/home/kirill/VNIIA/Projects/black_plat/install/t21_teleop:/opt/ros/humble /usr/bin/cmake --install /home/kirill/VNIIA/Projects/black_plat/build/t21_rtabmap
[0.501s] Level 1:colcon.colcon_core.shell:create_environment_hook('t21_rtabmap', 'cmake_prefix_path')
[0.501s] INFO:colcon.colcon_core.shell:Creating environment hook '/home/kirill/VNIIA/Projects/black_plat/install/t21_rtabmap/share/t21_rtabmap/hook/cmake_prefix_path.ps1'
[0.502s] INFO:colcon.colcon_core.shell:Creating environment descriptor '/home/kirill/VNIIA/Projects/black_plat/install/t21_rtabmap/share/t21_rtabmap/hook/cmake_prefix_path.dsv'
[0.502s] INFO:colcon.colcon_core.shell:Creating environment hook '/home/kirill/VNIIA/Projects/black_plat/install/t21_rtabmap/share/t21_rtabmap/hook/cmake_prefix_path.sh'
[0.503s] Level 1:colcon.colcon_core.environment:checking '/home/kirill/VNIIA/Projects/black_plat/install/t21_rtabmap/bin'
[0.503s] Level 1:colcon.colcon_core.environment:checking '/home/kirill/VNIIA/Projects/black_plat/install/t21_rtabmap/lib/pkgconfig/t21_rtabmap.pc'
[0.503s] Level 1:colcon.colcon_core.environment:checking '/home/kirill/VNIIA/Projects/black_plat/install/t21_rtabmap/lib/python3.10/site-packages'
[0.503s] Level 1:colcon.colcon_core.environment:checking '/home/kirill/VNIIA/Projects/black_plat/install/t21_rtabmap/bin'
[0.504s] INFO:colcon.colcon_core.shell:Creating package script '/home/kirill/VNIIA/Projects/black_plat/install/t21_rtabmap/share/t21_rtabmap/package.ps1'
[0.504s] INFO:colcon.colcon_core.shell:Creating package descriptor '/home/kirill/VNIIA/Projects/black_plat/install/t21_rtabmap/share/t21_rtabmap/package.dsv'
[0.505s] INFO:colcon.colcon_core.shell:Creating package script '/home/kirill/VNIIA/Projects/black_plat/install/t21_rtabmap/share/t21_rtabmap/package.sh'
[0.505s] INFO:colcon.colcon_core.shell:Creating package script '/home/kirill/VNIIA/Projects/black_plat/install/t21_rtabmap/share/t21_rtabmap/package.bash'
[0.505s] INFO:colcon.colcon_core.shell:Creating package script '/home/kirill/VNIIA/Projects/black_plat/install/t21_rtabmap/share/t21_rtabmap/package.zsh'
[0.506s] Level 1:colcon.colcon_core.environment:create_file_with_runtime_dependencies(/home/kirill/VNIIA/Projects/black_plat/install/t21_rtabmap/share/colcon-core/packages/t21_rtabmap)
[0.506s] Level 1:colcon.colcon_core.environment:create_environment_scripts_only(t21_rtabmap)
[0.507s] Level 1:colcon.colcon_core.environment:checking '/home/kirill/VNIIA/Projects/black_plat/install/t21_rtabmap' for CMake module files
[0.507s] Level 1:colcon.colcon_core.environment:checking '/home/kirill/VNIIA/Projects/black_plat/install/t21_rtabmap' for CMake config files
[0.507s] Level 1:colcon.colcon_core.shell:create_environment_hook('t21_rtabmap', 'cmake_prefix_path')
[0.507s] INFO:colcon.colcon_core.shell:Creating environment hook '/home/kirill/VNIIA/Projects/black_plat/install/t21_rtabmap/share/t21_rtabmap/hook/cmake_prefix_path.ps1'
[0.507s] INFO:colcon.colcon_core.shell:Creating environment descriptor '/home/kirill/VNIIA/Projects/black_plat/install/t21_rtabmap/share/t21_rtabmap/hook/cmake_prefix_path.dsv'
[0.508s] INFO:colcon.colcon_core.shell:Creating environment hook '/home/kirill/VNIIA/Projects/black_plat/install/t21_rtabmap/share/t21_rtabmap/hook/cmake_prefix_path.sh'
[0.508s] Level 1:colcon.colcon_core.environment:checking '/home/kirill/VNIIA/Projects/black_plat/install/t21_rtabmap/bin'
[0.508s] Level 1:colcon.colcon_core.environment:checking '/home/kirill/VNIIA/Projects/black_plat/install/t21_rtabmap/lib/pkgconfig/t21_rtabmap.pc'
[0.508s] Level 1:colcon.colcon_core.environment:checking '/home/kirill/VNIIA/Projects/black_plat/install/t21_rtabmap/lib/python3.10/site-packages'
[0.508s] Level 1:colcon.colcon_core.environment:checking '/home/kirill/VNIIA/Projects/black_plat/install/t21_rtabmap/bin'
[0.509s] INFO:colcon.colcon_core.shell:Creating package script '/home/kirill/VNIIA/Projects/black_plat/install/t21_rtabmap/share/t21_rtabmap/package.ps1'
[0.509s] INFO:colcon.colcon_core.shell:Creating package descriptor '/home/kirill/VNIIA/Projects/black_plat/install/t21_rtabmap/share/t21_rtabmap/package.dsv'
[0.509s] INFO:colcon.colcon_core.shell:Creating package script '/home/kirill/VNIIA/Projects/black_plat/install/t21_rtabmap/share/t21_rtabmap/package.sh'
[0.510s] INFO:colcon.colcon_core.shell:Creating package script '/home/kirill/VNIIA/Projects/black_plat/install/t21_rtabmap/share/t21_rtabmap/package.bash'
[0.510s] INFO:colcon.colcon_core.shell:Creating package script '/home/kirill/VNIIA/Projects/black_plat/install/t21_rtabmap/share/t21_rtabmap/package.zsh'
[0.511s] Level 1:colcon.colcon_core.environment:create_file_with_runtime_dependencies(/home/kirill/VNIIA/Projects/black_plat/install/t21_rtabmap/share/colcon-core/packages/t21_rtabmap)
[0.511s] Level 1:colcon.colcon_core.environment:create_environment_scripts_only(velodyne_description)
[0.511s] Level 1:colcon.colcon_core.environment:checking '/home/kirill/VNIIA/Projects/black_plat/install/velodyne_description' for CMake module files
[0.512s] Level 1:colcon.colcon_core.environment:checking '/home/kirill/VNIIA/Projects/black_plat/install/velodyne_description' for CMake config files
[0.513s] Level 1:colcon.colcon_core.shell:create_environment_hook('velodyne_description', 'cmake_prefix_path')
[0.513s] INFO:colcon.colcon_core.shell:Creating environment hook '/home/kirill/VNIIA/Projects/black_plat/install/velodyne_description/share/velodyne_description/hook/cmake_prefix_path.ps1'
[0.515s] INFO:colcon.colcon_core.shell:Creating environment descriptor '/home/kirill/VNIIA/Projects/black_plat/install/velodyne_description/share/velodyne_description/hook/cmake_prefix_path.dsv'
[0.515s] DEBUG:colcon.colcon_core.event_handler.log_command:Invoked command in '/home/kirill/VNIIA/Projects/black_plat/build/velodyne_description' returned '0': CMAKE_PREFIX_PATH=${CMAKE_PREFIX_PATH}:/home/kirill/VNIIA/Projects/black_plat/install/t21_teleop:/opt/ros/humble /usr/bin/cmake --install /home/kirill/VNIIA/Projects/black_plat/build/velodyne_description
[0.516s] INFO:colcon.colcon_core.shell:Creating environment hook '/home/kirill/VNIIA/Projects/black_plat/install/velodyne_description/share/velodyne_description/hook/cmake_prefix_path.sh'
[0.517s] Level 1:colcon.colcon_core.environment:checking '/home/kirill/VNIIA/Projects/black_plat/install/velodyne_description/bin'
[0.517s] Level 1:colcon.colcon_core.environment:checking '/home/kirill/VNIIA/Projects/black_plat/install/velodyne_description/lib/pkgconfig/velodyne_description.pc'
[0.517s] Level 1:colcon.colcon_core.environment:checking '/home/kirill/VNIIA/Projects/black_plat/install/velodyne_description/lib/python3.10/site-packages'
[0.517s] Level 1:colcon.colcon_core.environment:checking '/home/kirill/VNIIA/Projects/black_plat/install/velodyne_description/bin'
[0.518s] INFO:colcon.colcon_core.shell:Creating package script '/home/kirill/VNIIA/Projects/black_plat/install/velodyne_description/share/velodyne_description/package.ps1'
[0.518s] INFO:colcon.colcon_core.shell:Creating package descriptor '/home/kirill/VNIIA/Projects/black_plat/install/velodyne_description/share/velodyne_description/package.dsv'
[0.519s] INFO:colcon.colcon_core.shell:Creating package script '/home/kirill/VNIIA/Projects/black_plat/install/velodyne_description/share/velodyne_description/package.sh'
[0.519s] INFO:colcon.colcon_core.shell:Creating package script '/home/kirill/VNIIA/Projects/black_plat/install/velodyne_description/share/velodyne_description/package.bash'
[0.519s] INFO:colcon.colcon_core.shell:Creating package script '/home/kirill/VNIIA/Projects/black_plat/install/velodyne_description/share/velodyne_description/package.zsh'
[0.520s] Level 1:colcon.colcon_core.environment:create_file_with_runtime_dependencies(/home/kirill/VNIIA/Projects/black_plat/install/velodyne_description/share/colcon-core/packages/velodyne_description)
[0.520s] Level 1:colcon.colcon_core.environment:create_environment_scripts_only(velodyne_description)
[0.520s] Level 1:colcon.colcon_core.environment:checking '/home/kirill/VNIIA/Projects/black_plat/install/velodyne_description' for CMake module files
[0.521s] Level 1:colcon.colcon_core.environment:checking '/home/kirill/VNIIA/Projects/black_plat/install/velodyne_description' for CMake config files
[0.521s] Level 1:colcon.colcon_core.shell:create_environment_hook('velodyne_description', 'cmake_prefix_path')
[0.521s] INFO:colcon.colcon_core.shell:Creating environment hook '/home/kirill/VNIIA/Projects/black_plat/install/velodyne_description/share/velodyne_description/hook/cmake_prefix_path.ps1'
[0.521s] INFO:colcon.colcon_core.shell:Creating environment descriptor '/home/kirill/VNIIA/Projects/black_plat/install/velodyne_description/share/velodyne_description/hook/cmake_prefix_path.dsv'
[0.522s] INFO:colcon.colcon_core.shell:Creating environment hook '/home/kirill/VNIIA/Projects/black_plat/install/velodyne_description/share/velodyne_description/hook/cmake_prefix_path.sh'
[0.522s] Level 1:colcon.colcon_core.environment:checking '/home/kirill/VNIIA/Projects/black_plat/install/velodyne_description/bin'
[0.522s] Level 1:colcon.colcon_core.environment:checking '/home/kirill/VNIIA/Projects/black_plat/install/velodyne_description/lib/pkgconfig/velodyne_description.pc'
[0.522s] Level 1:colcon.colcon_core.environment:checking '/home/kirill/VNIIA/Projects/black_plat/install/velodyne_description/lib/python3.10/site-packages'
[0.522s] Level 1:colcon.colcon_core.environment:checking '/home/kirill/VNIIA/Projects/black_plat/install/velodyne_description/bin'
[0.523s] INFO:colcon.colcon_core.shell:Creating package script '/home/kirill/VNIIA/Projects/black_plat/install/velodyne_description/share/velodyne_description/package.ps1'
[0.523s] INFO:colcon.colcon_core.shell:Creating package descriptor '/home/kirill/VNIIA/Projects/black_plat/install/velodyne_description/share/velodyne_description/package.dsv'
[0.523s] INFO:colcon.colcon_core.shell:Creating package script '/home/kirill/VNIIA/Projects/black_plat/install/velodyne_description/share/velodyne_description/package.sh'
[0.523s] INFO:colcon.colcon_core.shell:Creating package script '/home/kirill/VNIIA/Projects/black_plat/install/velodyne_description/share/velodyne_description/package.bash'
[0.524s] INFO:colcon.colcon_core.shell:Creating package script '/home/kirill/VNIIA/Projects/black_plat/install/velodyne_description/share/velodyne_description/package.zsh'
[0.524s] Level 1:colcon.colcon_core.environment:create_file_with_runtime_dependencies(/home/kirill/VNIIA/Projects/black_plat/install/velodyne_description/share/colcon-core/packages/velodyne_description)
[0.525s] INFO:colcon.colcon_ros.task.ament_python.build:Building ROS package in '/home/kirill/VNIIA/Projects/black_plat/src/t21_teleop' with build type 'ament_python'
[0.525s] Level 1:colcon.colcon_core.shell:create_environment_hook('t21_teleop', 'ament_prefix_path')
[0.525s] INFO:colcon.colcon_core.shell:Creating environment hook '/home/kirill/VNIIA/Projects/black_plat/install/t21_teleop/share/t21_teleop/hook/ament_prefix_path.ps1'
[0.525s] INFO:colcon.colcon_core.shell:Creating environment descriptor '/home/kirill/VNIIA/Projects/black_plat/install/t21_teleop/share/t21_teleop/hook/ament_prefix_path.dsv'
[0.526s] INFO:colcon.colcon_core.shell:Creating environment hook '/home/kirill/VNIIA/Projects/black_plat/install/t21_teleop/share/t21_teleop/hook/ament_prefix_path.sh'
[0.526s] INFO:colcon.colcon_core.shell:Skip shell extension 'powershell' for command environment: Not usable outside of PowerShell
[0.526s] DEBUG:colcon.colcon_core.shell:Skip shell extension 'dsv' for command environment
[0.534s] INFO:colcon.colcon_ros.task.ament_cmake.build:Building ROS package in '/home/kirill/VNIIA/Projects/black_plat/src/ros2_control/ros2_control_t21_hardware' with build type 'ament_cmake'
[0.534s] INFO:colcon.colcon_cmake.task.cmake.build:Building CMake package in '/home/kirill/VNIIA/Projects/black_plat/src/ros2_control/ros2_control_t21_hardware'
[0.534s] INFO:colcon.colcon_core.shell:Skip shell extension 'powershell' for command environment: Not usable outside of PowerShell
[0.535s] DEBUG:colcon.colcon_core.shell:Skip shell extension 'dsv' for command environment
[0.543s] DEBUG:colcon.colcon_core.event_handler.log_command:Invoked command in '/home/kirill/VNIIA/Projects/black_plat/build/odometry_fus' returned '0': CMAKE_PREFIX_PATH=${CMAKE_PREFIX_PATH}:/home/kirill/VNIIA/Projects/black_plat/install/t21_teleop:/opt/ros/humble /usr/bin/cmake --build /home/kirill/VNIIA/Projects/black_plat/build/odometry_fus -- -j8 -l8
[0.545s] DEBUG:colcon.colcon_core.event_handler.log_command:Invoking command in '/home/kirill/VNIIA/Projects/black_plat/build/odometry_fus': CMAKE_PREFIX_PATH=${CMAKE_PREFIX_PATH}:/home/kirill/VNIIA/Projects/black_plat/install/t21_teleop:/opt/ros/humble /usr/bin/cmake --install /home/kirill/VNIIA/Projects/black_plat/build/odometry_fus
[0.549s] DEBUG:colcon.colcon_core.event_handler.log_command:Invoked command in '/home/kirill/VNIIA/Projects/black_plat/build/velodyne_gazebo_plugins' returned '0': CMAKE_PREFIX_PATH=${CMAKE_PREFIX_PATH}:/home/kirill/VNIIA/Projects/black_plat/install/t21_teleop:/opt/ros/humble /usr/bin/cmake --build /home/kirill/VNIIA/Projects/black_plat/build/velodyne_gazebo_plugins -- -j8 -l8
[0.554s] DEBUG:colcon.colcon_core.event_handler.log_command:Invoking command in '/home/kirill/VNIIA/Projects/black_plat/build/velodyne_gazebo_plugins': CMAKE_PREFIX_PATH=${CMAKE_PREFIX_PATH}:/home/kirill/VNIIA/Projects/black_plat/install/t21_teleop:/opt/ros/humble /usr/bin/cmake --install /home/kirill/VNIIA/Projects/black_plat/build/velodyne_gazebo_plugins
[0.557s] DEBUG:colcon.colcon_core.event_handler.log_command:Invoked command in '/home/kirill/VNIIA/Projects/black_plat/build/t21_navigation' returned '0': CMAKE_PREFIX_PATH=${CMAKE_PREFIX_PATH}:/home/kirill/VNIIA/Projects/black_plat/install/t21_teleop:/opt/ros/humble /usr/bin/cmake --build /home/kirill/VNIIA/Projects/black_plat/build/t21_navigation -- -j8 -l8
[0.564s] DEBUG:colcon.colcon_core.event_handler.log_command:Invoking command in '/home/kirill/VNIIA/Projects/black_plat/build/t21_navigation': CMAKE_PREFIX_PATH=${CMAKE_PREFIX_PATH}:/home/kirill/VNIIA/Projects/black_plat/install/t21_teleop:/opt/ros/humble /usr/bin/cmake --install /home/kirill/VNIIA/Projects/black_plat/build/t21_navigation
[0.564s] Level 1:colcon.colcon_core.environment:create_environment_scripts_only(bluespace_ai_xsens_mti_driver)
[0.565s] Level 1:colcon.colcon_core.environment:checking '/home/kirill/VNIIA/Projects/black_plat/install/bluespace_ai_xsens_mti_driver' for CMake module files
[0.565s] Level 1:colcon.colcon_core.environment:checking '/home/kirill/VNIIA/Projects/black_plat/install/bluespace_ai_xsens_mti_driver' for CMake config files
[0.566s] Level 1:colcon.colcon_core.shell:create_environment_hook('bluespace_ai_xsens_mti_driver', 'cmake_prefix_path')
[0.566s] INFO:colcon.colcon_core.shell:Creating environment hook '/home/kirill/VNIIA/Projects/black_plat/install/bluespace_ai_xsens_mti_driver/share/bluespace_ai_xsens_mti_driver/hook/cmake_prefix_path.ps1'
[0.567s] INFO:colcon.colcon_core.shell:Creating environment descriptor '/home/kirill/VNIIA/Projects/black_plat/install/bluespace_ai_xsens_mti_driver/share/bluespace_ai_xsens_mti_driver/hook/cmake_prefix_path.dsv'
[0.567s] INFO:colcon.colcon_core.shell:Creating environment hook '/home/kirill/VNIIA/Projects/black_plat/install/bluespace_ai_xsens_mti_driver/share/bluespace_ai_xsens_mti_driver/hook/cmake_prefix_path.sh'
[0.568s] DEBUG:colcon.colcon_core.event_handler.log_command:Invoked command in '/home/kirill/VNIIA/Projects/black_plat/build/bluespace_ai_xsens_mti_driver' returned '0': CMAKE_PREFIX_PATH=${CMAKE_PREFIX_PATH}:/home/kirill/VNIIA/Projects/black_plat/install/t21_teleop:/opt/ros/humble /usr/bin/cmake --install /home/kirill/VNIIA/Projects/black_plat/build/bluespace_ai_xsens_mti_driver
[0.568s] Level 1:colcon.colcon_core.environment:checking '/home/kirill/VNIIA/Projects/black_plat/install/bluespace_ai_xsens_mti_driver/lib'
[0.569s] Level 1:colcon.colcon_core.environment:checking '/home/kirill/VNIIA/Projects/black_plat/install/bluespace_ai_xsens_mti_driver/bin'
[0.569s] Level 1:colcon.colcon_core.environment:checking '/home/kirill/VNIIA/Projects/black_plat/install/bluespace_ai_xsens_mti_driver/lib/pkgconfig/bluespace_ai_xsens_mti_driver.pc'
[0.569s] Level 1:colcon.colcon_core.environment:checking '/home/kirill/VNIIA/Projects/black_plat/install/bluespace_ai_xsens_mti_driver/lib/python3.10/site-packages'
[0.569s] Level 1:colcon.colcon_core.environment:checking '/home/kirill/VNIIA/Projects/black_plat/install/bluespace_ai_xsens_mti_driver/bin'
[0.570s] INFO:colcon.colcon_core.shell:Creating package script '/home/kirill/VNIIA/Projects/black_plat/install/bluespace_ai_xsens_mti_driver/share/bluespace_ai_xsens_mti_driver/package.ps1'
[0.570s] INFO:colcon.colcon_core.shell:Creating package descriptor '/home/kirill/VNIIA/Projects/black_plat/install/bluespace_ai_xsens_mti_driver/share/bluespace_ai_xsens_mti_driver/package.dsv'
[0.571s] INFO:colcon.colcon_core.shell:Creating package script '/home/kirill/VNIIA/Projects/black_plat/install/bluespace_ai_xsens_mti_driver/share/bluespace_ai_xsens_mti_driver/package.sh'
[0.571s] INFO:colcon.colcon_core.shell:Creating package script '/home/kirill/VNIIA/Projects/black_plat/install/bluespace_ai_xsens_mti_driver/share/bluespace_ai_xsens_mti_driver/package.bash'
[0.572s] INFO:colcon.colcon_core.shell:Creating package script '/home/kirill/VNIIA/Projects/black_plat/install/bluespace_ai_xsens_mti_driver/share/bluespace_ai_xsens_mti_driver/package.zsh'
[0.572s] Level 1:colcon.colcon_core.environment:create_file_with_runtime_dependencies(/home/kirill/VNIIA/Projects/black_plat/install/bluespace_ai_xsens_mti_driver/share/colcon-core/packages/bluespace_ai_xsens_mti_driver)
[0.573s] Level 1:colcon.colcon_core.environment:create_environment_scripts_only(bluespace_ai_xsens_mti_driver)
[0.573s] Level 1:colcon.colcon_core.environment:checking '/home/kirill/VNIIA/Projects/black_plat/install/bluespace_ai_xsens_mti_driver' for CMake module files
[0.574s] Level 1:colcon.colcon_core.environment:checking '/home/kirill/VNIIA/Projects/black_plat/install/bluespace_ai_xsens_mti_driver' for CMake config files
[0.574s] Level 1:colcon.colcon_core.shell:create_environment_hook('bluespace_ai_xsens_mti_driver', 'cmake_prefix_path')
[0.574s] INFO:colcon.colcon_core.shell:Creating environment hook '/home/kirill/VNIIA/Projects/black_plat/install/bluespace_ai_xsens_mti_driver/share/bluespace_ai_xsens_mti_driver/hook/cmake_prefix_path.ps1'
[0.575s] INFO:colcon.colcon_core.shell:Creating environment descriptor '/home/kirill/VNIIA/Projects/black_plat/install/bluespace_ai_xsens_mti_driver/share/bluespace_ai_xsens_mti_driver/hook/cmake_prefix_path.dsv'
[0.575s] INFO:colcon.colcon_core.shell:Creating environment hook '/home/kirill/VNIIA/Projects/black_plat/install/bluespace_ai_xsens_mti_driver/share/bluespace_ai_xsens_mti_driver/hook/cmake_prefix_path.sh'
[0.576s] Level 1:colcon.colcon_core.environment:checking '/home/kirill/VNIIA/Projects/black_plat/install/bluespace_ai_xsens_mti_driver/lib'
[0.576s] Level 1:colcon.colcon_core.environment:checking '/home/kirill/VNIIA/Projects/black_plat/install/bluespace_ai_xsens_mti_driver/bin'
[0.576s] Level 1:colcon.colcon_core.environment:checking '/home/kirill/VNIIA/Projects/black_plat/install/bluespace_ai_xsens_mti_driver/lib/pkgconfig/bluespace_ai_xsens_mti_driver.pc'
[0.576s] Level 1:colcon.colcon_core.environment:checking '/home/kirill/VNIIA/Projects/black_plat/install/bluespace_ai_xsens_mti_driver/lib/python3.10/site-packages'
[0.576s] Level 1:colcon.colcon_core.environment:checking '/home/kirill/VNIIA/Projects/black_plat/install/bluespace_ai_xsens_mti_driver/bin'
[0.577s] INFO:colcon.colcon_core.shell:Creating package script '/home/kirill/VNIIA/Projects/black_plat/install/bluespace_ai_xsens_mti_driver/share/bluespace_ai_xsens_mti_driver/package.ps1'
[0.578s] INFO:colcon.colcon_core.shell:Creating package descriptor '/home/kirill/VNIIA/Projects/black_plat/install/bluespace_ai_xsens_mti_driver/share/bluespace_ai_xsens_mti_driver/package.dsv'
[0.579s] INFO:colcon.colcon_core.shell:Creating package script '/home/kirill/VNIIA/Projects/black_plat/install/bluespace_ai_xsens_mti_driver/share/bluespace_ai_xsens_mti_driver/package.sh'
[0.579s] INFO:colcon.colcon_core.shell:Creating package script '/home/kirill/VNIIA/Projects/black_plat/install/bluespace_ai_xsens_mti_driver/share/bluespace_ai_xsens_mti_driver/package.bash'
[0.580s] INFO:colcon.colcon_core.shell:Creating package script '/home/kirill/VNIIA/Projects/black_plat/install/bluespace_ai_xsens_mti_driver/share/bluespace_ai_xsens_mti_driver/package.zsh'
[0.581s] Level 1:colcon.colcon_core.environment:create_file_with_runtime_dependencies(/home/kirill/VNIIA/Projects/black_plat/install/bluespace_ai_xsens_mti_driver/share/colcon-core/packages/bluespace_ai_xsens_mti_driver)
[0.582s] INFO:colcon.colcon_ros.task.ament_cmake.build:Building ROS package in '/home/kirill/VNIIA/Projects/black_plat/src/tracked_description' with build type 'ament_cmake'
[0.584s] INFO:colcon.colcon_cmake.task.cmake.build:Building CMake package in '/home/kirill/VNIIA/Projects/black_plat/src/tracked_description'
[0.584s] INFO:colcon.colcon_core.shell:Skip shell extension 'powershell' for command environment: Not usable outside of PowerShell
[0.584s] DEBUG:colcon.colcon_core.shell:Skip shell extension 'dsv' for command environment
[0.930s] INFO:colcon.colcon_core.task.python.build:Building Python package in '/home/kirill/VNIIA/Projects/black_plat/src/t21_teleop'
[0.930s] INFO:colcon.colcon_core.shell:Skip shell extension 'powershell' for command environment: Not usable outside of PowerShell
[0.930s] DEBUG:colcon.colcon_core.shell:Skip shell extension 'dsv' for command environment
[0.938s] Level 1:colcon.colcon_core.environment:create_environment_scripts_only(odometry_fus)
[0.938s] Level 1:colcon.colcon_core.environment:checking '/home/kirill/VNIIA/Projects/black_plat/install/odometry_fus' for CMake module files
[0.939s] DEBUG:colcon.colcon_core.event_handler.log_command:Invoking command in '/home/kirill/VNIIA/Projects/black_plat/build/t21_tracked': CMAKE_PREFIX_PATH=${CMAKE_PREFIX_PATH}:/home/kirill/VNIIA/Projects/black_plat/install/t21_teleop:/opt/ros/humble /usr/bin/cmake --build /home/kirill/VNIIA/Projects/black_plat/build/t21_tracked -- -j8 -l8
[0.940s] DEBUG:colcon.colcon_core.event_handler.log_command:Invoked command in '/home/kirill/VNIIA/Projects/black_plat/build/odometry_fus' returned '0': CMAKE_PREFIX_PATH=${CMAKE_PREFIX_PATH}:/home/kirill/VNIIA/Projects/black_plat/install/t21_teleop:/opt/ros/humble /usr/bin/cmake --install /home/kirill/VNIIA/Projects/black_plat/build/odometry_fus
[0.940s] Level 1:colcon.colcon_core.environment:checking '/home/kirill/VNIIA/Projects/black_plat/install/odometry_fus' for CMake config files
[0.940s] Level 1:colcon.colcon_core.shell:create_environment_hook('odometry_fus', 'cmake_prefix_path')
[0.940s] INFO:colcon.colcon_core.shell:Creating environment hook '/home/kirill/VNIIA/Projects/black_plat/install/odometry_fus/share/odometry_fus/hook/cmake_prefix_path.ps1'
[0.941s] INFO:colcon.colcon_core.shell:Creating environment descriptor '/home/kirill/VNIIA/Projects/black_plat/install/odometry_fus/share/odometry_fus/hook/cmake_prefix_path.dsv'
[0.941s] INFO:colcon.colcon_core.shell:Creating environment hook '/home/kirill/VNIIA/Projects/black_plat/install/odometry_fus/share/odometry_fus/hook/cmake_prefix_path.sh'
[0.942s] Level 1:colcon.colcon_core.environment:checking '/home/kirill/VNIIA/Projects/black_plat/install/odometry_fus/lib'
[0.942s] Level 1:colcon.colcon_core.environment:checking '/home/kirill/VNIIA/Projects/black_plat/install/odometry_fus/bin'
[0.942s] Level 1:colcon.colcon_core.environment:checking '/home/kirill/VNIIA/Projects/black_plat/install/odometry_fus/lib/pkgconfig/odometry_fus.pc'
[0.942s] Level 1:colcon.colcon_core.environment:checking '/home/kirill/VNIIA/Projects/black_plat/install/odometry_fus/lib/python3.10/site-packages'
[0.943s] Level 1:colcon.colcon_core.environment:checking '/home/kirill/VNIIA/Projects/black_plat/install/odometry_fus/bin'
[0.943s] INFO:colcon.colcon_core.shell:Creating package script '/home/kirill/VNIIA/Projects/black_plat/install/odometry_fus/share/odometry_fus/package.ps1'
[0.943s] INFO:colcon.colcon_core.shell:Creating package descriptor '/home/kirill/VNIIA/Projects/black_plat/install/odometry_fus/share/odometry_fus/package.dsv'
[0.944s] INFO:colcon.colcon_core.shell:Creating package script '/home/kirill/VNIIA/Projects/black_plat/install/odometry_fus/share/odometry_fus/package.sh'
[0.944s] INFO:colcon.colcon_core.shell:Creating package script '/home/kirill/VNIIA/Projects/black_plat/install/odometry_fus/share/odometry_fus/package.bash'
[0.945s] INFO:colcon.colcon_core.shell:Creating package script '/home/kirill/VNIIA/Projects/black_plat/install/odometry_fus/share/odometry_fus/package.zsh'
[0.945s] Level 1:colcon.colcon_core.environment:create_file_with_runtime_dependencies(/home/kirill/VNIIA/Projects/black_plat/install/odometry_fus/share/colcon-core/packages/odometry_fus)
[0.946s] Level 1:colcon.colcon_core.environment:create_environment_scripts_only(odometry_fus)
[0.946s] Level 1:colcon.colcon_core.environment:checking '/home/kirill/VNIIA/Projects/black_plat/install/odometry_fus' for CMake module files
[0.946s] Level 1:colcon.colcon_core.environment:checking '/home/kirill/VNIIA/Projects/black_plat/install/odometry_fus' for CMake config files
[0.947s] Level 1:colcon.colcon_core.shell:create_environment_hook('odometry_fus', 'cmake_prefix_path')
[0.947s] INFO:colcon.colcon_core.shell:Creating environment hook '/home/kirill/VNIIA/Projects/black_plat/install/odometry_fus/share/odometry_fus/hook/cmake_prefix_path.ps1'
[0.947s] INFO:colcon.colcon_core.shell:Creating environment descriptor '/home/kirill/VNIIA/Projects/black_plat/install/odometry_fus/share/odometry_fus/hook/cmake_prefix_path.dsv'
[0.947s] INFO:colcon.colcon_core.shell:Creating environment hook '/home/kirill/VNIIA/Projects/black_plat/install/odometry_fus/share/odometry_fus/hook/cmake_prefix_path.sh'
[0.948s] Level 1:colcon.colcon_core.environment:checking '/home/kirill/VNIIA/Projects/black_plat/install/odometry_fus/lib'
[0.948s] Level 1:colcon.colcon_core.environment:checking '/home/kirill/VNIIA/Projects/black_plat/install/odometry_fus/bin'
[0.948s] Level 1:colcon.colcon_core.environment:checking '/home/kirill/VNIIA/Projects/black_plat/install/odometry_fus/lib/pkgconfig/odometry_fus.pc'
[0.948s] Level 1:colcon.colcon_core.environment:checking '/home/kirill/VNIIA/Projects/black_plat/install/odometry_fus/lib/python3.10/site-packages'
[0.948s] Level 1:colcon.colcon_core.environment:checking '/home/kirill/VNIIA/Projects/black_plat/install/odometry_fus/bin'
[0.948s] INFO:colcon.colcon_core.shell:Creating package script '/home/kirill/VNIIA/Projects/black_plat/install/odometry_fus/share/odometry_fus/package.ps1'
[0.949s] INFO:colcon.colcon_core.shell:Creating package descriptor '/home/kirill/VNIIA/Projects/black_plat/install/odometry_fus/share/odometry_fus/package.dsv'
[0.949s] INFO:colcon.colcon_core.shell:Creating package script '/home/kirill/VNIIA/Projects/black_plat/install/odometry_fus/share/odometry_fus/package.sh'
[0.949s] INFO:colcon.colcon_core.shell:Creating package script '/home/kirill/VNIIA/Projects/black_plat/install/odometry_fus/share/odometry_fus/package.bash'
[0.950s] INFO:colcon.colcon_core.shell:Creating package script '/home/kirill/VNIIA/Projects/black_plat/install/odometry_fus/share/odometry_fus/package.zsh'
[0.950s] Level 1:colcon.colcon_core.environment:create_file_with_runtime_dependencies(/home/kirill/VNIIA/Projects/black_plat/install/odometry_fus/share/colcon-core/packages/odometry_fus)
[0.950s] Level 1:colcon.colcon_core.environment:create_environment_scripts_only(velodyne_gazebo_plugins)
[0.950s] Level 1:colcon.colcon_core.environment:checking '/home/kirill/VNIIA/Projects/black_plat/install/velodyne_gazebo_plugins' for CMake module files
[0.951s] Level 1:colcon.colcon_core.environment:checking '/home/kirill/VNIIA/Projects/black_plat/install/velodyne_gazebo_plugins' for CMake config files
[0.951s] DEBUG:colcon.colcon_core.event_handler.log_command:Invoked command in '/home/kirill/VNIIA/Projects/black_plat/build/velodyne_gazebo_plugins' returned '0': CMAKE_PREFIX_PATH=${CMAKE_PREFIX_PATH}:/home/kirill/VNIIA/Projects/black_plat/install/t21_teleop:/opt/ros/humble /usr/bin/cmake --install /home/kirill/VNIIA/Projects/black_plat/build/velodyne_gazebo_plugins
[0.951s] Level 1:colcon.colcon_core.shell:create_environment_hook('velodyne_gazebo_plugins', 'cmake_prefix_path')
[0.952s] INFO:colcon.colcon_core.shell:Creating environment hook '/home/kirill/VNIIA/Projects/black_plat/install/velodyne_gazebo_plugins/share/velodyne_gazebo_plugins/hook/cmake_prefix_path.ps1'
[0.952s] INFO:colcon.colcon_core.shell:Creating environment descriptor '/home/kirill/VNIIA/Projects/black_plat/install/velodyne_gazebo_plugins/share/velodyne_gazebo_plugins/hook/cmake_prefix_path.dsv'
[0.952s] INFO:colcon.colcon_core.shell:Creating environment hook '/home/kirill/VNIIA/Projects/black_plat/install/velodyne_gazebo_plugins/share/velodyne_gazebo_plugins/hook/cmake_prefix_path.sh'
[0.953s] Level 1:colcon.colcon_core.environment:checking '/home/kirill/VNIIA/Projects/black_plat/install/velodyne_gazebo_plugins/lib'
[0.953s] Level 1:colcon.colcon_core.shell:create_environment_hook('velodyne_gazebo_plugins', 'ld_library_path_lib')
[0.953s] INFO:colcon.colcon_core.shell:Creating environment hook '/home/kirill/VNIIA/Projects/black_plat/install/velodyne_gazebo_plugins/share/velodyne_gazebo_plugins/hook/ld_library_path_lib.ps1'
[0.953s] INFO:colcon.colcon_core.shell:Creating environment descriptor '/home/kirill/VNIIA/Projects/black_plat/install/velodyne_gazebo_plugins/share/velodyne_gazebo_plugins/hook/ld_library_path_lib.dsv'
[0.953s] INFO:colcon.colcon_core.shell:Creating environment hook '/home/kirill/VNIIA/Projects/black_plat/install/velodyne_gazebo_plugins/share/velodyne_gazebo_plugins/hook/ld_library_path_lib.sh'
[0.953s] Level 1:colcon.colcon_core.environment:checking '/home/kirill/VNIIA/Projects/black_plat/install/velodyne_gazebo_plugins/bin'
[0.954s] Level 1:colcon.colcon_core.environment:checking '/home/kirill/VNIIA/Projects/black_plat/install/velodyne_gazebo_plugins/lib/pkgconfig/velodyne_gazebo_plugins.pc'
[0.954s] Level 1:colcon.colcon_core.environment:checking '/home/kirill/VNIIA/Projects/black_plat/install/velodyne_gazebo_plugins/lib/python3.10/site-packages'
[0.954s] Level 1:colcon.colcon_core.environment:checking '/home/kirill/VNIIA/Projects/black_plat/install/velodyne_gazebo_plugins/bin'
[0.954s] INFO:colcon.colcon_core.shell:Creating package script '/home/kirill/VNIIA/Projects/black_plat/install/velodyne_gazebo_plugins/share/velodyne_gazebo_plugins/package.ps1'
[0.954s] INFO:colcon.colcon_core.shell:Creating package descriptor '/home/kirill/VNIIA/Projects/black_plat/install/velodyne_gazebo_plugins/share/velodyne_gazebo_plugins/package.dsv'
[0.955s] INFO:colcon.colcon_core.shell:Creating package script '/home/kirill/VNIIA/Projects/black_plat/install/velodyne_gazebo_plugins/share/velodyne_gazebo_plugins/package.sh'
[0.955s] INFO:colcon.colcon_core.shell:Creating package script '/home/kirill/VNIIA/Projects/black_plat/install/velodyne_gazebo_plugins/share/velodyne_gazebo_plugins/package.bash'
[0.955s] INFO:colcon.colcon_core.shell:Creating package script '/home/kirill/VNIIA/Projects/black_plat/install/velodyne_gazebo_plugins/share/velodyne_gazebo_plugins/package.zsh'
[0.955s] Level 1:colcon.colcon_core.environment:create_file_with_runtime_dependencies(/home/kirill/VNIIA/Projects/black_plat/install/velodyne_gazebo_plugins/share/colcon-core/packages/velodyne_gazebo_plugins)
[0.956s] Level 1:colcon.colcon_core.environment:create_environment_scripts_only(velodyne_gazebo_plugins)
[0.956s] Level 1:colcon.colcon_core.environment:checking '/home/kirill/VNIIA/Projects/black_plat/install/velodyne_gazebo_plugins' for CMake module files
[0.956s] Level 1:colcon.colcon_core.environment:checking '/home/kirill/VNIIA/Projects/black_plat/install/velodyne_gazebo_plugins' for CMake config files
[0.956s] Level 1:colcon.colcon_core.shell:create_environment_hook('velodyne_gazebo_plugins', 'cmake_prefix_path')
[0.957s] INFO:colcon.colcon_core.shell:Creating environment hook '/home/kirill/VNIIA/Projects/black_plat/install/velodyne_gazebo_plugins/share/velodyne_gazebo_plugins/hook/cmake_prefix_path.ps1'
[0.957s] INFO:colcon.colcon_core.shell:Creating environment descriptor '/home/kirill/VNIIA/Projects/black_plat/install/velodyne_gazebo_plugins/share/velodyne_gazebo_plugins/hook/cmake_prefix_path.dsv'
[0.957s] INFO:colcon.colcon_core.shell:Creating environment hook '/home/kirill/VNIIA/Projects/black_plat/install/velodyne_gazebo_plugins/share/velodyne_gazebo_plugins/hook/cmake_prefix_path.sh'
[0.958s] Level 1:colcon.colcon_core.environment:checking '/home/kirill/VNIIA/Projects/black_plat/install/velodyne_gazebo_plugins/lib'
[0.958s] Level 1:colcon.colcon_core.shell:create_environment_hook('velodyne_gazebo_plugins', 'ld_library_path_lib')
[0.958s] INFO:colcon.colcon_core.shell:Creating environment hook '/home/kirill/VNIIA/Projects/black_plat/install/velodyne_gazebo_plugins/share/velodyne_gazebo_plugins/hook/ld_library_path_lib.ps1'
[0.958s] INFO:colcon.colcon_core.shell:Creating environment descriptor '/home/kirill/VNIIA/Projects/black_plat/install/velodyne_gazebo_plugins/share/velodyne_gazebo_plugins/hook/ld_library_path_lib.dsv'
[0.958s] INFO:colcon.colcon_core.shell:Creating environment hook '/home/kirill/VNIIA/Projects/black_plat/install/velodyne_gazebo_plugins/share/velodyne_gazebo_plugins/hook/ld_library_path_lib.sh'
[0.959s] Level 1:colcon.colcon_core.environment:checking '/home/kirill/VNIIA/Projects/black_plat/install/velodyne_gazebo_plugins/bin'
[0.959s] Level 1:colcon.colcon_core.environment:checking '/home/kirill/VNIIA/Projects/black_plat/install/velodyne_gazebo_plugins/lib/pkgconfig/velodyne_gazebo_plugins.pc'
[0.959s] Level 1:colcon.colcon_core.environment:checking '/home/kirill/VNIIA/Projects/black_plat/install/velodyne_gazebo_plugins/lib/python3.10/site-packages'
[0.959s] Level 1:colcon.colcon_core.environment:checking '/home/kirill/VNIIA/Projects/black_plat/install/velodyne_gazebo_plugins/bin'
[0.959s] INFO:colcon.colcon_core.shell:Creating package script '/home/kirill/VNIIA/Projects/black_plat/install/velodyne_gazebo_plugins/share/velodyne_gazebo_plugins/package.ps1'
[0.960s] INFO:colcon.colcon_core.shell:Creating package descriptor '/home/kirill/VNIIA/Projects/black_plat/install/velodyne_gazebo_plugins/share/velodyne_gazebo_plugins/package.dsv'
[0.960s] INFO:colcon.colcon_core.shell:Creating package script '/home/kirill/VNIIA/Projects/black_plat/install/velodyne_gazebo_plugins/share/velodyne_gazebo_plugins/package.sh'
[0.960s] INFO:colcon.colcon_core.shell:Creating package script '/home/kirill/VNIIA/Projects/black_plat/install/velodyne_gazebo_plugins/share/velodyne_gazebo_plugins/package.bash'
[0.961s] INFO:colcon.colcon_core.shell:Creating package script '/home/kirill/VNIIA/Projects/black_plat/install/velodyne_gazebo_plugins/share/velodyne_gazebo_plugins/package.zsh'
[0.961s] Level 1:colcon.colcon_core.environment:create_file_with_runtime_dependencies(/home/kirill/VNIIA/Projects/black_plat/install/velodyne_gazebo_plugins/share/colcon-core/packages/velodyne_gazebo_plugins)
[0.962s] Level 1:colcon.colcon_core.environment:create_environment_scripts_only(t21_navigation)
[0.962s] Level 1:colcon.colcon_core.environment:checking '/home/kirill/VNIIA/Projects/black_plat/install/t21_navigation' for CMake module files
[0.963s] DEBUG:colcon.colcon_core.event_handler.log_command:Invoked command in '/home/kirill/VNIIA/Projects/black_plat/build/t21_navigation' returned '0': CMAKE_PREFIX_PATH=${CMAKE_PREFIX_PATH}:/home/kirill/VNIIA/Projects/black_plat/install/t21_teleop:/opt/ros/humble /usr/bin/cmake --install /home/kirill/VNIIA/Projects/black_plat/build/t21_navigation
[0.963s] Level 1:colcon.colcon_core.environment:checking '/home/kirill/VNIIA/Projects/black_plat/install/t21_navigation' for CMake config files
[0.964s] Level 1:colcon.colcon_core.shell:create_environment_hook('t21_navigation', 'cmake_prefix_path')
[0.964s] INFO:colcon.colcon_core.shell:Creating environment hook '/home/kirill/VNIIA/Projects/black_plat/install/t21_navigation/share/t21_navigation/hook/cmake_prefix_path.ps1'
[0.965s] INFO:colcon.colcon_core.shell:Creating environment descriptor '/home/kirill/VNIIA/Projects/black_plat/install/t21_navigation/share/t21_navigation/hook/cmake_prefix_path.dsv'
[0.965s] INFO:colcon.colcon_core.shell:Creating environment hook '/home/kirill/VNIIA/Projects/black_plat/install/t21_navigation/share/t21_navigation/hook/cmake_prefix_path.sh'
[0.966s] Level 1:colcon.colcon_core.environment:checking '/home/kirill/VNIIA/Projects/black_plat/install/t21_navigation/lib'
[0.966s] Level 1:colcon.colcon_core.environment:checking '/home/kirill/VNIIA/Projects/black_plat/install/t21_navigation/bin'
[0.966s] Level 1:colcon.colcon_core.environment:checking '/home/kirill/VNIIA/Projects/black_plat/install/t21_navigation/lib/pkgconfig/t21_navigation.pc'
[0.966s] Level 1:colcon.colcon_core.environment:checking '/home/kirill/VNIIA/Projects/black_plat/install/t21_navigation/lib/python3.10/site-packages'
[0.967s] Level 1:colcon.colcon_core.environment:checking '/home/kirill/VNIIA/Projects/black_plat/install/t21_navigation/bin'
[0.967s] INFO:colcon.colcon_core.shell:Creating package script '/home/kirill/VNIIA/Projects/black_plat/install/t21_navigation/share/t21_navigation/package.ps1'
[0.968s] INFO:colcon.colcon_core.shell:Creating package descriptor '/home/kirill/VNIIA/Projects/black_plat/install/t21_navigation/share/t21_navigation/package.dsv'
[0.968s] INFO:colcon.colcon_core.shell:Creating package script '/home/kirill/VNIIA/Projects/black_plat/install/t21_navigation/share/t21_navigation/package.sh'
[0.969s] INFO:colcon.colcon_core.shell:Creating package script '/home/kirill/VNIIA/Projects/black_plat/install/t21_navigation/share/t21_navigation/package.bash'
[0.969s] INFO:colcon.colcon_core.shell:Creating package script '/home/kirill/VNIIA/Projects/black_plat/install/t21_navigation/share/t21_navigation/package.zsh'
[0.969s] Level 1:colcon.colcon_core.environment:create_file_with_runtime_dependencies(/home/kirill/VNIIA/Projects/black_plat/install/t21_navigation/share/colcon-core/packages/t21_navigation)
[0.970s] Level 1:colcon.colcon_core.environment:create_environment_scripts_only(t21_navigation)
[0.970s] Level 1:colcon.colcon_core.environment:checking '/home/kirill/VNIIA/Projects/black_plat/install/t21_navigation' for CMake module files
[0.970s] Level 1:colcon.colcon_core.environment:checking '/home/kirill/VNIIA/Projects/black_plat/install/t21_navigation' for CMake config files
[0.970s] Level 1:colcon.colcon_core.shell:create_environment_hook('t21_navigation', 'cmake_prefix_path')
[0.971s] INFO:colcon.colcon_core.shell:Creating environment hook '/home/kirill/VNIIA/Projects/black_plat/install/t21_navigation/share/t21_navigation/hook/cmake_prefix_path.ps1'
[0.971s] INFO:colcon.colcon_core.shell:Creating environment descriptor '/home/kirill/VNIIA/Projects/black_plat/install/t21_navigation/share/t21_navigation/hook/cmake_prefix_path.dsv'
[0.971s] INFO:colcon.colcon_core.shell:Creating environment hook '/home/kirill/VNIIA/Projects/black_plat/install/t21_navigation/share/t21_navigation/hook/cmake_prefix_path.sh'
[0.971s] Level 1:colcon.colcon_core.environment:checking '/home/kirill/VNIIA/Projects/black_plat/install/t21_navigation/lib'
[0.971s] Level 1:colcon.colcon_core.environment:checking '/home/kirill/VNIIA/Projects/black_plat/install/t21_navigation/bin'
[0.972s] Level 1:colcon.colcon_core.environment:checking '/home/kirill/VNIIA/Projects/black_plat/install/t21_navigation/lib/pkgconfig/t21_navigation.pc'
[0.972s] Level 1:colcon.colcon_core.environment:checking '/home/kirill/VNIIA/Projects/black_plat/install/t21_navigation/lib/python3.10/site-packages'
[0.972s] Level 1:colcon.colcon_core.environment:checking '/home/kirill/VNIIA/Projects/black_plat/install/t21_navigation/bin'
[0.972s] INFO:colcon.colcon_core.shell:Creating package script '/home/kirill/VNIIA/Projects/black_plat/install/t21_navigation/share/t21_navigation/package.ps1'
[0.972s] INFO:colcon.colcon_core.shell:Creating package descriptor '/home/kirill/VNIIA/Projects/black_plat/install/t21_navigation/share/t21_navigation/package.dsv'
[0.973s] INFO:colcon.colcon_core.shell:Creating package script '/home/kirill/VNIIA/Projects/black_plat/install/t21_navigation/share/t21_navigation/package.sh'
[0.973s] INFO:colcon.colcon_core.shell:Creating package script '/home/kirill/VNIIA/Projects/black_plat/install/t21_navigation/share/t21_navigation/package.bash'
[0.973s] INFO:colcon.colcon_core.shell:Creating package script '/home/kirill/VNIIA/Projects/black_plat/install/t21_navigation/share/t21_navigation/package.zsh'
[0.974s] Level 1:colcon.colcon_core.environment:create_file_with_runtime_dependencies(/home/kirill/VNIIA/Projects/black_plat/install/t21_navigation/share/colcon-core/packages/t21_navigation)
[0.975s] INFO:colcon.colcon_ros.task.ament_cmake.build:Building ROS package in '/home/kirill/VNIIA/Projects/black_plat/src/velodyne_simulator/velodyne_simulator' with build type 'ament_cmake'
[0.975s] INFO:colcon.colcon_cmake.task.cmake.build:Building CMake package in '/home/kirill/VNIIA/Projects/black_plat/src/velodyne_simulator/velodyne_simulator'
[0.975s] INFO:colcon.colcon_core.shell:Skip shell extension 'powershell' for command environment: Not usable outside of PowerShell
[0.975s] DEBUG:colcon.colcon_core.shell:Skip shell extension 'dsv' for command environment
[0.982s] DEBUG:colcon.colcon_core.event_handler.log_command:Invoking command in '/home/kirill/VNIIA/Projects/black_plat/build/tracked_description': CMAKE_PREFIX_PATH=/home/kirill/VNIIA/Projects/black_plat/install/bluespace_ai_xsens_mti_driver:/home/kirill/VNIIA/Projects/black_plat/install/velodyne_simulator:/home/kirill/VNIIA/Projects/black_plat/install/velodyne_gazebo_plugins:/home/kirill/VNIIA/Projects/black_plat/install/velodyne_description:/home/kirill/VNIIA/Projects/black_plat/install/t21_sim:/home/kirill/VNIIA/Projects/black_plat/install/tracked_description:/home/kirill/VNIIA/Projects/black_plat/install/t21_tracked:/home/kirill/VNIIA/Projects/black_plat/install/t21_rtabmap:/home/kirill/VNIIA/Projects/black_plat/install/t21_navigation:/home/kirill/VNIIA/Projects/black_plat/install/t21_lidar:/home/kirill/VNIIA/Projects/black_plat/install/odometry_fus:/home/kirill/VNIIA/Projects/black_plat/install/lio_sam:/home/kirill/VNIIA/Projects/black_plat/install/t21_teleop:/opt/ros/humble /usr/bin/cmake --build /home/kirill/VNIIA/Projects/black_plat/build/tracked_description -- -j8 -l8
[0.987s] DEBUG:colcon.colcon_core.event_handler.log_command:Invoking command in '/home/kirill/VNIIA/Projects/black_plat/build/velodyne_simulator': CMAKE_PREFIX_PATH=/home/kirill/VNIIA/Projects/black_plat/install/velodyne_gazebo_plugins:/home/kirill/VNIIA/Projects/black_plat/install/velodyne_description:/home/kirill/VNIIA/Projects/black_plat/install/velodyne_simulator:/home/kirill/VNIIA/Projects/black_plat/install/t21_sim:/home/kirill/VNIIA/Projects/black_plat/install/tracked_description:/home/kirill/VNIIA/Projects/black_plat/install/t21_tracked:/home/kirill/VNIIA/Projects/black_plat/install/t21_rtabmap:/home/kirill/VNIIA/Projects/black_plat/install/t21_navigation:/home/kirill/VNIIA/Projects/black_plat/install/t21_lidar:/home/kirill/VNIIA/Projects/black_plat/install/odometry_fus:/home/kirill/VNIIA/Projects/black_plat/install/lio_sam:/home/kirill/VNIIA/Projects/black_plat/install/bluespace_ai_xsens_mti_driver:/home/kirill/VNIIA/Projects/black_plat/install/t21_teleop:/opt/ros/humble /usr/bin/cmake --build /home/kirill/VNIIA/Projects/black_plat/build/velodyne_simulator -- -j8 -l8
[1.037s] DEBUG:colcon.colcon_core.event_handler.log_command:Invoked command in '/home/kirill/VNIIA/Projects/black_plat/build/t21_tracked' returned '0': CMAKE_PREFIX_PATH=${CMAKE_PREFIX_PATH}:/home/kirill/VNIIA/Projects/black_plat/install/t21_teleop:/opt/ros/humble /usr/bin/cmake --build /home/kirill/VNIIA/Projects/black_plat/build/t21_tracked -- -j8 -l8
[1.038s] DEBUG:colcon.colcon_core.event_handler.log_command:Invoking command in '/home/kirill/VNIIA/Projects/black_plat/build/t21_tracked': CMAKE_PREFIX_PATH=${CMAKE_PREFIX_PATH}:/home/kirill/VNIIA/Projects/black_plat/install/t21_teleop:/opt/ros/humble /usr/bin/cmake --install /home/kirill/VNIIA/Projects/black_plat/build/t21_tracked
[1.045s] DEBUG:colcon.colcon_core.event_handler.log_command:Invoked command in '/home/kirill/VNIIA/Projects/black_plat/build/velodyne_simulator' returned '0': CMAKE_PREFIX_PATH=/home/kirill/VNIIA/Projects/black_plat/install/velodyne_gazebo_plugins:/home/kirill/VNIIA/Projects/black_plat/install/velodyne_description:/home/kirill/VNIIA/Projects/black_plat/install/velodyne_simulator:/home/kirill/VNIIA/Projects/black_plat/install/t21_sim:/home/kirill/VNIIA/Projects/black_plat/install/tracked_description:/home/kirill/VNIIA/Projects/black_plat/install/t21_tracked:/home/kirill/VNIIA/Projects/black_plat/install/t21_rtabmap:/home/kirill/VNIIA/Projects/black_plat/install/t21_navigation:/home/kirill/VNIIA/Projects/black_plat/install/t21_lidar:/home/kirill/VNIIA/Projects/black_plat/install/odometry_fus:/home/kirill/VNIIA/Projects/black_plat/install/lio_sam:/home/kirill/VNIIA/Projects/black_plat/install/bluespace_ai_xsens_mti_driver:/home/kirill/VNIIA/Projects/black_plat/install/t21_teleop:/opt/ros/humble /usr/bin/cmake --build /home/kirill/VNIIA/Projects/black_plat/build/velodyne_simulator -- -j8 -l8
[1.046s] DEBUG:colcon.colcon_core.event_handler.log_command:Invoking command in '/home/kirill/VNIIA/Projects/black_plat/build/velodyne_simulator': CMAKE_PREFIX_PATH=/home/kirill/VNIIA/Projects/black_plat/install/velodyne_gazebo_plugins:/home/kirill/VNIIA/Projects/black_plat/install/velodyne_description:/home/kirill/VNIIA/Projects/black_plat/install/velodyne_simulator:/home/kirill/VNIIA/Projects/black_plat/install/t21_sim:/home/kirill/VNIIA/Projects/black_plat/install/tracked_description:/home/kirill/VNIIA/Projects/black_plat/install/t21_tracked:/home/kirill/VNIIA/Projects/black_plat/install/t21_rtabmap:/home/kirill/VNIIA/Projects/black_plat/install/t21_navigation:/home/kirill/VNIIA/Projects/black_plat/install/t21_lidar:/home/kirill/VNIIA/Projects/black_plat/install/odometry_fus:/home/kirill/VNIIA/Projects/black_plat/install/lio_sam:/home/kirill/VNIIA/Projects/black_plat/install/bluespace_ai_xsens_mti_driver:/home/kirill/VNIIA/Projects/black_plat/install/t21_teleop:/opt/ros/humble /usr/bin/cmake --install /home/kirill/VNIIA/Projects/black_plat/build/velodyne_simulator
[1.056s] Level 1:colcon.colcon_core.environment:create_environment_scripts_only(t21_tracked)
[1.057s] Level 1:colcon.colcon_core.environment:checking '/home/kirill/VNIIA/Projects/black_plat/install/t21_tracked' for CMake module files
[1.058s] Level 1:colcon.colcon_core.environment:checking '/home/kirill/VNIIA/Projects/black_plat/install/t21_tracked' for CMake config files
[1.058s] Level 1:colcon.colcon_core.shell:create_environment_hook('t21_tracked', 'cmake_prefix_path')
[1.058s] INFO:colcon.colcon_core.shell:Creating environment hook '/home/kirill/VNIIA/Projects/black_plat/install/t21_tracked/share/t21_tracked/hook/cmake_prefix_path.ps1'
[1.059s] INFO:colcon.colcon_core.shell:Creating environment descriptor '/home/kirill/VNIIA/Projects/black_plat/install/t21_tracked/share/t21_tracked/hook/cmake_prefix_path.dsv'
[1.059s] INFO:colcon.colcon_core.shell:Creating environment hook '/home/kirill/VNIIA/Projects/black_plat/install/t21_tracked/share/t21_tracked/hook/cmake_prefix_path.sh'
[1.061s] DEBUG:colcon.colcon_core.event_handler.log_command:Invoked command in '/home/kirill/VNIIA/Projects/black_plat/build/t21_tracked' returned '0': CMAKE_PREFIX_PATH=${CMAKE_PREFIX_PATH}:/home/kirill/VNIIA/Projects/black_plat/install/t21_teleop:/opt/ros/humble /usr/bin/cmake --install /home/kirill/VNIIA/Projects/black_plat/build/t21_tracked
[1.061s] Level 1:colcon.colcon_core.environment:checking '/home/kirill/VNIIA/Projects/black_plat/install/t21_tracked/lib'
[1.061s] Level 1:colcon.colcon_core.shell:create_environment_hook('t21_tracked', 'ld_library_path_lib')
[1.062s] INFO:colcon.colcon_core.shell:Creating environment hook '/home/kirill/VNIIA/Projects/black_plat/install/t21_tracked/share/t21_tracked/hook/ld_library_path_lib.ps1'
[1.062s] INFO:colcon.colcon_core.shell:Creating environment descriptor '/home/kirill/VNIIA/Projects/black_plat/install/t21_tracked/share/t21_tracked/hook/ld_library_path_lib.dsv'
[1.063s] INFO:colcon.colcon_core.shell:Creating environment hook '/home/kirill/VNIIA/Projects/black_plat/install/t21_tracked/share/t21_tracked/hook/ld_library_path_lib.sh'
[1.063s] Level 1:colcon.colcon_core.environment:checking '/home/kirill/VNIIA/Projects/black_plat/install/t21_tracked/bin'
[1.063s] Level 1:colcon.colcon_core.environment:checking '/home/kirill/VNIIA/Projects/black_plat/install/t21_tracked/lib/pkgconfig/t21_tracked.pc'
[1.064s] Level 1:colcon.colcon_core.environment:checking '/home/kirill/VNIIA/Projects/black_plat/install/t21_tracked/lib/python3.10/site-packages'
[1.064s] Level 1:colcon.colcon_core.environment:checking '/home/kirill/VNIIA/Projects/black_plat/install/t21_tracked/bin'
[1.065s] INFO:colcon.colcon_core.shell:Creating package script '/home/kirill/VNIIA/Projects/black_plat/install/t21_tracked/share/t21_tracked/package.ps1'
[1.065s] INFO:colcon.colcon_core.shell:Creating package descriptor '/home/kirill/VNIIA/Projects/black_plat/install/t21_tracked/share/t21_tracked/package.dsv'
[1.065s] INFO:colcon.colcon_core.shell:Creating package script '/home/kirill/VNIIA/Projects/black_plat/install/t21_tracked/share/t21_tracked/package.sh'
[1.066s] INFO:colcon.colcon_core.shell:Creating package script '/home/kirill/VNIIA/Projects/black_plat/install/t21_tracked/share/t21_tracked/package.bash'
[1.066s] INFO:colcon.colcon_core.shell:Creating package script '/home/kirill/VNIIA/Projects/black_plat/install/t21_tracked/share/t21_tracked/package.zsh'
[1.067s] Level 1:colcon.colcon_core.environment:create_file_with_runtime_dependencies(/home/kirill/VNIIA/Projects/black_plat/install/t21_tracked/share/colcon-core/packages/t21_tracked)
[1.067s] Level 1:colcon.colcon_core.environment:create_environment_scripts_only(t21_tracked)
[1.068s] Level 1:colcon.colcon_core.environment:checking '/home/kirill/VNIIA/Projects/black_plat/install/t21_tracked' for CMake module files
[1.068s] Level 1:colcon.colcon_core.environment:checking '/home/kirill/VNIIA/Projects/black_plat/install/t21_tracked' for CMake config files
[1.069s] Level 1:colcon.colcon_core.shell:create_environment_hook('t21_tracked', 'cmake_prefix_path')
[1.069s] INFO:colcon.colcon_core.shell:Creating environment hook '/home/kirill/VNIIA/Projects/black_plat/install/t21_tracked/share/t21_tracked/hook/cmake_prefix_path.ps1'
[1.069s] INFO:colcon.colcon_core.shell:Creating environment descriptor '/home/kirill/VNIIA/Projects/black_plat/install/t21_tracked/share/t21_tracked/hook/cmake_prefix_path.dsv'
[1.070s] INFO:colcon.colcon_core.shell:Creating environment hook '/home/kirill/VNIIA/Projects/black_plat/install/t21_tracked/share/t21_tracked/hook/cmake_prefix_path.sh'
[1.070s] Level 1:colcon.colcon_core.environment:checking '/home/kirill/VNIIA/Projects/black_plat/install/t21_tracked/lib'
[1.070s] Level 1:colcon.colcon_core.shell:create_environment_hook('t21_tracked', 'ld_library_path_lib')
[1.071s] INFO:colcon.colcon_core.shell:Creating environment hook '/home/kirill/VNIIA/Projects/black_plat/install/t21_tracked/share/t21_tracked/hook/ld_library_path_lib.ps1'
[1.071s] INFO:colcon.colcon_core.shell:Creating environment descriptor '/home/kirill/VNIIA/Projects/black_plat/install/t21_tracked/share/t21_tracked/hook/ld_library_path_lib.dsv'
[1.071s] INFO:colcon.colcon_core.shell:Creating environment hook '/home/kirill/VNIIA/Projects/black_plat/install/t21_tracked/share/t21_tracked/hook/ld_library_path_lib.sh'
[1.072s] Level 1:colcon.colcon_core.environment:checking '/home/kirill/VNIIA/Projects/black_plat/install/t21_tracked/bin'
[1.072s] Level 1:colcon.colcon_core.environment:checking '/home/kirill/VNIIA/Projects/black_plat/install/t21_tracked/lib/pkgconfig/t21_tracked.pc'
[1.072s] Level 1:colcon.colcon_core.environment:checking '/home/kirill/VNIIA/Projects/black_plat/install/t21_tracked/lib/python3.10/site-packages'
[1.072s] Level 1:colcon.colcon_core.environment:checking '/home/kirill/VNIIA/Projects/black_plat/install/t21_tracked/bin'
[1.073s] INFO:colcon.colcon_core.shell:Creating package script '/home/kirill/VNIIA/Projects/black_plat/install/t21_tracked/share/t21_tracked/package.ps1'
[1.074s] INFO:colcon.colcon_core.shell:Creating package descriptor '/home/kirill/VNIIA/Projects/black_plat/install/t21_tracked/share/t21_tracked/package.dsv'
[1.074s] INFO:colcon.colcon_core.shell:Creating package script '/home/kirill/VNIIA/Projects/black_plat/install/t21_tracked/share/t21_tracked/package.sh'
[1.075s] INFO:colcon.colcon_core.shell:Creating package script '/home/kirill/VNIIA/Projects/black_plat/install/t21_tracked/share/t21_tracked/package.bash'
[1.075s] INFO:colcon.colcon_core.shell:Creating package script '/home/kirill/VNIIA/Projects/black_plat/install/t21_tracked/share/t21_tracked/package.zsh'
[1.075s] Level 1:colcon.colcon_core.environment:create_file_with_runtime_dependencies(/home/kirill/VNIIA/Projects/black_plat/install/t21_tracked/share/colcon-core/packages/t21_tracked)
[1.076s] Level 1:colcon.colcon_core.environment:create_environment_scripts_only(velodyne_simulator)
[1.076s] Level 1:colcon.colcon_core.environment:checking '/home/kirill/VNIIA/Projects/black_plat/install/velodyne_simulator' for CMake module files
[1.077s] Level 1:colcon.colcon_core.environment:checking '/home/kirill/VNIIA/Projects/black_plat/install/velodyne_simulator' for CMake config files
[1.077s] DEBUG:colcon.colcon_core.event_handler.log_command:Invoked command in '/home/kirill/VNIIA/Projects/black_plat/build/velodyne_simulator' returned '0': CMAKE_PREFIX_PATH=/home/kirill/VNIIA/Projects/black_plat/install/velodyne_gazebo_plugins:/home/kirill/VNIIA/Projects/black_plat/install/velodyne_description:/home/kirill/VNIIA/Projects/black_plat/install/velodyne_simulator:/home/kirill/VNIIA/Projects/black_plat/install/t21_sim:/home/kirill/VNIIA/Projects/black_plat/install/tracked_description:/home/kirill/VNIIA/Projects/black_plat/install/t21_tracked:/home/kirill/VNIIA/Projects/black_plat/install/t21_rtabmap:/home/kirill/VNIIA/Projects/black_plat/install/t21_navigation:/home/kirill/VNIIA/Projects/black_plat/install/t21_lidar:/home/kirill/VNIIA/Projects/black_plat/install/odometry_fus:/home/kirill/VNIIA/Projects/black_plat/install/lio_sam:/home/kirill/VNIIA/Projects/black_plat/install/bluespace_ai_xsens_mti_driver:/home/kirill/VNIIA/Projects/black_plat/install/t21_teleop:/opt/ros/humble /usr/bin/cmake --install /home/kirill/VNIIA/Projects/black_plat/build/velodyne_simulator
[1.077s] Level 1:colcon.colcon_core.shell:create_environment_hook('velodyne_simulator', 'cmake_prefix_path')
[1.078s] INFO:colcon.colcon_core.shell:Creating environment hook '/home/kirill/VNIIA/Projects/black_plat/install/velodyne_simulator/share/velodyne_simulator/hook/cmake_prefix_path.ps1'
[1.078s] INFO:colcon.colcon_core.shell:Creating environment descriptor '/home/kirill/VNIIA/Projects/black_plat/install/velodyne_simulator/share/velodyne_simulator/hook/cmake_prefix_path.dsv'
[1.079s] INFO:colcon.colcon_core.shell:Creating environment hook '/home/kirill/VNIIA/Projects/black_plat/install/velodyne_simulator/share/velodyne_simulator/hook/cmake_prefix_path.sh'
[1.079s] Level 1:colcon.colcon_core.environment:checking '/home/kirill/VNIIA/Projects/black_plat/install/velodyne_simulator/bin'
[1.080s] Level 1:colcon.colcon_core.environment:checking '/home/kirill/VNIIA/Projects/black_plat/install/velodyne_simulator/lib/pkgconfig/velodyne_simulator.pc'
[1.080s] Level 1:colcon.colcon_core.environment:checking '/home/kirill/VNIIA/Projects/black_plat/install/velodyne_simulator/lib/python3.10/site-packages'
[1.080s] Level 1:colcon.colcon_core.environment:checking '/home/kirill/VNIIA/Projects/black_plat/install/velodyne_simulator/bin'
[1.081s] INFO:colcon.colcon_core.shell:Creating package script '/home/kirill/VNIIA/Projects/black_plat/install/velodyne_simulator/share/velodyne_simulator/package.ps1'
[1.081s] INFO:colcon.colcon_core.shell:Creating package descriptor '/home/kirill/VNIIA/Projects/black_plat/install/velodyne_simulator/share/velodyne_simulator/package.dsv'
[1.082s] INFO:colcon.colcon_core.shell:Creating package script '/home/kirill/VNIIA/Projects/black_plat/install/velodyne_simulator/share/velodyne_simulator/package.sh'
[1.082s] INFO:colcon.colcon_core.shell:Creating package script '/home/kirill/VNIIA/Projects/black_plat/install/velodyne_simulator/share/velodyne_simulator/package.bash'
[1.083s] INFO:colcon.colcon_core.shell:Creating package script '/home/kirill/VNIIA/Projects/black_plat/install/velodyne_simulator/share/velodyne_simulator/package.zsh'
[1.083s] Level 1:colcon.colcon_core.environment:create_file_with_runtime_dependencies(/home/kirill/VNIIA/Projects/black_plat/install/velodyne_simulator/share/colcon-core/packages/velodyne_simulator)
[1.084s] Level 1:colcon.colcon_core.environment:create_environment_scripts_only(velodyne_simulator)
[1.084s] Level 1:colcon.colcon_core.environment:checking '/home/kirill/VNIIA/Projects/black_plat/install/velodyne_simulator' for CMake module files
[1.085s] Level 1:colcon.colcon_core.environment:checking '/home/kirill/VNIIA/Projects/black_plat/install/velodyne_simulator' for CMake config files
[1.085s] Level 1:colcon.colcon_core.shell:create_environment_hook('velodyne_simulator', 'cmake_prefix_path')
[1.085s] INFO:colcon.colcon_core.shell:Creating environment hook '/home/kirill/VNIIA/Projects/black_plat/install/velodyne_simulator/share/velodyne_simulator/hook/cmake_prefix_path.ps1'
[1.086s] INFO:colcon.colcon_core.shell:Creating environment descriptor '/home/kirill/VNIIA/Projects/black_plat/install/velodyne_simulator/share/velodyne_simulator/hook/cmake_prefix_path.dsv'
[1.086s] INFO:colcon.colcon_core.shell:Creating environment hook '/home/kirill/VNIIA/Projects/black_plat/install/velodyne_simulator/share/velodyne_simulator/hook/cmake_prefix_path.sh'
[1.087s] Level 1:colcon.colcon_core.environment:checking '/home/kirill/VNIIA/Projects/black_plat/install/velodyne_simulator/bin'
[1.087s] Level 1:colcon.colcon_core.environment:checking '/home/kirill/VNIIA/Projects/black_plat/install/velodyne_simulator/lib/pkgconfig/velodyne_simulator.pc'
[1.087s] Level 1:colcon.colcon_core.environment:checking '/home/kirill/VNIIA/Projects/black_plat/install/velodyne_simulator/lib/python3.10/site-packages'
[1.087s] Level 1:colcon.colcon_core.environment:checking '/home/kirill/VNIIA/Projects/black_plat/install/velodyne_simulator/bin'
[1.088s] INFO:colcon.colcon_core.shell:Creating package script '/home/kirill/VNIIA/Projects/black_plat/install/velodyne_simulator/share/velodyne_simulator/package.ps1'
[1.088s] INFO:colcon.colcon_core.shell:Creating package descriptor '/home/kirill/VNIIA/Projects/black_plat/install/velodyne_simulator/share/velodyne_simulator/package.dsv'
[1.089s] INFO:colcon.colcon_core.shell:Creating package script '/home/kirill/VNIIA/Projects/black_plat/install/velodyne_simulator/share/velodyne_simulator/package.sh'
[1.089s] INFO:colcon.colcon_core.shell:Creating package script '/home/kirill/VNIIA/Projects/black_plat/install/velodyne_simulator/share/velodyne_simulator/package.bash'
[1.090s] INFO:colcon.colcon_core.shell:Creating package script '/home/kirill/VNIIA/Projects/black_plat/install/velodyne_simulator/share/velodyne_simulator/package.zsh'
[1.090s] Level 1:colcon.colcon_core.environment:create_file_with_runtime_dependencies(/home/kirill/VNIIA/Projects/black_plat/install/velodyne_simulator/share/colcon-core/packages/velodyne_simulator)
[1.092s] DEBUG:colcon.colcon_core.event_handler.log_command:Invoked command in '/home/kirill/VNIIA/Projects/black_plat/build/tracked_description' returned '0': CMAKE_PREFIX_PATH=/home/kirill/VNIIA/Projects/black_plat/install/bluespace_ai_xsens_mti_driver:/home/kirill/VNIIA/Projects/black_plat/install/velodyne_simulator:/home/kirill/VNIIA/Projects/black_plat/install/velodyne_gazebo_plugins:/home/kirill/VNIIA/Projects/black_plat/install/velodyne_description:/home/kirill/VNIIA/Projects/black_plat/install/t21_sim:/home/kirill/VNIIA/Projects/black_plat/install/tracked_description:/home/kirill/VNIIA/Projects/black_plat/install/t21_tracked:/home/kirill/VNIIA/Projects/black_plat/install/t21_rtabmap:/home/kirill/VNIIA/Projects/black_plat/install/t21_navigation:/home/kirill/VNIIA/Projects/black_plat/install/t21_lidar:/home/kirill/VNIIA/Projects/black_plat/install/odometry_fus:/home/kirill/VNIIA/Projects/black_plat/install/lio_sam:/home/kirill/VNIIA/Projects/black_plat/install/t21_teleop:/opt/ros/humble /usr/bin/cmake --build /home/kirill/VNIIA/Projects/black_plat/build/tracked_description -- -j8 -l8
[1.094s] DEBUG:colcon.colcon_core.event_handler.log_command:Invoking command in '/home/kirill/VNIIA/Projects/black_plat/build/tracked_description': CMAKE_PREFIX_PATH=/home/kirill/VNIIA/Projects/black_plat/install/bluespace_ai_xsens_mti_driver:/home/kirill/VNIIA/Projects/black_plat/install/velodyne_simulator:/home/kirill/VNIIA/Projects/black_plat/install/velodyne_gazebo_plugins:/home/kirill/VNIIA/Projects/black_plat/install/velodyne_description:/home/kirill/VNIIA/Projects/black_plat/install/t21_sim:/home/kirill/VNIIA/Projects/black_plat/install/tracked_description:/home/kirill/VNIIA/Projects/black_plat/install/t21_tracked:/home/kirill/VNIIA/Projects/black_plat/install/t21_rtabmap:/home/kirill/VNIIA/Projects/black_plat/install/t21_navigation:/home/kirill/VNIIA/Projects/black_plat/install/t21_lidar:/home/kirill/VNIIA/Projects/black_plat/install/odometry_fus:/home/kirill/VNIIA/Projects/black_plat/install/lio_sam:/home/kirill/VNIIA/Projects/black_plat/install/t21_teleop:/opt/ros/humble /usr/bin/cmake --install /home/kirill/VNIIA/Projects/black_plat/build/tracked_description
[1.108s] Level 1:colcon.colcon_core.environment:create_environment_scripts_only(tracked_description)
[1.109s] Level 1:colcon.colcon_core.environment:checking '/home/kirill/VNIIA/Projects/black_plat/install/tracked_description' for CMake module files
[1.110s] Level 1:colcon.colcon_core.environment:checking '/home/kirill/VNIIA/Projects/black_plat/install/tracked_description' for CMake config files
[1.110s] DEBUG:colcon.colcon_core.event_handler.log_command:Invoked command in '/home/kirill/VNIIA/Projects/black_plat/build/tracked_description' returned '0': CMAKE_PREFIX_PATH=/home/kirill/VNIIA/Projects/black_plat/install/bluespace_ai_xsens_mti_driver:/home/kirill/VNIIA/Projects/black_plat/install/velodyne_simulator:/home/kirill/VNIIA/Projects/black_plat/install/velodyne_gazebo_plugins:/home/kirill/VNIIA/Projects/black_plat/install/velodyne_description:/home/kirill/VNIIA/Projects/black_plat/install/t21_sim:/home/kirill/VNIIA/Projects/black_plat/install/tracked_description:/home/kirill/VNIIA/Projects/black_plat/install/t21_tracked:/home/kirill/VNIIA/Projects/black_plat/install/t21_rtabmap:/home/kirill/VNIIA/Projects/black_plat/install/t21_navigation:/home/kirill/VNIIA/Projects/black_plat/install/t21_lidar:/home/kirill/VNIIA/Projects/black_plat/install/odometry_fus:/home/kirill/VNIIA/Projects/black_plat/install/lio_sam:/home/kirill/VNIIA/Projects/black_plat/install/t21_teleop:/opt/ros/humble /usr/bin/cmake --install /home/kirill/VNIIA/Projects/black_plat/build/tracked_description
[1.110s] Level 1:colcon.colcon_core.shell:create_environment_hook('tracked_description', 'cmake_prefix_path')
[1.111s] INFO:colcon.colcon_core.shell:Creating environment hook '/home/kirill/VNIIA/Projects/black_plat/install/tracked_description/share/tracked_description/hook/cmake_prefix_path.ps1'
[1.112s] INFO:colcon.colcon_core.shell:Creating environment descriptor '/home/kirill/VNIIA/Projects/black_plat/install/tracked_description/share/tracked_description/hook/cmake_prefix_path.dsv'
[1.112s] INFO:colcon.colcon_core.shell:Creating environment hook '/home/kirill/VNIIA/Projects/black_plat/install/tracked_description/share/tracked_description/hook/cmake_prefix_path.sh'
[1.113s] Level 1:colcon.colcon_core.environment:checking '/home/kirill/VNIIA/Projects/black_plat/install/tracked_description/lib'
[1.113s] Level 1:colcon.colcon_core.environment:checking '/home/kirill/VNIIA/Projects/black_plat/install/tracked_description/bin'
[1.113s] Level 1:colcon.colcon_core.environment:checking '/home/kirill/VNIIA/Projects/black_plat/install/tracked_description/lib/pkgconfig/tracked_description.pc'
[1.114s] Level 1:colcon.colcon_core.environment:checking '/home/kirill/VNIIA/Projects/black_plat/install/tracked_description/lib/python3.10/site-packages'
[1.114s] Level 1:colcon.colcon_core.environment:checking '/home/kirill/VNIIA/Projects/black_plat/install/tracked_description/bin'
[1.114s] INFO:colcon.colcon_core.shell:Creating package script '/home/kirill/VNIIA/Projects/black_plat/install/tracked_description/share/tracked_description/package.ps1'
[1.115s] INFO:colcon.colcon_core.shell:Creating package descriptor '/home/kirill/VNIIA/Projects/black_plat/install/tracked_description/share/tracked_description/package.dsv'
[1.115s] INFO:colcon.colcon_core.shell:Creating package script '/home/kirill/VNIIA/Projects/black_plat/install/tracked_description/share/tracked_description/package.sh'
[1.116s] INFO:colcon.colcon_core.shell:Creating package script '/home/kirill/VNIIA/Projects/black_plat/install/tracked_description/share/tracked_description/package.bash'
[1.116s] INFO:colcon.colcon_core.shell:Creating package script '/home/kirill/VNIIA/Projects/black_plat/install/tracked_description/share/tracked_description/package.zsh'
[1.117s] Level 1:colcon.colcon_core.environment:create_file_with_runtime_dependencies(/home/kirill/VNIIA/Projects/black_plat/install/tracked_description/share/colcon-core/packages/tracked_description)
[1.117s] Level 1:colcon.colcon_core.environment:create_environment_scripts_only(tracked_description)
[1.118s] Level 1:colcon.colcon_core.environment:checking '/home/kirill/VNIIA/Projects/black_plat/install/tracked_description' for CMake module files
[1.118s] Level 1:colcon.colcon_core.environment:checking '/home/kirill/VNIIA/Projects/black_plat/install/tracked_description' for CMake config files
[1.119s] Level 1:colcon.colcon_core.shell:create_environment_hook('tracked_description', 'cmake_prefix_path')
[1.119s] INFO:colcon.colcon_core.shell:Creating environment hook '/home/kirill/VNIIA/Projects/black_plat/install/tracked_description/share/tracked_description/hook/cmake_prefix_path.ps1'
[1.120s] INFO:colcon.colcon_core.shell:Creating environment descriptor '/home/kirill/VNIIA/Projects/black_plat/install/tracked_description/share/tracked_description/hook/cmake_prefix_path.dsv'
[1.120s] INFO:colcon.colcon_core.shell:Creating environment hook '/home/kirill/VNIIA/Projects/black_plat/install/tracked_description/share/tracked_description/hook/cmake_prefix_path.sh'
[1.121s] Level 1:colcon.colcon_core.environment:checking '/home/kirill/VNIIA/Projects/black_plat/install/tracked_description/lib'
[1.121s] Level 1:colcon.colcon_core.environment:checking '/home/kirill/VNIIA/Projects/black_plat/install/tracked_description/bin'
[1.121s] Level 1:colcon.colcon_core.environment:checking '/home/kirill/VNIIA/Projects/black_plat/install/tracked_description/lib/pkgconfig/tracked_description.pc'
[1.121s] Level 1:colcon.colcon_core.environment:checking '/home/kirill/VNIIA/Projects/black_plat/install/tracked_description/lib/python3.10/site-packages'
[1.121s] Level 1:colcon.colcon_core.environment:checking '/home/kirill/VNIIA/Projects/black_plat/install/tracked_description/bin'
[1.122s] INFO:colcon.colcon_core.shell:Creating package script '/home/kirill/VNIIA/Projects/black_plat/install/tracked_description/share/tracked_description/package.ps1'
[1.122s] INFO:colcon.colcon_core.shell:Creating package descriptor '/home/kirill/VNIIA/Projects/black_plat/install/tracked_description/share/tracked_description/package.dsv'
[1.123s] INFO:colcon.colcon_core.shell:Creating package script '/home/kirill/VNIIA/Projects/black_plat/install/tracked_description/share/tracked_description/package.sh'
[1.123s] INFO:colcon.colcon_core.shell:Creating package script '/home/kirill/VNIIA/Projects/black_plat/install/tracked_description/share/tracked_description/package.bash'
[1.124s] INFO:colcon.colcon_core.shell:Creating package script '/home/kirill/VNIIA/Projects/black_plat/install/tracked_description/share/tracked_description/package.zsh'
[1.124s] Level 1:colcon.colcon_core.environment:create_file_with_runtime_dependencies(/home/kirill/VNIIA/Projects/black_plat/install/tracked_description/share/colcon-core/packages/tracked_description)
[1.125s] INFO:colcon.colcon_ros.task.ament_cmake.build:Building ROS package in '/home/kirill/VNIIA/Projects/black_plat/src/t21_sim' with build type 'ament_cmake'
[1.125s] INFO:colcon.colcon_cmake.task.cmake.build:Building CMake package in '/home/kirill/VNIIA/Projects/black_plat/src/t21_sim'
[1.125s] INFO:colcon.colcon_core.shell:Skip shell extension 'powershell' for command environment: Not usable outside of PowerShell
[1.125s] DEBUG:colcon.colcon_core.shell:Skip shell extension 'dsv' for command environment
[1.140s] DEBUG:colcon.colcon_core.event_handler.log_command:Invoking command in '/home/kirill/VNIIA/Projects/black_plat/build/t21_sim': CMAKE_PREFIX_PATH=/home/kirill/VNIIA/Projects/black_plat/install/tracked_description:/home/kirill/VNIIA/Projects/black_plat/install/odometry_fus:/home/kirill/VNIIA/Projects/black_plat/install/bluespace_ai_xsens_mti_driver:/home/kirill/VNIIA/Projects/black_plat/install/velodyne_simulator:/home/kirill/VNIIA/Projects/black_plat/install/velodyne_gazebo_plugins:/home/kirill/VNIIA/Projects/black_plat/install/velodyne_description:/home/kirill/VNIIA/Projects/black_plat/install/t21_sim:/home/kirill/VNIIA/Projects/black_plat/install/t21_tracked:/home/kirill/VNIIA/Projects/black_plat/install/t21_rtabmap:/home/kirill/VNIIA/Projects/black_plat/install/t21_navigation:/home/kirill/VNIIA/Projects/black_plat/install/t21_lidar:/home/kirill/VNIIA/Projects/black_plat/install/lio_sam:/home/kirill/VNIIA/Projects/black_plat/install/t21_teleop:/opt/ros/humble /usr/bin/cmake --build /home/kirill/VNIIA/Projects/black_plat/build/t21_sim -- -j8 -l8
[1.192s] DEBUG:colcon.colcon_core.event_handler.log_command:Invoked command in '/home/kirill/VNIIA/Projects/black_plat/build/t21_sim' returned '0': CMAKE_PREFIX_PATH=/home/kirill/VNIIA/Projects/black_plat/install/tracked_description:/home/kirill/VNIIA/Projects/black_plat/install/odometry_fus:/home/kirill/VNIIA/Projects/black_plat/install/bluespace_ai_xsens_mti_driver:/home/kirill/VNIIA/Projects/black_plat/install/velodyne_simulator:/home/kirill/VNIIA/Projects/black_plat/install/velodyne_gazebo_plugins:/home/kirill/VNIIA/Projects/black_plat/install/velodyne_description:/home/kirill/VNIIA/Projects/black_plat/install/t21_sim:/home/kirill/VNIIA/Projects/black_plat/install/t21_tracked:/home/kirill/VNIIA/Projects/black_plat/install/t21_rtabmap:/home/kirill/VNIIA/Projects/black_plat/install/t21_navigation:/home/kirill/VNIIA/Projects/black_plat/install/t21_lidar:/home/kirill/VNIIA/Projects/black_plat/install/lio_sam:/home/kirill/VNIIA/Projects/black_plat/install/t21_teleop:/opt/ros/humble /usr/bin/cmake --build /home/kirill/VNIIA/Projects/black_plat/build/t21_sim -- -j8 -l8
[1.194s] DEBUG:colcon.colcon_core.event_handler.log_command:Invoking command in '/home/kirill/VNIIA/Projects/black_plat/build/t21_sim': CMAKE_PREFIX_PATH=/home/kirill/VNIIA/Projects/black_plat/install/tracked_description:/home/kirill/VNIIA/Projects/black_plat/install/odometry_fus:/home/kirill/VNIIA/Projects/black_plat/install/bluespace_ai_xsens_mti_driver:/home/kirill/VNIIA/Projects/black_plat/install/velodyne_simulator:/home/kirill/VNIIA/Projects/black_plat/install/velodyne_gazebo_plugins:/home/kirill/VNIIA/Projects/black_plat/install/velodyne_description:/home/kirill/VNIIA/Projects/black_plat/install/t21_sim:/home/kirill/VNIIA/Projects/black_plat/install/t21_tracked:/home/kirill/VNIIA/Projects/black_plat/install/t21_rtabmap:/home/kirill/VNIIA/Projects/black_plat/install/t21_navigation:/home/kirill/VNIIA/Projects/black_plat/install/t21_lidar:/home/kirill/VNIIA/Projects/black_plat/install/lio_sam:/home/kirill/VNIIA/Projects/black_plat/install/t21_teleop:/opt/ros/humble /usr/bin/cmake --install /home/kirill/VNIIA/Projects/black_plat/build/t21_sim
[1.207s] Level 1:colcon.colcon_core.environment:create_environment_scripts_only(t21_sim)
[1.207s] Level 1:colcon.colcon_core.environment:checking '/home/kirill/VNIIA/Projects/black_plat/install/t21_sim' for CMake module files
[1.208s] Level 1:colcon.colcon_core.environment:checking '/home/kirill/VNIIA/Projects/black_plat/install/t21_sim' for CMake config files
[1.208s] Level 1:colcon.colcon_core.shell:create_environment_hook('t21_sim', 'cmake_prefix_path')
[1.208s] INFO:colcon.colcon_core.shell:Creating environment hook '/home/kirill/VNIIA/Projects/black_plat/install/t21_sim/share/t21_sim/hook/cmake_prefix_path.ps1'
[1.209s] INFO:colcon.colcon_core.shell:Creating environment descriptor '/home/kirill/VNIIA/Projects/black_plat/install/t21_sim/share/t21_sim/hook/cmake_prefix_path.dsv'
[1.209s] DEBUG:colcon.colcon_core.event_handler.log_command:Invoked command in '/home/kirill/VNIIA/Projects/black_plat/build/t21_sim' returned '0': CMAKE_PREFIX_PATH=/home/kirill/VNIIA/Projects/black_plat/install/tracked_description:/home/kirill/VNIIA/Projects/black_plat/install/odometry_fus:/home/kirill/VNIIA/Projects/black_plat/install/bluespace_ai_xsens_mti_driver:/home/kirill/VNIIA/Projects/black_plat/install/velodyne_simulator:/home/kirill/VNIIA/Projects/black_plat/install/velodyne_gazebo_plugins:/home/kirill/VNIIA/Projects/black_plat/install/velodyne_description:/home/kirill/VNIIA/Projects/black_plat/install/t21_sim:/home/kirill/VNIIA/Projects/black_plat/install/t21_tracked:/home/kirill/VNIIA/Projects/black_plat/install/t21_rtabmap:/home/kirill/VNIIA/Projects/black_plat/install/t21_navigation:/home/kirill/VNIIA/Projects/black_plat/install/t21_lidar:/home/kirill/VNIIA/Projects/black_plat/install/lio_sam:/home/kirill/VNIIA/Projects/black_plat/install/t21_teleop:/opt/ros/humble /usr/bin/cmake --install /home/kirill/VNIIA/Projects/black_plat/build/t21_sim
[1.209s] INFO:colcon.colcon_core.shell:Creating environment hook '/home/kirill/VNIIA/Projects/black_plat/install/t21_sim/share/t21_sim/hook/cmake_prefix_path.sh'
[1.210s] Level 1:colcon.colcon_core.environment:checking '/home/kirill/VNIIA/Projects/black_plat/install/t21_sim/bin'
[1.210s] Level 1:colcon.colcon_core.environment:checking '/home/kirill/VNIIA/Projects/black_plat/install/t21_sim/lib/pkgconfig/t21_sim.pc'
[1.210s] Level 1:colcon.colcon_core.environment:checking '/home/kirill/VNIIA/Projects/black_plat/install/t21_sim/lib/python3.10/site-packages'
[1.211s] Level 1:colcon.colcon_core.environment:checking '/home/kirill/VNIIA/Projects/black_plat/install/t21_sim/bin'
[1.211s] INFO:colcon.colcon_core.shell:Creating package script '/home/kirill/VNIIA/Projects/black_plat/install/t21_sim/share/t21_sim/package.ps1'
[1.212s] INFO:colcon.colcon_core.shell:Creating package descriptor '/home/kirill/VNIIA/Projects/black_plat/install/t21_sim/share/t21_sim/package.dsv'
[1.212s] INFO:colcon.colcon_core.shell:Creating package script '/home/kirill/VNIIA/Projects/black_plat/install/t21_sim/share/t21_sim/package.sh'
[1.212s] INFO:colcon.colcon_core.shell:Creating package script '/home/kirill/VNIIA/Projects/black_plat/install/t21_sim/share/t21_sim/package.bash'
[1.213s] INFO:colcon.colcon_core.shell:Creating package script '/home/kirill/VNIIA/Projects/black_plat/install/t21_sim/share/t21_sim/package.zsh'
[1.213s] Level 1:colcon.colcon_core.environment:create_file_with_runtime_dependencies(/home/kirill/VNIIA/Projects/black_plat/install/t21_sim/share/colcon-core/packages/t21_sim)
[1.214s] Level 1:colcon.colcon_core.environment:create_environment_scripts_only(t21_sim)
[1.214s] Level 1:colcon.colcon_core.environment:checking '/home/kirill/VNIIA/Projects/black_plat/install/t21_sim' for CMake module files
[1.215s] Level 1:colcon.colcon_core.environment:checking '/home/kirill/VNIIA/Projects/black_plat/install/t21_sim' for CMake config files
[1.215s] Level 1:colcon.colcon_core.shell:create_environment_hook('t21_sim', 'cmake_prefix_path')
[1.215s] INFO:colcon.colcon_core.shell:Creating environment hook '/home/kirill/VNIIA/Projects/black_plat/install/t21_sim/share/t21_sim/hook/cmake_prefix_path.ps1'
[1.216s] INFO:colcon.colcon_core.shell:Creating environment descriptor '/home/kirill/VNIIA/Projects/black_plat/install/t21_sim/share/t21_sim/hook/cmake_prefix_path.dsv'
[1.216s] INFO:colcon.colcon_core.shell:Creating environment hook '/home/kirill/VNIIA/Projects/black_plat/install/t21_sim/share/t21_sim/hook/cmake_prefix_path.sh'
[1.217s] Level 1:colcon.colcon_core.environment:checking '/home/kirill/VNIIA/Projects/black_plat/install/t21_sim/bin'
[1.217s] Level 1:colcon.colcon_core.environment:checking '/home/kirill/VNIIA/Projects/black_plat/install/t21_sim/lib/pkgconfig/t21_sim.pc'
[1.217s] Level 1:colcon.colcon_core.environment:checking '/home/kirill/VNIIA/Projects/black_plat/install/t21_sim/lib/python3.10/site-packages'
[1.217s] Level 1:colcon.colcon_core.environment:checking '/home/kirill/VNIIA/Projects/black_plat/install/t21_sim/bin'
[1.218s] INFO:colcon.colcon_core.shell:Creating package script '/home/kirill/VNIIA/Projects/black_plat/install/t21_sim/share/t21_sim/package.ps1'
[1.218s] INFO:colcon.colcon_core.shell:Creating package descriptor '/home/kirill/VNIIA/Projects/black_plat/install/t21_sim/share/t21_sim/package.dsv'
[1.219s] INFO:colcon.colcon_core.shell:Creating package script '/home/kirill/VNIIA/Projects/black_plat/install/t21_sim/share/t21_sim/package.sh'
[1.219s] INFO:colcon.colcon_core.shell:Creating package script '/home/kirill/VNIIA/Projects/black_plat/install/t21_sim/share/t21_sim/package.bash'
[1.219s] INFO:colcon.colcon_core.shell:Creating package script '/home/kirill/VNIIA/Projects/black_plat/install/t21_sim/share/t21_sim/package.zsh'
[1.220s] Level 1:colcon.colcon_core.environment:create_file_with_runtime_dependencies(/home/kirill/VNIIA/Projects/black_plat/install/t21_sim/share/colcon-core/packages/t21_sim)
[1.551s] DEBUG:colcon.colcon_core.event_handler.log_command:Invoking command in '/home/kirill/VNIIA/Projects/black_plat/src/t21_teleop': PYTHONPATH=/home/kirill/VNIIA/Projects/black_plat/build/t21_teleop/prefix_override:/usr/lib/python3/dist-packages/colcon_core/task/python/colcon_distutils_commands:/home/kirill/VNIIA/Projects/black_plat/install/t21_teleop/lib/python3.10/site-packages:${PYTHONPATH} /usr/bin/python3 -W ignore:setup.py install is deprecated -W ignore:easy_install command is deprecated setup.py egg_info --egg-base ../../build/t21_teleop build --build-base /home/kirill/VNIIA/Projects/black_plat/build/t21_teleop/build install --record /home/kirill/VNIIA/Projects/black_plat/build/t21_teleop/install.log --single-version-externally-managed install_data
[1.810s] Level 1:colcon.colcon_core.environment:checking '/home/kirill/VNIIA/Projects/black_plat/install/t21_teleop' for CMake module files
[1.811s] DEBUG:colcon.colcon_core.event_handler.log_command:Invoked command in '/home/kirill/VNIIA/Projects/black_plat/src/t21_teleop' returned '0': PYTHONPATH=/home/kirill/VNIIA/Projects/black_plat/build/t21_teleop/prefix_override:/usr/lib/python3/dist-packages/colcon_core/task/python/colcon_distutils_commands:/home/kirill/VNIIA/Projects/black_plat/install/t21_teleop/lib/python3.10/site-packages:${PYTHONPATH} /usr/bin/python3 -W ignore:setup.py install is deprecated -W ignore:easy_install command is deprecated setup.py egg_info --egg-base ../../build/t21_teleop build --build-base /home/kirill/VNIIA/Projects/black_plat/build/t21_teleop/build install --record /home/kirill/VNIIA/Projects/black_plat/build/t21_teleop/install.log --single-version-externally-managed install_data
[1.811s] Level 1:colcon.colcon_core.environment:checking '/home/kirill/VNIIA/Projects/black_plat/install/t21_teleop' for CMake config files
[1.812s] Level 1:colcon.colcon_core.environment:checking '/home/kirill/VNIIA/Projects/black_plat/install/t21_teleop/lib'
[1.812s] Level 1:colcon.colcon_core.environment:checking '/home/kirill/VNIIA/Projects/black_plat/install/t21_teleop/bin'
[1.812s] Level 1:colcon.colcon_core.environment:checking '/home/kirill/VNIIA/Projects/black_plat/install/t21_teleop/lib/pkgconfig/t21_teleop.pc'
[1.813s] Level 1:colcon.colcon_core.environment:checking '/home/kirill/VNIIA/Projects/black_plat/install/t21_teleop/lib/python3.10/site-packages'
[1.813s] Level 1:colcon.colcon_core.shell:create_environment_hook('t21_teleop', 'pythonpath')
[1.813s] INFO:colcon.colcon_core.shell:Creating environment hook '/home/kirill/VNIIA/Projects/black_plat/install/t21_teleop/share/t21_teleop/hook/pythonpath.ps1'
[1.813s] INFO:colcon.colcon_core.shell:Creating environment descriptor '/home/kirill/VNIIA/Projects/black_plat/install/t21_teleop/share/t21_teleop/hook/pythonpath.dsv'
[1.813s] INFO:colcon.colcon_core.shell:Creating environment hook '/home/kirill/VNIIA/Projects/black_plat/install/t21_teleop/share/t21_teleop/hook/pythonpath.sh'
[1.814s] Level 1:colcon.colcon_core.environment:checking '/home/kirill/VNIIA/Projects/black_plat/install/t21_teleop/bin'
[1.814s] Level 1:colcon.colcon_core.environment:create_environment_scripts_only(t21_teleop)
[1.814s] INFO:colcon.colcon_core.shell:Creating package script '/home/kirill/VNIIA/Projects/black_plat/install/t21_teleop/share/t21_teleop/package.ps1'
[1.815s] INFO:colcon.colcon_core.shell:Creating package descriptor '/home/kirill/VNIIA/Projects/black_plat/install/t21_teleop/share/t21_teleop/package.dsv'
[1.815s] INFO:colcon.colcon_core.shell:Creating package script '/home/kirill/VNIIA/Projects/black_plat/install/t21_teleop/share/t21_teleop/package.sh'
[1.815s] INFO:colcon.colcon_core.shell:Creating package script '/home/kirill/VNIIA/Projects/black_plat/install/t21_teleop/share/t21_teleop/package.bash'
[1.815s] INFO:colcon.colcon_core.shell:Creating package script '/home/kirill/VNIIA/Projects/black_plat/install/t21_teleop/share/t21_teleop/package.zsh'
[1.816s] Level 1:colcon.colcon_core.environment:create_file_with_runtime_dependencies(/home/kirill/VNIIA/Projects/black_plat/install/t21_teleop/share/colcon-core/packages/t21_teleop)
[57.599s] DEBUG:colcon.colcon_core.event_handler.log_command:Invoked command in '/home/kirill/VNIIA/Projects/black_plat/build/lio_sam' returned '0': CMAKE_PREFIX_PATH=${CMAKE_PREFIX_PATH}:/home/kirill/VNIIA/Projects/black_plat/install/t21_teleop:/opt/ros/humble /usr/bin/cmake --build /home/kirill/VNIIA/Projects/black_plat/build/lio_sam -- -j8 -l8
[57.600s] DEBUG:colcon.colcon_core.event_handler.log_command:Invoking command in '/home/kirill/VNIIA/Projects/black_plat/build/lio_sam': CMAKE_PREFIX_PATH=${CMAKE_PREFIX_PATH}:/home/kirill/VNIIA/Projects/black_plat/install/t21_teleop:/opt/ros/humble /usr/bin/cmake --install /home/kirill/VNIIA/Projects/black_plat/build/lio_sam
[57.643s] Level 1:colcon.colcon_core.environment:create_environment_scripts_only(lio_sam)
[57.643s] Level 1:colcon.colcon_core.environment:checking '/home/kirill/VNIIA/Projects/black_plat/install/lio_sam' for CMake module files
[57.644s] DEBUG:colcon.colcon_core.event_handler.log_command:Invoked command in '/home/kirill/VNIIA/Projects/black_plat/build/lio_sam' returned '0': CMAKE_PREFIX_PATH=${CMAKE_PREFIX_PATH}:/home/kirill/VNIIA/Projects/black_plat/install/t21_teleop:/opt/ros/humble /usr/bin/cmake --install /home/kirill/VNIIA/Projects/black_plat/build/lio_sam
[57.644s] Level 1:colcon.colcon_core.environment:checking '/home/kirill/VNIIA/Projects/black_plat/install/lio_sam' for CMake config files
[57.644s] Level 1:colcon.colcon_core.shell:create_environment_hook('lio_sam', 'cmake_prefix_path')
[57.645s] INFO:colcon.colcon_core.shell:Creating environment hook '/home/kirill/VNIIA/Projects/black_plat/install/lio_sam/share/lio_sam/hook/cmake_prefix_path.ps1'
[57.645s] INFO:colcon.colcon_core.shell:Creating environment descriptor '/home/kirill/VNIIA/Projects/black_plat/install/lio_sam/share/lio_sam/hook/cmake_prefix_path.dsv'
[57.645s] INFO:colcon.colcon_core.shell:Creating environment hook '/home/kirill/VNIIA/Projects/black_plat/install/lio_sam/share/lio_sam/hook/cmake_prefix_path.sh'
[57.645s] Level 1:colcon.colcon_core.environment:checking '/home/kirill/VNIIA/Projects/black_plat/install/lio_sam/lib'
[57.646s] Level 1:colcon.colcon_core.shell:create_environment_hook('lio_sam', 'ld_library_path_lib')
[57.646s] INFO:colcon.colcon_core.shell:Creating environment hook '/home/kirill/VNIIA/Projects/black_plat/install/lio_sam/share/lio_sam/hook/ld_library_path_lib.ps1'
[57.646s] INFO:colcon.colcon_core.shell:Creating environment descriptor '/home/kirill/VNIIA/Projects/black_plat/install/lio_sam/share/lio_sam/hook/ld_library_path_lib.dsv'
[57.646s] INFO:colcon.colcon_core.shell:Creating environment hook '/home/kirill/VNIIA/Projects/black_plat/install/lio_sam/share/lio_sam/hook/ld_library_path_lib.sh'
[57.646s] Level 1:colcon.colcon_core.environment:checking '/home/kirill/VNIIA/Projects/black_plat/install/lio_sam/bin'
[57.646s] Level 1:colcon.colcon_core.environment:checking '/home/kirill/VNIIA/Projects/black_plat/install/lio_sam/lib/pkgconfig/lio_sam.pc'
[57.647s] Level 1:colcon.colcon_core.environment:checking '/home/kirill/VNIIA/Projects/black_plat/install/lio_sam/lib/python3.10/site-packages'
[57.647s] Level 1:colcon.colcon_core.environment:checking '/home/kirill/VNIIA/Projects/black_plat/install/lio_sam/bin'
[57.647s] INFO:colcon.colcon_core.shell:Creating package script '/home/kirill/VNIIA/Projects/black_plat/install/lio_sam/share/lio_sam/package.ps1'
[57.647s] INFO:colcon.colcon_core.shell:Creating package descriptor '/home/kirill/VNIIA/Projects/black_plat/install/lio_sam/share/lio_sam/package.dsv'
[57.647s] INFO:colcon.colcon_core.shell:Creating package script '/home/kirill/VNIIA/Projects/black_plat/install/lio_sam/share/lio_sam/package.sh'
[57.648s] INFO:colcon.colcon_core.shell:Creating package script '/home/kirill/VNIIA/Projects/black_plat/install/lio_sam/share/lio_sam/package.bash'
[57.648s] INFO:colcon.colcon_core.shell:Creating package script '/home/kirill/VNIIA/Projects/black_plat/install/lio_sam/share/lio_sam/package.zsh'
[57.648s] Level 1:colcon.colcon_core.environment:create_file_with_runtime_dependencies(/home/kirill/VNIIA/Projects/black_plat/install/lio_sam/share/colcon-core/packages/lio_sam)
[57.648s] Level 1:colcon.colcon_core.environment:create_environment_scripts_only(lio_sam)
[57.649s] Level 1:colcon.colcon_core.environment:checking '/home/kirill/VNIIA/Projects/black_plat/install/lio_sam' for CMake module files
[57.649s] Level 1:colcon.colcon_core.environment:checking '/home/kirill/VNIIA/Projects/black_plat/install/lio_sam' for CMake config files
[57.649s] Level 1:colcon.colcon_core.shell:create_environment_hook('lio_sam', 'cmake_prefix_path')
[57.649s] INFO:colcon.colcon_core.shell:Creating environment hook '/home/kirill/VNIIA/Projects/black_plat/install/lio_sam/share/lio_sam/hook/cmake_prefix_path.ps1'
[57.650s] INFO:colcon.colcon_core.shell:Creating environment descriptor '/home/kirill/VNIIA/Projects/black_plat/install/lio_sam/share/lio_sam/hook/cmake_prefix_path.dsv'
[57.650s] INFO:colcon.colcon_core.shell:Creating environment hook '/home/kirill/VNIIA/Projects/black_plat/install/lio_sam/share/lio_sam/hook/cmake_prefix_path.sh'
[57.650s] Level 1:colcon.colcon_core.environment:checking '/home/kirill/VNIIA/Projects/black_plat/install/lio_sam/lib'
[57.650s] Level 1:colcon.colcon_core.shell:create_environment_hook('lio_sam', 'ld_library_path_lib')
[57.650s] INFO:colcon.colcon_core.shell:Creating environment hook '/home/kirill/VNIIA/Projects/black_plat/install/lio_sam/share/lio_sam/hook/ld_library_path_lib.ps1'
[57.651s] INFO:colcon.colcon_core.shell:Creating environment descriptor '/home/kirill/VNIIA/Projects/black_plat/install/lio_sam/share/lio_sam/hook/ld_library_path_lib.dsv'
[57.651s] INFO:colcon.colcon_core.shell:Creating environment hook '/home/kirill/VNIIA/Projects/black_plat/install/lio_sam/share/lio_sam/hook/ld_library_path_lib.sh'
[57.651s] Level 1:colcon.colcon_core.environment:checking '/home/kirill/VNIIA/Projects/black_plat/install/lio_sam/bin'
[57.651s] Level 1:colcon.colcon_core.environment:checking '/home/kirill/VNIIA/Projects/black_plat/install/lio_sam/lib/pkgconfig/lio_sam.pc'
[57.651s] Level 1:colcon.colcon_core.environment:checking '/home/kirill/VNIIA/Projects/black_plat/install/lio_sam/lib/python3.10/site-packages'
[57.651s] Level 1:colcon.colcon_core.environment:checking '/home/kirill/VNIIA/Projects/black_plat/install/lio_sam/bin'
[57.651s] INFO:colcon.colcon_core.shell:Creating package script '/home/kirill/VNIIA/Projects/black_plat/install/lio_sam/share/lio_sam/package.ps1'
[57.652s] INFO:colcon.colcon_core.shell:Creating package descriptor '/home/kirill/VNIIA/Projects/black_plat/install/lio_sam/share/lio_sam/package.dsv'
[57.652s] INFO:colcon.colcon_core.shell:Creating package script '/home/kirill/VNIIA/Projects/black_plat/install/lio_sam/share/lio_sam/package.sh'
[57.652s] INFO:colcon.colcon_core.shell:Creating package script '/home/kirill/VNIIA/Projects/black_plat/install/lio_sam/share/lio_sam/package.bash'
[57.653s] INFO:colcon.colcon_core.shell:Creating package script '/home/kirill/VNIIA/Projects/black_plat/install/lio_sam/share/lio_sam/package.zsh'
[57.653s] Level 1:colcon.colcon_core.environment:create_file_with_runtime_dependencies(/home/kirill/VNIIA/Projects/black_plat/install/lio_sam/share/colcon-core/packages/lio_sam)
[57.653s] DEBUG:colcon.colcon_parallel_executor.executor.parallel:closing loop
[57.653s] DEBUG:colcon.colcon_parallel_executor.executor.parallel:loop closed
[57.653s] DEBUG:colcon.colcon_parallel_executor.executor.parallel:run_until_complete finished with '0'
[57.653s] DEBUG:colcon.colcon_core.event_reactor:joining thread
[57.657s] INFO:colcon.colcon_core.plugin_system:Skipping extension 'colcon_notification.desktop_notification.terminal_notifier': Not used on non-Darwin systems
[57.657s] INFO:colcon.colcon_core.plugin_system:Skipping extension 'colcon_notification.desktop_notification.win32': Not used on non-Windows systems
[57.657s] INFO:colcon.colcon_notification.desktop_notification:Sending desktop notification using 'notify2'
[57.665s] DEBUG:colcon.colcon_core.event_reactor:joined thread
[57.665s] INFO:colcon.colcon_core.shell:Creating prefix script '/home/kirill/VNIIA/Projects/black_plat/install/local_setup.ps1'
[57.666s] INFO:colcon.colcon_core.shell:Creating prefix util module '/home/kirill/VNIIA/Projects/black_plat/install/_local_setup_util_ps1.py'
[57.667s] INFO:colcon.colcon_core.shell:Creating prefix chain script '/home/kirill/VNIIA/Projects/black_plat/install/setup.ps1'
[57.668s] INFO:colcon.colcon_core.shell:Creating prefix script '/home/kirill/VNIIA/Projects/black_plat/install/local_setup.sh'
[57.669s] INFO:colcon.colcon_core.shell:Creating prefix util module '/home/kirill/VNIIA/Projects/black_plat/install/_local_setup_util_sh.py'
[57.669s] INFO:colcon.colcon_core.shell:Creating prefix chain script '/home/kirill/VNIIA/Projects/black_plat/install/setup.sh'
[57.670s] INFO:colcon.colcon_core.shell:Creating prefix script '/home/kirill/VNIIA/Projects/black_plat/install/local_setup.bash'
[57.670s] INFO:colcon.colcon_core.shell:Creating prefix chain script '/home/kirill/VNIIA/Projects/black_plat/install/setup.bash'
[57.671s] INFO:colcon.colcon_core.shell:Creating prefix script '/home/kirill/VNIIA/Projects/black_plat/install/local_setup.zsh'
[57.671s] INFO:colcon.colcon_core.shell:Creating prefix chain script '/home/kirill/VNIIA/Projects/black_plat/install/setup.zsh'
