[0.088s] DEBUG:colcon:Command line arguments: ['/usr/bin/colcon', 'build']
[0.088s] DEBUG:colcon:Parsed command line arguments: Namespace(log_base=None, log_level=None, verb_name='build', build_base='build', install_base='install', merge_install=False, symlink_install=False, test_result_base=None, continue_on_error=False, executor='parallel', parallel_workers=8, event_handlers=None, ignore_user_meta=False, metas=['./colcon.meta'], base_paths=['.'], packages_ignore=None, packages_ignore_regex=None, paths=None, packages_up_to=None, packages_up_to_regex=None, packages_above=None, packages_above_and_dependencies=None, packages_above_depth=None, packages_select_by_dep=None, packages_skip_by_dep=None, packages_skip_up_to=None, packages_select_build_failed=False, packages_skip_build_finished=False, packages_select_test_failures=False, packages_skip_test_passed=False, packages_select=None, packages_skip=None, packages_select_regex=None, packages_skip_regex=None, packages_start=None, packages_end=None, allow_overriding=[], cmake_args=None, cmake_target=None, cmake_target_skip_unavailable=False, cmake_clean_cache=False, cmake_clean_first=False, cmake_force_configure=False, ament_cmake_args=None, catkin_cmake_args=None, catkin_skip_building_tests=False, mixin_files=None, mixin=None, verb_parser=<colcon_mixin.mixin.mixin_argument.MixinArgumentDecorator object at 0x73fc471cfc40>, verb_extension=<colcon_core.verb.build.BuildVerb object at 0x73fc473acac0>, main=<bound method BuildVerb.main of <colcon_core.verb.build.BuildVerb object at 0x73fc473acac0>>, mixin_verb=('build',))
[0.256s] Level 1:colcon.colcon_core.package_discovery:discover_packages(colcon_meta) check parameters
[0.256s] Level 1:colcon.colcon_core.package_discovery:discover_packages(recursive) check parameters
[0.256s] Level 1:colcon.colcon_core.package_discovery:discover_packages(ignore) check parameters
[0.256s] Level 1:colcon.colcon_core.package_discovery:discover_packages(path) check parameters
[0.256s] Level 1:colcon.colcon_core.package_discovery:discover_packages(colcon_meta) discover
[0.256s] Level 1:colcon.colcon_core.package_discovery:discover_packages(recursive) discover
[0.256s] INFO:colcon.colcon_core.package_discovery:Crawling recursively for packages in '/home/kirill/VNIIA/Projects/black_plat'
[0.256s] Level 1:colcon.colcon_core.package_identification:_identify(.) by extensions ['ignore', 'ignore_ament_install']
[0.256s] Level 1:colcon.colcon_core.package_identification:_identify(.) by extension 'ignore'
[0.256s] Level 1:colcon.colcon_core.package_identification:_identify(.) by extension 'ignore_ament_install'
[0.256s] Level 1:colcon.colcon_core.package_identification:_identify(.) by extensions ['colcon_pkg']
[0.256s] Level 1:colcon.colcon_core.package_identification:_identify(.) by extension 'colcon_pkg'
[0.256s] Level 1:colcon.colcon_core.package_identification:_identify(.) by extensions ['colcon_meta']
[0.256s] Level 1:colcon.colcon_core.package_identification:_identify(.) by extension 'colcon_meta'
[0.256s] Level 1:colcon.colcon_core.package_identification:_identify(.) by extensions ['ros']
[0.256s] Level 1:colcon.colcon_core.package_identification:_identify(.) by extension 'ros'
[0.270s] Level 1:colcon.colcon_core.package_identification:_identify(.) by extensions ['cmake', 'python']
[0.270s] Level 1:colcon.colcon_core.package_identification:_identify(.) by extension 'cmake'
[0.270s] Level 1:colcon.colcon_core.package_identification:_identify(.) by extension 'python'
[0.270s] Level 1:colcon.colcon_core.package_identification:_identify(.) by extensions ['python_setup_py']
[0.270s] Level 1:colcon.colcon_core.package_identification:_identify(.) by extension 'python_setup_py'
[0.270s] Level 1:colcon.colcon_core.package_identification:_identify(build) by extensions ['ignore', 'ignore_ament_install']
[0.270s] Level 1:colcon.colcon_core.package_identification:_identify(build) by extension 'ignore'
[0.270s] Level 1:colcon.colcon_core.package_identification:_identify(build) ignored
[0.271s] Level 1:colcon.colcon_core.package_identification:_identify(install) by extensions ['ignore', 'ignore_ament_install']
[0.271s] Level 1:colcon.colcon_core.package_identification:_identify(install) by extension 'ignore'
[0.271s] Level 1:colcon.colcon_core.package_identification:_identify(install) ignored
[0.271s] Level 1:colcon.colcon_core.package_identification:_identify(log) by extensions ['ignore', 'ignore_ament_install']
[0.271s] Level 1:colcon.colcon_core.package_identification:_identify(log) by extension 'ignore'
[0.271s] Level 1:colcon.colcon_core.package_identification:_identify(log) ignored
[0.271s] Level 1:colcon.colcon_core.package_identification:_identify(materials) by extensions ['ignore', 'ignore_ament_install']
[0.271s] Level 1:colcon.colcon_core.package_identification:_identify(materials) by extension 'ignore'
[0.271s] Level 1:colcon.colcon_core.package_identification:_identify(materials) by extension 'ignore_ament_install'
[0.271s] Level 1:colcon.colcon_core.package_identification:_identify(materials) by extensions ['colcon_pkg']
[0.271s] Level 1:colcon.colcon_core.package_identification:_identify(materials) by extension 'colcon_pkg'
[0.271s] Level 1:colcon.colcon_core.package_identification:_identify(materials) by extensions ['colcon_meta']
[0.271s] Level 1:colcon.colcon_core.package_identification:_identify(materials) by extension 'colcon_meta'
[0.271s] Level 1:colcon.colcon_core.package_identification:_identify(materials) by extensions ['ros']
[0.271s] Level 1:colcon.colcon_core.package_identification:_identify(materials) by extension 'ros'
[0.271s] Level 1:colcon.colcon_core.package_identification:_identify(materials) by extensions ['cmake', 'python']
[0.271s] Level 1:colcon.colcon_core.package_identification:_identify(materials) by extension 'cmake'
[0.271s] Level 1:colcon.colcon_core.package_identification:_identify(materials) by extension 'python'
[0.271s] Level 1:colcon.colcon_core.package_identification:_identify(materials) by extensions ['python_setup_py']
[0.271s] Level 1:colcon.colcon_core.package_identification:_identify(materials) by extension 'python_setup_py'
[0.271s] Level 1:colcon.colcon_core.package_identification:_identify(src) by extensions ['ignore', 'ignore_ament_install']
[0.271s] Level 1:colcon.colcon_core.package_identification:_identify(src) by extension 'ignore'
[0.271s] Level 1:colcon.colcon_core.package_identification:_identify(src) by extension 'ignore_ament_install'
[0.271s] Level 1:colcon.colcon_core.package_identification:_identify(src) by extensions ['colcon_pkg']
[0.271s] Level 1:colcon.colcon_core.package_identification:_identify(src) by extension 'colcon_pkg'
[0.271s] Level 1:colcon.colcon_core.package_identification:_identify(src) by extensions ['colcon_meta']
[0.271s] Level 1:colcon.colcon_core.package_identification:_identify(src) by extension 'colcon_meta'
[0.271s] Level 1:colcon.colcon_core.package_identification:_identify(src) by extensions ['ros']
[0.271s] Level 1:colcon.colcon_core.package_identification:_identify(src) by extension 'ros'
[0.271s] Level 1:colcon.colcon_core.package_identification:_identify(src) by extensions ['cmake', 'python']
[0.271s] Level 1:colcon.colcon_core.package_identification:_identify(src) by extension 'cmake'
[0.271s] Level 1:colcon.colcon_core.package_identification:_identify(src) by extension 'python'
[0.271s] Level 1:colcon.colcon_core.package_identification:_identify(src) by extensions ['python_setup_py']
[0.271s] Level 1:colcon.colcon_core.package_identification:_identify(src) by extension 'python_setup_py'
[0.272s] Level 1:colcon.colcon_core.package_identification:_identify(src/LIO-SAM) by extensions ['ignore', 'ignore_ament_install']
[0.272s] Level 1:colcon.colcon_core.package_identification:_identify(src/LIO-SAM) by extension 'ignore'
[0.272s] Level 1:colcon.colcon_core.package_identification:_identify(src/LIO-SAM) by extension 'ignore_ament_install'
[0.272s] Level 1:colcon.colcon_core.package_identification:_identify(src/LIO-SAM) by extensions ['colcon_pkg']
[0.272s] Level 1:colcon.colcon_core.package_identification:_identify(src/LIO-SAM) by extension 'colcon_pkg'
[0.272s] Level 1:colcon.colcon_core.package_identification:_identify(src/LIO-SAM) by extensions ['colcon_meta']
[0.272s] Level 1:colcon.colcon_core.package_identification:_identify(src/LIO-SAM) by extension 'colcon_meta'
[0.272s] Level 1:colcon.colcon_core.package_identification:_identify(src/LIO-SAM) by extensions ['ros']
[0.272s] Level 1:colcon.colcon_core.package_identification:_identify(src/LIO-SAM) by extension 'ros'
[0.274s] DEBUG:colcon.colcon_core.package_identification:Package 'src/LIO-SAM' with type 'ros.ament_cmake' and name 'lio_sam'
[0.274s] Level 1:colcon.colcon_core.package_identification:_identify(src/bluespace_ai_xsens_ros_mti_driver) by extensions ['ignore', 'ignore_ament_install']
[0.274s] Level 1:colcon.colcon_core.package_identification:_identify(src/bluespace_ai_xsens_ros_mti_driver) by extension 'ignore'
[0.274s] Level 1:colcon.colcon_core.package_identification:_identify(src/bluespace_ai_xsens_ros_mti_driver) by extension 'ignore_ament_install'
[0.274s] Level 1:colcon.colcon_core.package_identification:_identify(src/bluespace_ai_xsens_ros_mti_driver) by extensions ['colcon_pkg']
[0.274s] Level 1:colcon.colcon_core.package_identification:_identify(src/bluespace_ai_xsens_ros_mti_driver) by extension 'colcon_pkg'
[0.274s] Level 1:colcon.colcon_core.package_identification:_identify(src/bluespace_ai_xsens_ros_mti_driver) by extensions ['colcon_meta']
[0.274s] Level 1:colcon.colcon_core.package_identification:_identify(src/bluespace_ai_xsens_ros_mti_driver) by extension 'colcon_meta'
[0.274s] Level 1:colcon.colcon_core.package_identification:_identify(src/bluespace_ai_xsens_ros_mti_driver) by extensions ['ros']
[0.274s] Level 1:colcon.colcon_core.package_identification:_identify(src/bluespace_ai_xsens_ros_mti_driver) by extension 'ros'
[0.274s] DEBUG:colcon.colcon_core.package_identification:Package 'src/bluespace_ai_xsens_ros_mti_driver' with type 'ros.ament_cmake' and name 'bluespace_ai_xsens_mti_driver'
[0.275s] Level 1:colcon.colcon_core.package_identification:_identify(src/odometry_fus) by extensions ['ignore', 'ignore_ament_install']
[0.275s] Level 1:colcon.colcon_core.package_identification:_identify(src/odometry_fus) by extension 'ignore'
[0.275s] Level 1:colcon.colcon_core.package_identification:_identify(src/odometry_fus) by extension 'ignore_ament_install'
[0.275s] Level 1:colcon.colcon_core.package_identification:_identify(src/odometry_fus) by extensions ['colcon_pkg']
[0.275s] Level 1:colcon.colcon_core.package_identification:_identify(src/odometry_fus) by extension 'colcon_pkg'
[0.275s] Level 1:colcon.colcon_core.package_identification:_identify(src/odometry_fus) by extensions ['colcon_meta']
[0.275s] Level 1:colcon.colcon_core.package_identification:_identify(src/odometry_fus) by extension 'colcon_meta'
[0.275s] Level 1:colcon.colcon_core.package_identification:_identify(src/odometry_fus) by extensions ['ros']
[0.275s] Level 1:colcon.colcon_core.package_identification:_identify(src/odometry_fus) by extension 'ros'
[0.275s] DEBUG:colcon.colcon_core.package_identification:Package 'src/odometry_fus' with type 'ros.ament_cmake' and name 'odometry_fus'
[0.275s] Level 1:colcon.colcon_core.package_identification:_identify(src/ros2_control) by extensions ['ignore', 'ignore_ament_install']
[0.275s] Level 1:colcon.colcon_core.package_identification:_identify(src/ros2_control) by extension 'ignore'
[0.275s] Level 1:colcon.colcon_core.package_identification:_identify(src/ros2_control) by extension 'ignore_ament_install'
[0.275s] Level 1:colcon.colcon_core.package_identification:_identify(src/ros2_control) by extensions ['colcon_pkg']
[0.275s] Level 1:colcon.colcon_core.package_identification:_identify(src/ros2_control) by extension 'colcon_pkg'
[0.275s] Level 1:colcon.colcon_core.package_identification:_identify(src/ros2_control) by extensions ['colcon_meta']
[0.275s] Level 1:colcon.colcon_core.package_identification:_identify(src/ros2_control) by extension 'colcon_meta'
[0.275s] Level 1:colcon.colcon_core.package_identification:_identify(src/ros2_control) by extensions ['ros']
[0.275s] Level 1:colcon.colcon_core.package_identification:_identify(src/ros2_control) by extension 'ros'
[0.276s] Level 1:colcon.colcon_core.package_identification:_identify(src/ros2_control) by extensions ['cmake', 'python']
[0.276s] Level 1:colcon.colcon_core.package_identification:_identify(src/ros2_control) by extension 'cmake'
[0.276s] Level 1:colcon.colcon_core.package_identification:_identify(src/ros2_control) by extension 'python'
[0.276s] Level 1:colcon.colcon_core.package_identification:_identify(src/ros2_control) by extensions ['python_setup_py']
[0.276s] Level 1:colcon.colcon_core.package_identification:_identify(src/ros2_control) by extension 'python_setup_py'
[0.276s] Level 1:colcon.colcon_core.package_identification:_identify(src/ros2_control/ros2_control_t21_hardware) by extensions ['ignore', 'ignore_ament_install']
[0.276s] Level 1:colcon.colcon_core.package_identification:_identify(src/ros2_control/ros2_control_t21_hardware) by extension 'ignore'
[0.276s] Level 1:colcon.colcon_core.package_identification:_identify(src/ros2_control/ros2_control_t21_hardware) by extension 'ignore_ament_install'
[0.276s] Level 1:colcon.colcon_core.package_identification:_identify(src/ros2_control/ros2_control_t21_hardware) by extensions ['colcon_pkg']
[0.276s] Level 1:colcon.colcon_core.package_identification:_identify(src/ros2_control/ros2_control_t21_hardware) by extension 'colcon_pkg'
[0.276s] Level 1:colcon.colcon_core.package_identification:_identify(src/ros2_control/ros2_control_t21_hardware) by extensions ['colcon_meta']
[0.276s] Level 1:colcon.colcon_core.package_identification:_identify(src/ros2_control/ros2_control_t21_hardware) by extension 'colcon_meta'
[0.276s] Level 1:colcon.colcon_core.package_identification:_identify(src/ros2_control/ros2_control_t21_hardware) by extensions ['ros']
[0.276s] Level 1:colcon.colcon_core.package_identification:_identify(src/ros2_control/ros2_control_t21_hardware) by extension 'ros'
[0.276s] DEBUG:colcon.colcon_core.package_identification:Package 'src/ros2_control/ros2_control_t21_hardware' with type 'ros.ament_cmake' and name 't21_tracked'
[0.276s] Level 1:colcon.colcon_core.package_identification:_identify(src/t21_lidar) by extensions ['ignore', 'ignore_ament_install']
[0.276s] Level 1:colcon.colcon_core.package_identification:_identify(src/t21_lidar) by extension 'ignore'
[0.276s] Level 1:colcon.colcon_core.package_identification:_identify(src/t21_lidar) by extension 'ignore_ament_install'
[0.276s] Level 1:colcon.colcon_core.package_identification:_identify(src/t21_lidar) by extensions ['colcon_pkg']
[0.276s] Level 1:colcon.colcon_core.package_identification:_identify(src/t21_lidar) by extension 'colcon_pkg'
[0.276s] Level 1:colcon.colcon_core.package_identification:_identify(src/t21_lidar) by extensions ['colcon_meta']
[0.276s] Level 1:colcon.colcon_core.package_identification:_identify(src/t21_lidar) by extension 'colcon_meta'
[0.277s] Level 1:colcon.colcon_core.package_identification:_identify(src/t21_lidar) by extensions ['ros']
[0.277s] Level 1:colcon.colcon_core.package_identification:_identify(src/t21_lidar) by extension 'ros'
[0.277s] DEBUG:colcon.colcon_core.package_identification:Package 'src/t21_lidar' with type 'ros.ament_cmake' and name 't21_lidar'
[0.277s] Level 1:colcon.colcon_core.package_identification:_identify(src/t21_navigation) by extensions ['ignore', 'ignore_ament_install']
[0.277s] Level 1:colcon.colcon_core.package_identification:_identify(src/t21_navigation) by extension 'ignore'
[0.277s] Level 1:colcon.colcon_core.package_identification:_identify(src/t21_navigation) by extension 'ignore_ament_install'
[0.277s] Level 1:colcon.colcon_core.package_identification:_identify(src/t21_navigation) by extensions ['colcon_pkg']
[0.277s] Level 1:colcon.colcon_core.package_identification:_identify(src/t21_navigation) by extension 'colcon_pkg'
[0.277s] Level 1:colcon.colcon_core.package_identification:_identify(src/t21_navigation) by extensions ['colcon_meta']
[0.277s] Level 1:colcon.colcon_core.package_identification:_identify(src/t21_navigation) by extension 'colcon_meta'
[0.277s] Level 1:colcon.colcon_core.package_identification:_identify(src/t21_navigation) by extensions ['ros']
[0.277s] Level 1:colcon.colcon_core.package_identification:_identify(src/t21_navigation) by extension 'ros'
[0.278s] DEBUG:colcon.colcon_core.package_identification:Package 'src/t21_navigation' with type 'ros.ament_cmake' and name 't21_navigation'
[0.279s] Level 1:colcon.colcon_core.package_identification:_identify(src/t21_rtabmap) by extensions ['ignore', 'ignore_ament_install']
[0.279s] Level 1:colcon.colcon_core.package_identification:_identify(src/t21_rtabmap) by extension 'ignore'
[0.279s] Level 1:colcon.colcon_core.package_identification:_identify(src/t21_rtabmap) by extension 'ignore_ament_install'
[0.279s] Level 1:colcon.colcon_core.package_identification:_identify(src/t21_rtabmap) by extensions ['colcon_pkg']
[0.279s] Level 1:colcon.colcon_core.package_identification:_identify(src/t21_rtabmap) by extension 'colcon_pkg'
[0.279s] Level 1:colcon.colcon_core.package_identification:_identify(src/t21_rtabmap) by extensions ['colcon_meta']
[0.279s] Level 1:colcon.colcon_core.package_identification:_identify(src/t21_rtabmap) by extension 'colcon_meta'
[0.279s] Level 1:colcon.colcon_core.package_identification:_identify(src/t21_rtabmap) by extensions ['ros']
[0.279s] Level 1:colcon.colcon_core.package_identification:_identify(src/t21_rtabmap) by extension 'ros'
[0.279s] DEBUG:colcon.colcon_core.package_identification:Package 'src/t21_rtabmap' with type 'ros.ament_cmake' and name 't21_rtabmap'
[0.279s] Level 1:colcon.colcon_core.package_identification:_identify(src/t21_sim) by extensions ['ignore', 'ignore_ament_install']
[0.279s] Level 1:colcon.colcon_core.package_identification:_identify(src/t21_sim) by extension 'ignore'
[0.279s] Level 1:colcon.colcon_core.package_identification:_identify(src/t21_sim) by extension 'ignore_ament_install'
[0.279s] Level 1:colcon.colcon_core.package_identification:_identify(src/t21_sim) by extensions ['colcon_pkg']
[0.279s] Level 1:colcon.colcon_core.package_identification:_identify(src/t21_sim) by extension 'colcon_pkg'
[0.279s] Level 1:colcon.colcon_core.package_identification:_identify(src/t21_sim) by extensions ['colcon_meta']
[0.279s] Level 1:colcon.colcon_core.package_identification:_identify(src/t21_sim) by extension 'colcon_meta'
[0.279s] Level 1:colcon.colcon_core.package_identification:_identify(src/t21_sim) by extensions ['ros']
[0.279s] Level 1:colcon.colcon_core.package_identification:_identify(src/t21_sim) by extension 'ros'
[0.280s] DEBUG:colcon.colcon_core.package_identification:Package 'src/t21_sim' with type 'ros.ament_cmake' and name 't21_sim'
[0.280s] Level 1:colcon.colcon_core.package_identification:_identify(src/t21_teleop) by extensions ['ignore', 'ignore_ament_install']
[0.280s] Level 1:colcon.colcon_core.package_identification:_identify(src/t21_teleop) by extension 'ignore'
[0.280s] Level 1:colcon.colcon_core.package_identification:_identify(src/t21_teleop) by extension 'ignore_ament_install'
[0.280s] Level 1:colcon.colcon_core.package_identification:_identify(src/t21_teleop) by extensions ['colcon_pkg']
[0.280s] Level 1:colcon.colcon_core.package_identification:_identify(src/t21_teleop) by extension 'colcon_pkg'
[0.280s] Level 1:colcon.colcon_core.package_identification:_identify(src/t21_teleop) by extensions ['colcon_meta']
[0.280s] Level 1:colcon.colcon_core.package_identification:_identify(src/t21_teleop) by extension 'colcon_meta'
[0.280s] Level 1:colcon.colcon_core.package_identification:_identify(src/t21_teleop) by extensions ['ros']
[0.280s] Level 1:colcon.colcon_core.package_identification:_identify(src/t21_teleop) by extension 'ros'
[0.281s] DEBUG:colcon.colcon_core.package_identification:Package 'src/t21_teleop' with type 'ros.ament_python' and name 't21_teleop'
[0.281s] Level 1:colcon.colcon_core.package_identification:_identify(src/tracked_description) by extensions ['ignore', 'ignore_ament_install']
[0.281s] Level 1:colcon.colcon_core.package_identification:_identify(src/tracked_description) by extension 'ignore'
[0.281s] Level 1:colcon.colcon_core.package_identification:_identify(src/tracked_description) by extension 'ignore_ament_install'
[0.281s] Level 1:colcon.colcon_core.package_identification:_identify(src/tracked_description) by extensions ['colcon_pkg']
[0.281s] Level 1:colcon.colcon_core.package_identification:_identify(src/tracked_description) by extension 'colcon_pkg'
[0.281s] Level 1:colcon.colcon_core.package_identification:_identify(src/tracked_description) by extensions ['colcon_meta']
[0.281s] Level 1:colcon.colcon_core.package_identification:_identify(src/tracked_description) by extension 'colcon_meta'
[0.281s] Level 1:colcon.colcon_core.package_identification:_identify(src/tracked_description) by extensions ['ros']
[0.281s] Level 1:colcon.colcon_core.package_identification:_identify(src/tracked_description) by extension 'ros'
[0.281s] DEBUG:colcon.colcon_core.package_identification:Package 'src/tracked_description' with type 'ros.ament_cmake' and name 'tracked_description'
[0.282s] Level 1:colcon.colcon_core.package_identification:_identify(src/velodyne_simulator) by extensions ['ignore', 'ignore_ament_install']
[0.282s] Level 1:colcon.colcon_core.package_identification:_identify(src/velodyne_simulator) by extension 'ignore'
[0.282s] Level 1:colcon.colcon_core.package_identification:_identify(src/velodyne_simulator) by extension 'ignore_ament_install'
[0.282s] Level 1:colcon.colcon_core.package_identification:_identify(src/velodyne_simulator) by extensions ['colcon_pkg']
[0.282s] Level 1:colcon.colcon_core.package_identification:_identify(src/velodyne_simulator) by extension 'colcon_pkg'
[0.282s] Level 1:colcon.colcon_core.package_identification:_identify(src/velodyne_simulator) by extensions ['colcon_meta']
[0.282s] Level 1:colcon.colcon_core.package_identification:_identify(src/velodyne_simulator) by extension 'colcon_meta'
[0.282s] Level 1:colcon.colcon_core.package_identification:_identify(src/velodyne_simulator) by extensions ['ros']
[0.282s] Level 1:colcon.colcon_core.package_identification:_identify(src/velodyne_simulator) by extension 'ros'
[0.282s] Level 1:colcon.colcon_core.package_identification:_identify(src/velodyne_simulator) by extensions ['cmake', 'python']
[0.282s] Level 1:colcon.colcon_core.package_identification:_identify(src/velodyne_simulator) by extension 'cmake'
[0.282s] Level 1:colcon.colcon_core.package_identification:_identify(src/velodyne_simulator) by extension 'python'
[0.282s] Level 1:colcon.colcon_core.package_identification:_identify(src/velodyne_simulator) by extensions ['python_setup_py']
[0.282s] Level 1:colcon.colcon_core.package_identification:_identify(src/velodyne_simulator) by extension 'python_setup_py'
[0.282s] Level 1:colcon.colcon_core.package_identification:_identify(src/velodyne_simulator/img) by extensions ['ignore', 'ignore_ament_install']
[0.282s] Level 1:colcon.colcon_core.package_identification:_identify(src/velodyne_simulator/img) by extension 'ignore'
[0.282s] Level 1:colcon.colcon_core.package_identification:_identify(src/velodyne_simulator/img) by extension 'ignore_ament_install'
[0.282s] Level 1:colcon.colcon_core.package_identification:_identify(src/velodyne_simulator/img) by extensions ['colcon_pkg']
[0.282s] Level 1:colcon.colcon_core.package_identification:_identify(src/velodyne_simulator/img) by extension 'colcon_pkg'
[0.282s] Level 1:colcon.colcon_core.package_identification:_identify(src/velodyne_simulator/img) by extensions ['colcon_meta']
[0.282s] Level 1:colcon.colcon_core.package_identification:_identify(src/velodyne_simulator/img) by extension 'colcon_meta'
[0.282s] Level 1:colcon.colcon_core.package_identification:_identify(src/velodyne_simulator/img) by extensions ['ros']
[0.282s] Level 1:colcon.colcon_core.package_identification:_identify(src/velodyne_simulator/img) by extension 'ros'
[0.282s] Level 1:colcon.colcon_core.package_identification:_identify(src/velodyne_simulator/img) by extensions ['cmake', 'python']
[0.283s] Level 1:colcon.colcon_core.package_identification:_identify(src/velodyne_simulator/img) by extension 'cmake'
[0.283s] Level 1:colcon.colcon_core.package_identification:_identify(src/velodyne_simulator/img) by extension 'python'
[0.283s] Level 1:colcon.colcon_core.package_identification:_identify(src/velodyne_simulator/img) by extensions ['python_setup_py']
[0.283s] Level 1:colcon.colcon_core.package_identification:_identify(src/velodyne_simulator/img) by extension 'python_setup_py'
[0.283s] Level 1:colcon.colcon_core.package_identification:_identify(src/velodyne_simulator/velodyne_description) by extensions ['ignore', 'ignore_ament_install']
[0.283s] Level 1:colcon.colcon_core.package_identification:_identify(src/velodyne_simulator/velodyne_description) by extension 'ignore'
[0.283s] Level 1:colcon.colcon_core.package_identification:_identify(src/velodyne_simulator/velodyne_description) by extension 'ignore_ament_install'
[0.283s] Level 1:colcon.colcon_core.package_identification:_identify(src/velodyne_simulator/velodyne_description) by extensions ['colcon_pkg']
[0.283s] Level 1:colcon.colcon_core.package_identification:_identify(src/velodyne_simulator/velodyne_description) by extension 'colcon_pkg'
[0.283s] Level 1:colcon.colcon_core.package_identification:_identify(src/velodyne_simulator/velodyne_description) by extensions ['colcon_meta']
[0.283s] Level 1:colcon.colcon_core.package_identification:_identify(src/velodyne_simulator/velodyne_description) by extension 'colcon_meta'
[0.283s] Level 1:colcon.colcon_core.package_identification:_identify(src/velodyne_simulator/velodyne_description) by extensions ['ros']
[0.283s] Level 1:colcon.colcon_core.package_identification:_identify(src/velodyne_simulator/velodyne_description) by extension 'ros'
[0.283s] DEBUG:colcon.colcon_core.package_identification:Package 'src/velodyne_simulator/velodyne_description' with type 'ros.ament_cmake' and name 'velodyne_description'
[0.283s] Level 1:colcon.colcon_core.package_identification:_identify(src/velodyne_simulator/velodyne_gazebo_plugins) by extensions ['ignore', 'ignore_ament_install']
[0.283s] Level 1:colcon.colcon_core.package_identification:_identify(src/velodyne_simulator/velodyne_gazebo_plugins) by extension 'ignore'
[0.283s] Level 1:colcon.colcon_core.package_identification:_identify(src/velodyne_simulator/velodyne_gazebo_plugins) by extension 'ignore_ament_install'
[0.283s] Level 1:colcon.colcon_core.package_identification:_identify(src/velodyne_simulator/velodyne_gazebo_plugins) by extensions ['colcon_pkg']
[0.284s] Level 1:colcon.colcon_core.package_identification:_identify(src/velodyne_simulator/velodyne_gazebo_plugins) by extension 'colcon_pkg'
[0.284s] Level 1:colcon.colcon_core.package_identification:_identify(src/velodyne_simulator/velodyne_gazebo_plugins) by extensions ['colcon_meta']
[0.284s] Level 1:colcon.colcon_core.package_identification:_identify(src/velodyne_simulator/velodyne_gazebo_plugins) by extension 'colcon_meta'
[0.284s] Level 1:colcon.colcon_core.package_identification:_identify(src/velodyne_simulator/velodyne_gazebo_plugins) by extensions ['ros']
[0.284s] Level 1:colcon.colcon_core.package_identification:_identify(src/velodyne_simulator/velodyne_gazebo_plugins) by extension 'ros'
[0.284s] DEBUG:colcon.colcon_core.package_identification:Package 'src/velodyne_simulator/velodyne_gazebo_plugins' with type 'ros.ament_cmake' and name 'velodyne_gazebo_plugins'
[0.284s] Level 1:colcon.colcon_core.package_identification:_identify(src/velodyne_simulator/velodyne_simulator) by extensions ['ignore', 'ignore_ament_install']
[0.284s] Level 1:colcon.colcon_core.package_identification:_identify(src/velodyne_simulator/velodyne_simulator) by extension 'ignore'
[0.284s] Level 1:colcon.colcon_core.package_identification:_identify(src/velodyne_simulator/velodyne_simulator) by extension 'ignore_ament_install'
[0.284s] Level 1:colcon.colcon_core.package_identification:_identify(src/velodyne_simulator/velodyne_simulator) by extensions ['colcon_pkg']
[0.285s] Level 1:colcon.colcon_core.package_identification:_identify(src/velodyne_simulator/velodyne_simulator) by extension 'colcon_pkg'
[0.285s] Level 1:colcon.colcon_core.package_identification:_identify(src/velodyne_simulator/velodyne_simulator) by extensions ['colcon_meta']
[0.285s] Level 1:colcon.colcon_core.package_identification:_identify(src/velodyne_simulator/velodyne_simulator) by extension 'colcon_meta'
[0.285s] Level 1:colcon.colcon_core.package_identification:_identify(src/velodyne_simulator/velodyne_simulator) by extensions ['ros']
[0.285s] Level 1:colcon.colcon_core.package_identification:_identify(src/velodyne_simulator/velodyne_simulator) by extension 'ros'
[0.285s] DEBUG:colcon.colcon_core.package_identification:Package 'src/velodyne_simulator/velodyne_simulator' with type 'ros.ament_cmake' and name 'velodyne_simulator'
[0.285s] Level 1:colcon.colcon_core.package_discovery:discover_packages(recursive) using defaults
[0.285s] Level 1:colcon.colcon_core.package_discovery:discover_packages(ignore) discover
[0.285s] Level 1:colcon.colcon_core.package_discovery:discover_packages(ignore) using defaults
[0.285s] Level 1:colcon.colcon_core.package_discovery:discover_packages(path) discover
[0.285s] Level 1:colcon.colcon_core.package_discovery:discover_packages(path) using defaults
[0.301s] Level 1:colcon.colcon_core.package_discovery:discover_packages(prefix_path) check parameters
[0.301s] Level 1:colcon.colcon_core.package_discovery:discover_packages(prefix_path) discover
[0.302s] DEBUG:colcon.colcon_installed_package_information.package_discovery:Found 13 installed packages in /home/kirill/VNIIA/Projects/black_plat/install
[0.304s] DEBUG:colcon.colcon_installed_package_information.package_discovery:Found 477 installed packages in /opt/ros/humble
[0.305s] Level 1:colcon.colcon_core.package_discovery:discover_packages(prefix_path) using defaults
[0.341s] Level 5:colcon.colcon_core.verb:set package 'bluespace_ai_xsens_mti_driver' build argument 'cmake_args' from command line to 'None'
[0.341s] Level 5:colcon.colcon_core.verb:set package 'bluespace_ai_xsens_mti_driver' build argument 'cmake_target' from command line to 'None'
[0.341s] Level 5:colcon.colcon_core.verb:set package 'bluespace_ai_xsens_mti_driver' build argument 'cmake_target_skip_unavailable' from command line to 'False'
[0.341s] Level 5:colcon.colcon_core.verb:set package 'bluespace_ai_xsens_mti_driver' build argument 'cmake_clean_cache' from command line to 'False'
[0.341s] Level 5:colcon.colcon_core.verb:set package 'bluespace_ai_xsens_mti_driver' build argument 'cmake_clean_first' from command line to 'False'
[0.341s] Level 5:colcon.colcon_core.verb:set package 'bluespace_ai_xsens_mti_driver' build argument 'cmake_force_configure' from command line to 'False'
[0.341s] Level 5:colcon.colcon_core.verb:set package 'bluespace_ai_xsens_mti_driver' build argument 'ament_cmake_args' from command line to 'None'
[0.341s] Level 5:colcon.colcon_core.verb:set package 'bluespace_ai_xsens_mti_driver' build argument 'catkin_cmake_args' from command line to 'None'
[0.342s] Level 5:colcon.colcon_core.verb:set package 'bluespace_ai_xsens_mti_driver' build argument 'catkin_skip_building_tests' from command line to 'False'
[0.342s] DEBUG:colcon.colcon_core.verb:Building package 'bluespace_ai_xsens_mti_driver' with the following arguments: {'ament_cmake_args': None, 'build_base': '/home/kirill/VNIIA/Projects/black_plat/build/bluespace_ai_xsens_mti_driver', 'catkin_cmake_args': None, 'catkin_skip_building_tests': False, 'cmake_args': None, 'cmake_clean_cache': False, 'cmake_clean_first': False, 'cmake_force_configure': False, 'cmake_target': None, 'cmake_target_skip_unavailable': False, 'install_base': '/home/kirill/VNIIA/Projects/black_plat/install/bluespace_ai_xsens_mti_driver', 'merge_install': False, 'path': '/home/kirill/VNIIA/Projects/black_plat/src/bluespace_ai_xsens_ros_mti_driver', 'symlink_install': False, 'test_result_base': None}
[0.342s] Level 5:colcon.colcon_core.verb:set package 'lio_sam' build argument 'cmake_args' from command line to 'None'
[0.342s] Level 5:colcon.colcon_core.verb:set package 'lio_sam' build argument 'cmake_target' from command line to 'None'
[0.342s] Level 5:colcon.colcon_core.verb:set package 'lio_sam' build argument 'cmake_target_skip_unavailable' from command line to 'False'
[0.342s] Level 5:colcon.colcon_core.verb:set package 'lio_sam' build argument 'cmake_clean_cache' from command line to 'False'
[0.342s] Level 5:colcon.colcon_core.verb:set package 'lio_sam' build argument 'cmake_clean_first' from command line to 'False'
[0.342s] Level 5:colcon.colcon_core.verb:set package 'lio_sam' build argument 'cmake_force_configure' from command line to 'False'
[0.342s] Level 5:colcon.colcon_core.verb:set package 'lio_sam' build argument 'ament_cmake_args' from command line to 'None'
[0.342s] Level 5:colcon.colcon_core.verb:set package 'lio_sam' build argument 'catkin_cmake_args' from command line to 'None'
[0.342s] Level 5:colcon.colcon_core.verb:set package 'lio_sam' build argument 'catkin_skip_building_tests' from command line to 'False'
[0.342s] DEBUG:colcon.colcon_core.verb:Building package 'lio_sam' with the following arguments: {'ament_cmake_args': None, 'build_base': '/home/kirill/VNIIA/Projects/black_plat/build/lio_sam', 'catkin_cmake_args': None, 'catkin_skip_building_tests': False, 'cmake_args': None, 'cmake_clean_cache': False, 'cmake_clean_first': False, 'cmake_force_configure': False, 'cmake_target': None, 'cmake_target_skip_unavailable': False, 'install_base': '/home/kirill/VNIIA/Projects/black_plat/install/lio_sam', 'merge_install': False, 'path': '/home/kirill/VNIIA/Projects/black_plat/src/LIO-SAM', 'symlink_install': False, 'test_result_base': None}
[0.342s] Level 5:colcon.colcon_core.verb:set package 'odometry_fus' build argument 'cmake_args' from command line to 'None'
[0.342s] Level 5:colcon.colcon_core.verb:set package 'odometry_fus' build argument 'cmake_target' from command line to 'None'
[0.342s] Level 5:colcon.colcon_core.verb:set package 'odometry_fus' build argument 'cmake_target_skip_unavailable' from command line to 'False'
[0.342s] Level 5:colcon.colcon_core.verb:set package 'odometry_fus' build argument 'cmake_clean_cache' from command line to 'False'
[0.342s] Level 5:colcon.colcon_core.verb:set package 'odometry_fus' build argument 'cmake_clean_first' from command line to 'False'
[0.342s] Level 5:colcon.colcon_core.verb:set package 'odometry_fus' build argument 'cmake_force_configure' from command line to 'False'
[0.342s] Level 5:colcon.colcon_core.verb:set package 'odometry_fus' build argument 'ament_cmake_args' from command line to 'None'
[0.342s] Level 5:colcon.colcon_core.verb:set package 'odometry_fus' build argument 'catkin_cmake_args' from command line to 'None'
[0.342s] Level 5:colcon.colcon_core.verb:set package 'odometry_fus' build argument 'catkin_skip_building_tests' from command line to 'False'
[0.342s] DEBUG:colcon.colcon_core.verb:Building package 'odometry_fus' with the following arguments: {'ament_cmake_args': None, 'build_base': '/home/kirill/VNIIA/Projects/black_plat/build/odometry_fus', 'catkin_cmake_args': None, 'catkin_skip_building_tests': False, 'cmake_args': None, 'cmake_clean_cache': False, 'cmake_clean_first': False, 'cmake_force_configure': False, 'cmake_target': None, 'cmake_target_skip_unavailable': False, 'install_base': '/home/kirill/VNIIA/Projects/black_plat/install/odometry_fus', 'merge_install': False, 'path': '/home/kirill/VNIIA/Projects/black_plat/src/odometry_fus', 'symlink_install': False, 'test_result_base': None}
[0.342s] Level 5:colcon.colcon_core.verb:set package 't21_lidar' build argument 'cmake_args' from command line to 'None'
[0.342s] Level 5:colcon.colcon_core.verb:set package 't21_lidar' build argument 'cmake_target' from command line to 'None'
[0.342s] Level 5:colcon.colcon_core.verb:set package 't21_lidar' build argument 'cmake_target_skip_unavailable' from command line to 'False'
[0.343s] Level 5:colcon.colcon_core.verb:set package 't21_lidar' build argument 'cmake_clean_cache' from command line to 'False'
[0.343s] Level 5:colcon.colcon_core.verb:set package 't21_lidar' build argument 'cmake_clean_first' from command line to 'False'
[0.343s] Level 5:colcon.colcon_core.verb:set package 't21_lidar' build argument 'cmake_force_configure' from command line to 'False'
[0.343s] Level 5:colcon.colcon_core.verb:set package 't21_lidar' build argument 'ament_cmake_args' from command line to 'None'
[0.343s] Level 5:colcon.colcon_core.verb:set package 't21_lidar' build argument 'catkin_cmake_args' from command line to 'None'
[0.343s] Level 5:colcon.colcon_core.verb:set package 't21_lidar' build argument 'catkin_skip_building_tests' from command line to 'False'
[0.343s] DEBUG:colcon.colcon_core.verb:Building package 't21_lidar' with the following arguments: {'ament_cmake_args': None, 'build_base': '/home/kirill/VNIIA/Projects/black_plat/build/t21_lidar', 'catkin_cmake_args': None, 'catkin_skip_building_tests': False, 'cmake_args': None, 'cmake_clean_cache': False, 'cmake_clean_first': False, 'cmake_force_configure': False, 'cmake_target': None, 'cmake_target_skip_unavailable': False, 'install_base': '/home/kirill/VNIIA/Projects/black_plat/install/t21_lidar', 'merge_install': False, 'path': '/home/kirill/VNIIA/Projects/black_plat/src/t21_lidar', 'symlink_install': False, 'test_result_base': None}
[0.343s] Level 5:colcon.colcon_core.verb:set package 't21_navigation' build argument 'cmake_args' from command line to 'None'
[0.343s] Level 5:colcon.colcon_core.verb:set package 't21_navigation' build argument 'cmake_target' from command line to 'None'
[0.343s] Level 5:colcon.colcon_core.verb:set package 't21_navigation' build argument 'cmake_target_skip_unavailable' from command line to 'False'
[0.343s] Level 5:colcon.colcon_core.verb:set package 't21_navigation' build argument 'cmake_clean_cache' from command line to 'False'
[0.343s] Level 5:colcon.colcon_core.verb:set package 't21_navigation' build argument 'cmake_clean_first' from command line to 'False'
[0.343s] Level 5:colcon.colcon_core.verb:set package 't21_navigation' build argument 'cmake_force_configure' from command line to 'False'
[0.343s] Level 5:colcon.colcon_core.verb:set package 't21_navigation' build argument 'ament_cmake_args' from command line to 'None'
[0.343s] Level 5:colcon.colcon_core.verb:set package 't21_navigation' build argument 'catkin_cmake_args' from command line to 'None'
[0.343s] Level 5:colcon.colcon_core.verb:set package 't21_navigation' build argument 'catkin_skip_building_tests' from command line to 'False'
[0.343s] DEBUG:colcon.colcon_core.verb:Building package 't21_navigation' with the following arguments: {'ament_cmake_args': None, 'build_base': '/home/kirill/VNIIA/Projects/black_plat/build/t21_navigation', 'catkin_cmake_args': None, 'catkin_skip_building_tests': False, 'cmake_args': None, 'cmake_clean_cache': False, 'cmake_clean_first': False, 'cmake_force_configure': False, 'cmake_target': None, 'cmake_target_skip_unavailable': False, 'install_base': '/home/kirill/VNIIA/Projects/black_plat/install/t21_navigation', 'merge_install': False, 'path': '/home/kirill/VNIIA/Projects/black_plat/src/t21_navigation', 'symlink_install': False, 'test_result_base': None}
[0.343s] Level 5:colcon.colcon_core.verb:set package 't21_rtabmap' build argument 'cmake_args' from command line to 'None'
[0.343s] Level 5:colcon.colcon_core.verb:set package 't21_rtabmap' build argument 'cmake_target' from command line to 'None'
[0.343s] Level 5:colcon.colcon_core.verb:set package 't21_rtabmap' build argument 'cmake_target_skip_unavailable' from command line to 'False'
[0.343s] Level 5:colcon.colcon_core.verb:set package 't21_rtabmap' build argument 'cmake_clean_cache' from command line to 'False'
[0.343s] Level 5:colcon.colcon_core.verb:set package 't21_rtabmap' build argument 'cmake_clean_first' from command line to 'False'
[0.343s] Level 5:colcon.colcon_core.verb:set package 't21_rtabmap' build argument 'cmake_force_configure' from command line to 'False'
[0.343s] Level 5:colcon.colcon_core.verb:set package 't21_rtabmap' build argument 'ament_cmake_args' from command line to 'None'
[0.343s] Level 5:colcon.colcon_core.verb:set package 't21_rtabmap' build argument 'catkin_cmake_args' from command line to 'None'
[0.343s] Level 5:colcon.colcon_core.verb:set package 't21_rtabmap' build argument 'catkin_skip_building_tests' from command line to 'False'
[0.343s] DEBUG:colcon.colcon_core.verb:Building package 't21_rtabmap' with the following arguments: {'ament_cmake_args': None, 'build_base': '/home/kirill/VNIIA/Projects/black_plat/build/t21_rtabmap', 'catkin_cmake_args': None, 'catkin_skip_building_tests': False, 'cmake_args': None, 'cmake_clean_cache': False, 'cmake_clean_first': False, 'cmake_force_configure': False, 'cmake_target': None, 'cmake_target_skip_unavailable': False, 'install_base': '/home/kirill/VNIIA/Projects/black_plat/install/t21_rtabmap', 'merge_install': False, 'path': '/home/kirill/VNIIA/Projects/black_plat/src/t21_rtabmap', 'symlink_install': False, 'test_result_base': None}
[0.343s] Level 5:colcon.colcon_core.verb:set package 't21_teleop' build argument 'cmake_args' from command line to 'None'
[0.343s] Level 5:colcon.colcon_core.verb:set package 't21_teleop' build argument 'cmake_target' from command line to 'None'
[0.344s] Level 5:colcon.colcon_core.verb:set package 't21_teleop' build argument 'cmake_target_skip_unavailable' from command line to 'False'
[0.344s] Level 5:colcon.colcon_core.verb:set package 't21_teleop' build argument 'cmake_clean_cache' from command line to 'False'
[0.344s] Level 5:colcon.colcon_core.verb:set package 't21_teleop' build argument 'cmake_clean_first' from command line to 'False'
[0.344s] Level 5:colcon.colcon_core.verb:set package 't21_teleop' build argument 'cmake_force_configure' from command line to 'False'
[0.344s] Level 5:colcon.colcon_core.verb:set package 't21_teleop' build argument 'ament_cmake_args' from command line to 'None'
[0.344s] Level 5:colcon.colcon_core.verb:set package 't21_teleop' build argument 'catkin_cmake_args' from command line to 'None'
[0.344s] Level 5:colcon.colcon_core.verb:set package 't21_teleop' build argument 'catkin_skip_building_tests' from command line to 'False'
[0.344s] DEBUG:colcon.colcon_core.verb:Building package 't21_teleop' with the following arguments: {'ament_cmake_args': None, 'build_base': '/home/kirill/VNIIA/Projects/black_plat/build/t21_teleop', 'catkin_cmake_args': None, 'catkin_skip_building_tests': False, 'cmake_args': None, 'cmake_clean_cache': False, 'cmake_clean_first': False, 'cmake_force_configure': False, 'cmake_target': None, 'cmake_target_skip_unavailable': False, 'install_base': '/home/kirill/VNIIA/Projects/black_plat/install/t21_teleop', 'merge_install': False, 'path': '/home/kirill/VNIIA/Projects/black_plat/src/t21_teleop', 'symlink_install': False, 'test_result_base': None}
[0.344s] Level 5:colcon.colcon_core.verb:set package 't21_tracked' build argument 'cmake_args' from command line to 'None'
[0.344s] Level 5:colcon.colcon_core.verb:set package 't21_tracked' build argument 'cmake_target' from command line to 'None'
[0.344s] Level 5:colcon.colcon_core.verb:set package 't21_tracked' build argument 'cmake_target_skip_unavailable' from command line to 'False'
[0.344s] Level 5:colcon.colcon_core.verb:set package 't21_tracked' build argument 'cmake_clean_cache' from command line to 'False'
[0.344s] Level 5:colcon.colcon_core.verb:set package 't21_tracked' build argument 'cmake_clean_first' from command line to 'False'
[0.344s] Level 5:colcon.colcon_core.verb:set package 't21_tracked' build argument 'cmake_force_configure' from command line to 'False'
[0.344s] Level 5:colcon.colcon_core.verb:set package 't21_tracked' build argument 'ament_cmake_args' from command line to 'None'
[0.344s] Level 5:colcon.colcon_core.verb:set package 't21_tracked' build argument 'catkin_cmake_args' from command line to 'None'
[0.344s] Level 5:colcon.colcon_core.verb:set package 't21_tracked' build argument 'catkin_skip_building_tests' from command line to 'False'
[0.344s] DEBUG:colcon.colcon_core.verb:Building package 't21_tracked' with the following arguments: {'ament_cmake_args': None, 'build_base': '/home/kirill/VNIIA/Projects/black_plat/build/t21_tracked', 'catkin_cmake_args': None, 'catkin_skip_building_tests': False, 'cmake_args': None, 'cmake_clean_cache': False, 'cmake_clean_first': False, 'cmake_force_configure': False, 'cmake_target': None, 'cmake_target_skip_unavailable': False, 'install_base': '/home/kirill/VNIIA/Projects/black_plat/install/t21_tracked', 'merge_install': False, 'path': '/home/kirill/VNIIA/Projects/black_plat/src/ros2_control/ros2_control_t21_hardware', 'symlink_install': False, 'test_result_base': None}
[0.344s] Level 5:colcon.colcon_core.verb:set package 'velodyne_description' build argument 'cmake_args' from command line to 'None'
[0.344s] Level 5:colcon.colcon_core.verb:set package 'velodyne_description' build argument 'cmake_target' from command line to 'None'
[0.344s] Level 5:colcon.colcon_core.verb:set package 'velodyne_description' build argument 'cmake_target_skip_unavailable' from command line to 'False'
[0.344s] Level 5:colcon.colcon_core.verb:set package 'velodyne_description' build argument 'cmake_clean_cache' from command line to 'False'
[0.344s] Level 5:colcon.colcon_core.verb:set package 'velodyne_description' build argument 'cmake_clean_first' from command line to 'False'
[0.344s] Level 5:colcon.colcon_core.verb:set package 'velodyne_description' build argument 'cmake_force_configure' from command line to 'False'
[0.344s] Level 5:colcon.colcon_core.verb:set package 'velodyne_description' build argument 'ament_cmake_args' from command line to 'None'
[0.344s] Level 5:colcon.colcon_core.verb:set package 'velodyne_description' build argument 'catkin_cmake_args' from command line to 'None'
[0.344s] Level 5:colcon.colcon_core.verb:set package 'velodyne_description' build argument 'catkin_skip_building_tests' from command line to 'False'
[0.344s] DEBUG:colcon.colcon_core.verb:Building package 'velodyne_description' with the following arguments: {'ament_cmake_args': None, 'build_base': '/home/kirill/VNIIA/Projects/black_plat/build/velodyne_description', 'catkin_cmake_args': None, 'catkin_skip_building_tests': False, 'cmake_args': None, 'cmake_clean_cache': False, 'cmake_clean_first': False, 'cmake_force_configure': False, 'cmake_target': None, 'cmake_target_skip_unavailable': False, 'install_base': '/home/kirill/VNIIA/Projects/black_plat/install/velodyne_description', 'merge_install': False, 'path': '/home/kirill/VNIIA/Projects/black_plat/src/velodyne_simulator/velodyne_description', 'symlink_install': False, 'test_result_base': None}
[0.344s] Level 5:colcon.colcon_core.verb:set package 'velodyne_gazebo_plugins' build argument 'cmake_args' from command line to 'None'
[0.344s] Level 5:colcon.colcon_core.verb:set package 'velodyne_gazebo_plugins' build argument 'cmake_target' from command line to 'None'
[0.345s] Level 5:colcon.colcon_core.verb:set package 'velodyne_gazebo_plugins' build argument 'cmake_target_skip_unavailable' from command line to 'False'
[0.345s] Level 5:colcon.colcon_core.verb:set package 'velodyne_gazebo_plugins' build argument 'cmake_clean_cache' from command line to 'False'
[0.345s] Level 5:colcon.colcon_core.verb:set package 'velodyne_gazebo_plugins' build argument 'cmake_clean_first' from command line to 'False'
[0.345s] Level 5:colcon.colcon_core.verb:set package 'velodyne_gazebo_plugins' build argument 'cmake_force_configure' from command line to 'False'
[0.345s] Level 5:colcon.colcon_core.verb:set package 'velodyne_gazebo_plugins' build argument 'ament_cmake_args' from command line to 'None'
[0.345s] Level 5:colcon.colcon_core.verb:set package 'velodyne_gazebo_plugins' build argument 'catkin_cmake_args' from command line to 'None'
[0.345s] Level 5:colcon.colcon_core.verb:set package 'velodyne_gazebo_plugins' build argument 'catkin_skip_building_tests' from command line to 'False'
[0.345s] DEBUG:colcon.colcon_core.verb:Building package 'velodyne_gazebo_plugins' with the following arguments: {'ament_cmake_args': None, 'build_base': '/home/kirill/VNIIA/Projects/black_plat/build/velodyne_gazebo_plugins', 'catkin_cmake_args': None, 'catkin_skip_building_tests': False, 'cmake_args': None, 'cmake_clean_cache': False, 'cmake_clean_first': False, 'cmake_force_configure': False, 'cmake_target': None, 'cmake_target_skip_unavailable': False, 'install_base': '/home/kirill/VNIIA/Projects/black_plat/install/velodyne_gazebo_plugins', 'merge_install': False, 'path': '/home/kirill/VNIIA/Projects/black_plat/src/velodyne_simulator/velodyne_gazebo_plugins', 'symlink_install': False, 'test_result_base': None}
[0.345s] Level 5:colcon.colcon_core.verb:set package 'tracked_description' build argument 'cmake_args' from command line to 'None'
[0.345s] Level 5:colcon.colcon_core.verb:set package 'tracked_description' build argument 'cmake_target' from command line to 'None'
[0.345s] Level 5:colcon.colcon_core.verb:set package 'tracked_description' build argument 'cmake_target_skip_unavailable' from command line to 'False'
[0.345s] Level 5:colcon.colcon_core.verb:set package 'tracked_description' build argument 'cmake_clean_cache' from command line to 'False'
[0.345s] Level 5:colcon.colcon_core.verb:set package 'tracked_description' build argument 'cmake_clean_first' from command line to 'False'
[0.345s] Level 5:colcon.colcon_core.verb:set package 'tracked_description' build argument 'cmake_force_configure' from command line to 'False'
[0.345s] Level 5:colcon.colcon_core.verb:set package 'tracked_description' build argument 'ament_cmake_args' from command line to 'None'
[0.345s] Level 5:colcon.colcon_core.verb:set package 'tracked_description' build argument 'catkin_cmake_args' from command line to 'None'
[0.345s] Level 5:colcon.colcon_core.verb:set package 'tracked_description' build argument 'catkin_skip_building_tests' from command line to 'False'
[0.345s] DEBUG:colcon.colcon_core.verb:Building package 'tracked_description' with the following arguments: {'ament_cmake_args': None, 'build_base': '/home/kirill/VNIIA/Projects/black_plat/build/tracked_description', 'catkin_cmake_args': None, 'catkin_skip_building_tests': False, 'cmake_args': None, 'cmake_clean_cache': False, 'cmake_clean_first': False, 'cmake_force_configure': False, 'cmake_target': None, 'cmake_target_skip_unavailable': False, 'install_base': '/home/kirill/VNIIA/Projects/black_plat/install/tracked_description', 'merge_install': False, 'path': '/home/kirill/VNIIA/Projects/black_plat/src/tracked_description', 'symlink_install': False, 'test_result_base': None}
[0.345s] Level 5:colcon.colcon_core.verb:set package 'velodyne_simulator' build argument 'cmake_args' from command line to 'None'
[0.345s] Level 5:colcon.colcon_core.verb:set package 'velodyne_simulator' build argument 'cmake_target' from command line to 'None'
[0.345s] Level 5:colcon.colcon_core.verb:set package 'velodyne_simulator' build argument 'cmake_target_skip_unavailable' from command line to 'False'
[0.345s] Level 5:colcon.colcon_core.verb:set package 'velodyne_simulator' build argument 'cmake_clean_cache' from command line to 'False'
[0.345s] Level 5:colcon.colcon_core.verb:set package 'velodyne_simulator' build argument 'cmake_clean_first' from command line to 'False'
[0.345s] Level 5:colcon.colcon_core.verb:set package 'velodyne_simulator' build argument 'cmake_force_configure' from command line to 'False'
[0.345s] Level 5:colcon.colcon_core.verb:set package 'velodyne_simulator' build argument 'ament_cmake_args' from command line to 'None'
[0.345s] Level 5:colcon.colcon_core.verb:set package 'velodyne_simulator' build argument 'catkin_cmake_args' from command line to 'None'
[0.345s] Level 5:colcon.colcon_core.verb:set package 'velodyne_simulator' build argument 'catkin_skip_building_tests' from command line to 'False'
[0.345s] DEBUG:colcon.colcon_core.verb:Building package 'velodyne_simulator' with the following arguments: {'ament_cmake_args': None, 'build_base': '/home/kirill/VNIIA/Projects/black_plat/build/velodyne_simulator', 'catkin_cmake_args': None, 'catkin_skip_building_tests': False, 'cmake_args': None, 'cmake_clean_cache': False, 'cmake_clean_first': False, 'cmake_force_configure': False, 'cmake_target': None, 'cmake_target_skip_unavailable': False, 'install_base': '/home/kirill/VNIIA/Projects/black_plat/install/velodyne_simulator', 'merge_install': False, 'path': '/home/kirill/VNIIA/Projects/black_plat/src/velodyne_simulator/velodyne_simulator', 'symlink_install': False, 'test_result_base': None}
[0.345s] Level 5:colcon.colcon_core.verb:set package 't21_sim' build argument 'cmake_args' from command line to 'None'
[0.346s] Level 5:colcon.colcon_core.verb:set package 't21_sim' build argument 'cmake_target' from command line to 'None'
[0.346s] Level 5:colcon.colcon_core.verb:set package 't21_sim' build argument 'cmake_target_skip_unavailable' from command line to 'False'
[0.346s] Level 5:colcon.colcon_core.verb:set package 't21_sim' build argument 'cmake_clean_cache' from command line to 'False'
[0.346s] Level 5:colcon.colcon_core.verb:set package 't21_sim' build argument 'cmake_clean_first' from command line to 'False'
[0.346s] Level 5:colcon.colcon_core.verb:set package 't21_sim' build argument 'cmake_force_configure' from command line to 'False'
[0.346s] Level 5:colcon.colcon_core.verb:set package 't21_sim' build argument 'ament_cmake_args' from command line to 'None'
[0.346s] Level 5:colcon.colcon_core.verb:set package 't21_sim' build argument 'catkin_cmake_args' from command line to 'None'
[0.346s] Level 5:colcon.colcon_core.verb:set package 't21_sim' build argument 'catkin_skip_building_tests' from command line to 'False'
[0.346s] DEBUG:colcon.colcon_core.verb:Building package 't21_sim' with the following arguments: {'ament_cmake_args': None, 'build_base': '/home/kirill/VNIIA/Projects/black_plat/build/t21_sim', 'catkin_cmake_args': None, 'catkin_skip_building_tests': False, 'cmake_args': None, 'cmake_clean_cache': False, 'cmake_clean_first': False, 'cmake_force_configure': False, 'cmake_target': None, 'cmake_target_skip_unavailable': False, 'install_base': '/home/kirill/VNIIA/Projects/black_plat/install/t21_sim', 'merge_install': False, 'path': '/home/kirill/VNIIA/Projects/black_plat/src/t21_sim', 'symlink_install': False, 'test_result_base': None}
[0.346s] INFO:colcon.colcon_core.executor:Executing jobs using 'parallel' executor
[0.346s] DEBUG:colcon.colcon_parallel_executor.executor.parallel:run_until_complete
[0.347s] INFO:colcon.colcon_ros.task.ament_cmake.build:Building ROS package in '/home/kirill/VNIIA/Projects/black_plat/src/bluespace_ai_xsens_ros_mti_driver' with build type 'ament_cmake'
[0.347s] INFO:colcon.colcon_cmake.task.cmake.build:Building CMake package in '/home/kirill/VNIIA/Projects/black_plat/src/bluespace_ai_xsens_ros_mti_driver'
[0.349s] INFO:colcon.colcon_core.plugin_system:Skipping extension 'colcon_core.shell.bat': Not used on non-Windows systems
[0.349s] INFO:colcon.colcon_core.shell:Skip shell extension 'powershell' for command environment: Not usable outside of PowerShell
[0.349s] DEBUG:colcon.colcon_core.shell:Skip shell extension 'dsv' for command environment
[0.352s] INFO:colcon.colcon_ros.task.ament_cmake.build:Building ROS package in '/home/kirill/VNIIA/Projects/black_plat/src/odometry_fus' with build type 'ament_cmake'
[0.352s] INFO:colcon.colcon_cmake.task.cmake.build:Building CMake package in '/home/kirill/VNIIA/Projects/black_plat/src/odometry_fus'
[0.352s] INFO:colcon.colcon_core.shell:Skip shell extension 'powershell' for command environment: Not usable outside of PowerShell
[0.352s] DEBUG:colcon.colcon_core.shell:Skip shell extension 'dsv' for command environment
[0.355s] INFO:colcon.colcon_ros.task.ament_cmake.build:Building ROS package in '/home/kirill/VNIIA/Projects/black_plat/src/velodyne_simulator/velodyne_description' with build type 'ament_cmake'
[0.355s] INFO:colcon.colcon_cmake.task.cmake.build:Building CMake package in '/home/kirill/VNIIA/Projects/black_plat/src/velodyne_simulator/velodyne_description'
[0.355s] INFO:colcon.colcon_core.shell:Skip shell extension 'powershell' for command environment: Not usable outside of PowerShell
[0.355s] DEBUG:colcon.colcon_core.shell:Skip shell extension 'dsv' for command environment
[0.357s] INFO:colcon.colcon_ros.task.ament_cmake.build:Building ROS package in '/home/kirill/VNIIA/Projects/black_plat/src/velodyne_simulator/velodyne_gazebo_plugins' with build type 'ament_cmake'
[0.357s] INFO:colcon.colcon_cmake.task.cmake.build:Building CMake package in '/home/kirill/VNIIA/Projects/black_plat/src/velodyne_simulator/velodyne_gazebo_plugins'
[0.358s] INFO:colcon.colcon_core.shell:Skip shell extension 'powershell' for command environment: Not usable outside of PowerShell
[0.358s] DEBUG:colcon.colcon_core.shell:Skip shell extension 'dsv' for command environment
[0.361s] INFO:colcon.colcon_ros.task.ament_cmake.build:Building ROS package in '/home/kirill/VNIIA/Projects/black_plat/src/LIO-SAM' with build type 'ament_cmake'
[0.361s] INFO:colcon.colcon_cmake.task.cmake.build:Building CMake package in '/home/kirill/VNIIA/Projects/black_plat/src/LIO-SAM'
[0.361s] INFO:colcon.colcon_core.shell:Skip shell extension 'powershell' for command environment: Not usable outside of PowerShell
[0.361s] DEBUG:colcon.colcon_core.shell:Skip shell extension 'dsv' for command environment
[0.364s] INFO:colcon.colcon_ros.task.ament_cmake.build:Building ROS package in '/home/kirill/VNIIA/Projects/black_plat/src/t21_lidar' with build type 'ament_cmake'
[0.364s] INFO:colcon.colcon_cmake.task.cmake.build:Building CMake package in '/home/kirill/VNIIA/Projects/black_plat/src/t21_lidar'
[0.364s] INFO:colcon.colcon_core.shell:Skip shell extension 'powershell' for command environment: Not usable outside of PowerShell
[0.364s] DEBUG:colcon.colcon_core.shell:Skip shell extension 'dsv' for command environment
[0.367s] INFO:colcon.colcon_ros.task.ament_cmake.build:Building ROS package in '/home/kirill/VNIIA/Projects/black_plat/src/t21_navigation' with build type 'ament_cmake'
[0.367s] INFO:colcon.colcon_cmake.task.cmake.build:Building CMake package in '/home/kirill/VNIIA/Projects/black_plat/src/t21_navigation'
[0.367s] INFO:colcon.colcon_core.shell:Skip shell extension 'powershell' for command environment: Not usable outside of PowerShell
[0.367s] DEBUG:colcon.colcon_core.shell:Skip shell extension 'dsv' for command environment
[0.370s] INFO:colcon.colcon_ros.task.ament_cmake.build:Building ROS package in '/home/kirill/VNIIA/Projects/black_plat/src/t21_rtabmap' with build type 'ament_cmake'
[0.370s] INFO:colcon.colcon_cmake.task.cmake.build:Building CMake package in '/home/kirill/VNIIA/Projects/black_plat/src/t21_rtabmap'
[0.370s] INFO:colcon.colcon_core.shell:Skip shell extension 'powershell' for command environment: Not usable outside of PowerShell
[0.370s] DEBUG:colcon.colcon_core.shell:Skip shell extension 'dsv' for command environment
[0.377s] DEBUG:colcon.colcon_core.event_handler.log_command:Invoking command in '/home/kirill/VNIIA/Projects/black_plat/build/bluespace_ai_xsens_mti_driver': CMAKE_PREFIX_PATH=${CMAKE_PREFIX_PATH}:/home/kirill/VNIIA/Projects/black_plat/install/t21_teleop:/opt/ros/humble /usr/bin/cmake --build /home/kirill/VNIIA/Projects/black_plat/build/bluespace_ai_xsens_mti_driver -- -j8 -l8
[0.380s] DEBUG:colcon.colcon_core.event_handler.log_command:Invoking command in '/home/kirill/VNIIA/Projects/black_plat/build/odometry_fus': CMAKE_PREFIX_PATH=${CMAKE_PREFIX_PATH}:/home/kirill/VNIIA/Projects/black_plat/install/t21_teleop:/opt/ros/humble /usr/bin/cmake --build /home/kirill/VNIIA/Projects/black_plat/build/odometry_fus -- -j8 -l8
[0.382s] DEBUG:colcon.colcon_core.event_handler.log_command:Invoking command in '/home/kirill/VNIIA/Projects/black_plat/build/velodyne_description': CMAKE_PREFIX_PATH=${CMAKE_PREFIX_PATH}:/home/kirill/VNIIA/Projects/black_plat/install/t21_teleop:/opt/ros/humble /usr/bin/cmake --build /home/kirill/VNIIA/Projects/black_plat/build/velodyne_description -- -j8 -l8
[0.385s] DEBUG:colcon.colcon_core.event_handler.log_command:Invoking command in '/home/kirill/VNIIA/Projects/black_plat/build/velodyne_gazebo_plugins': CMAKE_PREFIX_PATH=${CMAKE_PREFIX_PATH}:/home/kirill/VNIIA/Projects/black_plat/install/t21_teleop:/opt/ros/humble /usr/bin/cmake --build /home/kirill/VNIIA/Projects/black_plat/build/velodyne_gazebo_plugins -- -j8 -l8
[0.388s] DEBUG:colcon.colcon_core.event_handler.log_command:Invoking command in '/home/kirill/VNIIA/Projects/black_plat/build/lio_sam': CMAKE_PREFIX_PATH=${CMAKE_PREFIX_PATH}:/home/kirill/VNIIA/Projects/black_plat/install/t21_teleop:/opt/ros/humble /usr/bin/cmake --build /home/kirill/VNIIA/Projects/black_plat/build/lio_sam -- -j8 -l8
[0.391s] DEBUG:colcon.colcon_core.event_handler.log_command:Invoking command in '/home/kirill/VNIIA/Projects/black_plat/build/t21_lidar': CMAKE_PREFIX_PATH=${CMAKE_PREFIX_PATH}:/home/kirill/VNIIA/Projects/black_plat/install/t21_teleop:/opt/ros/humble /usr/bin/cmake --build /home/kirill/VNIIA/Projects/black_plat/build/t21_lidar -- -j8 -l8
[0.393s] DEBUG:colcon.colcon_core.event_handler.log_command:Invoking command in '/home/kirill/VNIIA/Projects/black_plat/build/t21_navigation': CMAKE_PREFIX_PATH=${CMAKE_PREFIX_PATH}:/home/kirill/VNIIA/Projects/black_plat/install/t21_teleop:/opt/ros/humble /usr/bin/cmake --build /home/kirill/VNIIA/Projects/black_plat/build/t21_navigation -- -j8 -l8
[0.401s] DEBUG:colcon.colcon_core.event_handler.log_command:Invoking command in '/home/kirill/VNIIA/Projects/black_plat/build/t21_rtabmap': CMAKE_PREFIX_PATH=${CMAKE_PREFIX_PATH}:/home/kirill/VNIIA/Projects/black_plat/install/t21_teleop:/opt/ros/humble /usr/bin/cmake --build /home/kirill/VNIIA/Projects/black_plat/build/t21_rtabmap -- -j8 -l8
[0.417s] DEBUG:colcon.colcon_core.event_handler.log_command:Invoked command in '/home/kirill/VNIIA/Projects/black_plat/build/velodyne_description' returned '0': CMAKE_PREFIX_PATH=${CMAKE_PREFIX_PATH}:/home/kirill/VNIIA/Projects/black_plat/install/t21_teleop:/opt/ros/humble /usr/bin/cmake --build /home/kirill/VNIIA/Projects/black_plat/build/velodyne_description -- -j8 -l8
[0.432s] DEBUG:colcon.colcon_core.event_handler.log_command:Invoking command in '/home/kirill/VNIIA/Projects/black_plat/build/velodyne_description': CMAKE_PREFIX_PATH=${CMAKE_PREFIX_PATH}:/home/kirill/VNIIA/Projects/black_plat/install/t21_teleop:/opt/ros/humble /usr/bin/cmake --install /home/kirill/VNIIA/Projects/black_plat/build/velodyne_description
[0.435s] DEBUG:colcon.colcon_core.event_handler.log_command:Invoked command in '/home/kirill/VNIIA/Projects/black_plat/build/t21_lidar' returned '0': CMAKE_PREFIX_PATH=${CMAKE_PREFIX_PATH}:/home/kirill/VNIIA/Projects/black_plat/install/t21_teleop:/opt/ros/humble /usr/bin/cmake --build /home/kirill/VNIIA/Projects/black_plat/build/t21_lidar -- -j8 -l8
[0.442s] DEBUG:colcon.colcon_core.event_handler.log_command:Invoking command in '/home/kirill/VNIIA/Projects/black_plat/build/t21_lidar': CMAKE_PREFIX_PATH=${CMAKE_PREFIX_PATH}:/home/kirill/VNIIA/Projects/black_plat/install/t21_teleop:/opt/ros/humble /usr/bin/cmake --install /home/kirill/VNIIA/Projects/black_plat/build/t21_lidar
[0.452s] Level 1:colcon.colcon_core.environment:create_environment_scripts_only(velodyne_description)
[0.453s] DEBUG:colcon.colcon_core.event_handler.log_command:Invoked command in '/home/kirill/VNIIA/Projects/black_plat/build/t21_rtabmap' returned '0': CMAKE_PREFIX_PATH=${CMAKE_PREFIX_PATH}:/home/kirill/VNIIA/Projects/black_plat/install/t21_teleop:/opt/ros/humble /usr/bin/cmake --build /home/kirill/VNIIA/Projects/black_plat/build/t21_rtabmap -- -j8 -l8
[0.456s] DEBUG:colcon.colcon_core.event_handler.log_command:Invoking command in '/home/kirill/VNIIA/Projects/black_plat/build/t21_rtabmap': CMAKE_PREFIX_PATH=${CMAKE_PREFIX_PATH}:/home/kirill/VNIIA/Projects/black_plat/install/t21_teleop:/opt/ros/humble /usr/bin/cmake --install /home/kirill/VNIIA/Projects/black_plat/build/t21_rtabmap
[0.458s] DEBUG:colcon.colcon_core.event_handler.log_command:Invoked command in '/home/kirill/VNIIA/Projects/black_plat/build/velodyne_description' returned '0': CMAKE_PREFIX_PATH=${CMAKE_PREFIX_PATH}:/home/kirill/VNIIA/Projects/black_plat/install/t21_teleop:/opt/ros/humble /usr/bin/cmake --install /home/kirill/VNIIA/Projects/black_plat/build/velodyne_description
[0.461s] Level 1:colcon.colcon_core.environment:checking '/home/kirill/VNIIA/Projects/black_plat/install/velodyne_description' for CMake module files
[0.461s] Level 1:colcon.colcon_core.environment:checking '/home/kirill/VNIIA/Projects/black_plat/install/velodyne_description' for CMake config files
[0.462s] Level 1:colcon.colcon_core.shell:create_environment_hook('velodyne_description', 'cmake_prefix_path')
[0.462s] INFO:colcon.colcon_core.shell:Creating environment hook '/home/kirill/VNIIA/Projects/black_plat/install/velodyne_description/share/velodyne_description/hook/cmake_prefix_path.ps1'
[0.463s] INFO:colcon.colcon_core.shell:Creating environment descriptor '/home/kirill/VNIIA/Projects/black_plat/install/velodyne_description/share/velodyne_description/hook/cmake_prefix_path.dsv'
[0.463s] INFO:colcon.colcon_core.shell:Creating environment hook '/home/kirill/VNIIA/Projects/black_plat/install/velodyne_description/share/velodyne_description/hook/cmake_prefix_path.sh'
[0.464s] Level 1:colcon.colcon_core.environment:checking '/home/kirill/VNIIA/Projects/black_plat/install/velodyne_description/bin'
[0.464s] Level 1:colcon.colcon_core.environment:checking '/home/kirill/VNIIA/Projects/black_plat/install/velodyne_description/lib/pkgconfig/velodyne_description.pc'
[0.465s] Level 1:colcon.colcon_core.environment:checking '/home/kirill/VNIIA/Projects/black_plat/install/velodyne_description/lib/python3.10/site-packages'
[0.465s] Level 1:colcon.colcon_core.environment:checking '/home/kirill/VNIIA/Projects/black_plat/install/velodyne_description/bin'
[0.465s] INFO:colcon.colcon_core.shell:Creating package script '/home/kirill/VNIIA/Projects/black_plat/install/velodyne_description/share/velodyne_description/package.ps1'
[0.466s] INFO:colcon.colcon_core.shell:Creating package descriptor '/home/kirill/VNIIA/Projects/black_plat/install/velodyne_description/share/velodyne_description/package.dsv'
[0.467s] INFO:colcon.colcon_core.shell:Creating package script '/home/kirill/VNIIA/Projects/black_plat/install/velodyne_description/share/velodyne_description/package.sh'
[0.467s] INFO:colcon.colcon_core.shell:Creating package script '/home/kirill/VNIIA/Projects/black_plat/install/velodyne_description/share/velodyne_description/package.bash'
[0.468s] INFO:colcon.colcon_core.shell:Creating package script '/home/kirill/VNIIA/Projects/black_plat/install/velodyne_description/share/velodyne_description/package.zsh'
[0.469s] Level 1:colcon.colcon_core.environment:create_file_with_runtime_dependencies(/home/kirill/VNIIA/Projects/black_plat/install/velodyne_description/share/colcon-core/packages/velodyne_description)
[0.470s] Level 1:colcon.colcon_core.environment:create_environment_scripts_only(velodyne_description)
[0.470s] Level 1:colcon.colcon_core.environment:checking '/home/kirill/VNIIA/Projects/black_plat/install/velodyne_description' for CMake module files
[0.471s] Level 1:colcon.colcon_core.environment:checking '/home/kirill/VNIIA/Projects/black_plat/install/velodyne_description' for CMake config files
[0.471s] Level 1:colcon.colcon_core.shell:create_environment_hook('velodyne_description', 'cmake_prefix_path')
[0.471s] INFO:colcon.colcon_core.shell:Creating environment hook '/home/kirill/VNIIA/Projects/black_plat/install/velodyne_description/share/velodyne_description/hook/cmake_prefix_path.ps1'
[0.471s] INFO:colcon.colcon_core.shell:Creating environment descriptor '/home/kirill/VNIIA/Projects/black_plat/install/velodyne_description/share/velodyne_description/hook/cmake_prefix_path.dsv'
[0.472s] INFO:colcon.colcon_core.shell:Creating environment hook '/home/kirill/VNIIA/Projects/black_plat/install/velodyne_description/share/velodyne_description/hook/cmake_prefix_path.sh'
[0.472s] Level 1:colcon.colcon_core.environment:checking '/home/kirill/VNIIA/Projects/black_plat/install/velodyne_description/bin'
[0.472s] Level 1:colcon.colcon_core.environment:checking '/home/kirill/VNIIA/Projects/black_plat/install/velodyne_description/lib/pkgconfig/velodyne_description.pc'
[0.473s] Level 1:colcon.colcon_core.environment:checking '/home/kirill/VNIIA/Projects/black_plat/install/velodyne_description/lib/python3.10/site-packages'
[0.473s] Level 1:colcon.colcon_core.environment:checking '/home/kirill/VNIIA/Projects/black_plat/install/velodyne_description/bin'
[0.473s] INFO:colcon.colcon_core.shell:Creating package script '/home/kirill/VNIIA/Projects/black_plat/install/velodyne_description/share/velodyne_description/package.ps1'
[0.474s] INFO:colcon.colcon_core.shell:Creating package descriptor '/home/kirill/VNIIA/Projects/black_plat/install/velodyne_description/share/velodyne_description/package.dsv'
[0.475s] INFO:colcon.colcon_core.shell:Creating package script '/home/kirill/VNIIA/Projects/black_plat/install/velodyne_description/share/velodyne_description/package.sh'
[0.475s] INFO:colcon.colcon_core.shell:Creating package script '/home/kirill/VNIIA/Projects/black_plat/install/velodyne_description/share/velodyne_description/package.bash'
[0.475s] INFO:colcon.colcon_core.shell:Creating package script '/home/kirill/VNIIA/Projects/black_plat/install/velodyne_description/share/velodyne_description/package.zsh'
[0.476s] Level 1:colcon.colcon_core.environment:create_file_with_runtime_dependencies(/home/kirill/VNIIA/Projects/black_plat/install/velodyne_description/share/colcon-core/packages/velodyne_description)
[0.477s] INFO:colcon.colcon_ros.task.ament_python.build:Building ROS package in '/home/kirill/VNIIA/Projects/black_plat/src/t21_teleop' with build type 'ament_python'
[0.478s] Level 1:colcon.colcon_core.shell:create_environment_hook('t21_teleop', 'ament_prefix_path')
[0.478s] INFO:colcon.colcon_core.shell:Creating environment hook '/home/kirill/VNIIA/Projects/black_plat/install/t21_teleop/share/t21_teleop/hook/ament_prefix_path.ps1'
[0.481s] INFO:colcon.colcon_core.shell:Creating environment descriptor '/home/kirill/VNIIA/Projects/black_plat/install/t21_teleop/share/t21_teleop/hook/ament_prefix_path.dsv'
[0.482s] INFO:colcon.colcon_core.shell:Creating environment hook '/home/kirill/VNIIA/Projects/black_plat/install/t21_teleop/share/t21_teleop/hook/ament_prefix_path.sh'
[0.482s] INFO:colcon.colcon_core.shell:Skip shell extension 'powershell' for command environment: Not usable outside of PowerShell
[0.482s] DEBUG:colcon.colcon_core.shell:Skip shell extension 'dsv' for command environment
[0.498s] Level 1:colcon.colcon_core.environment:create_environment_scripts_only(t21_lidar)
[0.499s] Level 1:colcon.colcon_core.environment:checking '/home/kirill/VNIIA/Projects/black_plat/install/t21_lidar' for CMake module files
[0.500s] Level 1:colcon.colcon_core.environment:checking '/home/kirill/VNIIA/Projects/black_plat/install/t21_lidar' for CMake config files
[0.501s] Level 1:colcon.colcon_core.shell:create_environment_hook('t21_lidar', 'cmake_prefix_path')
[0.501s] INFO:colcon.colcon_core.shell:Creating environment hook '/home/kirill/VNIIA/Projects/black_plat/install/t21_lidar/share/t21_lidar/hook/cmake_prefix_path.ps1'
[0.502s] INFO:colcon.colcon_core.shell:Creating environment descriptor '/home/kirill/VNIIA/Projects/black_plat/install/t21_lidar/share/t21_lidar/hook/cmake_prefix_path.dsv'
[0.502s] DEBUG:colcon.colcon_core.event_handler.log_command:Invoked command in '/home/kirill/VNIIA/Projects/black_plat/build/t21_lidar' returned '0': CMAKE_PREFIX_PATH=${CMAKE_PREFIX_PATH}:/home/kirill/VNIIA/Projects/black_plat/install/t21_teleop:/opt/ros/humble /usr/bin/cmake --install /home/kirill/VNIIA/Projects/black_plat/build/t21_lidar
[0.503s] INFO:colcon.colcon_core.shell:Creating environment hook '/home/kirill/VNIIA/Projects/black_plat/install/t21_lidar/share/t21_lidar/hook/cmake_prefix_path.sh'
[0.504s] Level 1:colcon.colcon_core.environment:checking '/home/kirill/VNIIA/Projects/black_plat/install/t21_lidar/bin'
[0.504s] Level 1:colcon.colcon_core.environment:checking '/home/kirill/VNIIA/Projects/black_plat/install/t21_lidar/lib/pkgconfig/t21_lidar.pc'
[0.504s] Level 1:colcon.colcon_core.environment:checking '/home/kirill/VNIIA/Projects/black_plat/install/t21_lidar/lib/python3.10/site-packages'
[0.504s] Level 1:colcon.colcon_core.environment:checking '/home/kirill/VNIIA/Projects/black_plat/install/t21_lidar/bin'
[0.505s] INFO:colcon.colcon_core.shell:Creating package script '/home/kirill/VNIIA/Projects/black_plat/install/t21_lidar/share/t21_lidar/package.ps1'
[0.505s] INFO:colcon.colcon_core.shell:Creating package descriptor '/home/kirill/VNIIA/Projects/black_plat/install/t21_lidar/share/t21_lidar/package.dsv'
[0.506s] INFO:colcon.colcon_core.shell:Creating package script '/home/kirill/VNIIA/Projects/black_plat/install/t21_lidar/share/t21_lidar/package.sh'
[0.506s] INFO:colcon.colcon_core.shell:Creating package script '/home/kirill/VNIIA/Projects/black_plat/install/t21_lidar/share/t21_lidar/package.bash'
[0.506s] INFO:colcon.colcon_core.shell:Creating package script '/home/kirill/VNIIA/Projects/black_plat/install/t21_lidar/share/t21_lidar/package.zsh'
[0.507s] Level 1:colcon.colcon_core.environment:create_file_with_runtime_dependencies(/home/kirill/VNIIA/Projects/black_plat/install/t21_lidar/share/colcon-core/packages/t21_lidar)
[0.507s] Level 1:colcon.colcon_core.environment:create_environment_scripts_only(t21_lidar)
[0.508s] Level 1:colcon.colcon_core.environment:checking '/home/kirill/VNIIA/Projects/black_plat/install/t21_lidar' for CMake module files
[0.508s] Level 1:colcon.colcon_core.environment:checking '/home/kirill/VNIIA/Projects/black_plat/install/t21_lidar' for CMake config files
[0.508s] Level 1:colcon.colcon_core.shell:create_environment_hook('t21_lidar', 'cmake_prefix_path')
[0.509s] INFO:colcon.colcon_core.shell:Creating environment hook '/home/kirill/VNIIA/Projects/black_plat/install/t21_lidar/share/t21_lidar/hook/cmake_prefix_path.ps1'
[0.509s] INFO:colcon.colcon_core.shell:Creating environment descriptor '/home/kirill/VNIIA/Projects/black_plat/install/t21_lidar/share/t21_lidar/hook/cmake_prefix_path.dsv'
[0.510s] INFO:colcon.colcon_core.shell:Creating environment hook '/home/kirill/VNIIA/Projects/black_plat/install/t21_lidar/share/t21_lidar/hook/cmake_prefix_path.sh'
[0.510s] Level 1:colcon.colcon_core.environment:checking '/home/kirill/VNIIA/Projects/black_plat/install/t21_lidar/bin'
[0.510s] Level 1:colcon.colcon_core.environment:checking '/home/kirill/VNIIA/Projects/black_plat/install/t21_lidar/lib/pkgconfig/t21_lidar.pc'
[0.510s] Level 1:colcon.colcon_core.environment:checking '/home/kirill/VNIIA/Projects/black_plat/install/t21_lidar/lib/python3.10/site-packages'
[0.511s] Level 1:colcon.colcon_core.environment:checking '/home/kirill/VNIIA/Projects/black_plat/install/t21_lidar/bin'
[0.511s] INFO:colcon.colcon_core.shell:Creating package script '/home/kirill/VNIIA/Projects/black_plat/install/t21_lidar/share/t21_lidar/package.ps1'
[0.511s] INFO:colcon.colcon_core.shell:Creating package descriptor '/home/kirill/VNIIA/Projects/black_plat/install/t21_lidar/share/t21_lidar/package.dsv'
[0.512s] INFO:colcon.colcon_core.shell:Creating package script '/home/kirill/VNIIA/Projects/black_plat/install/t21_lidar/share/t21_lidar/package.sh'
[0.512s] INFO:colcon.colcon_core.shell:Creating package script '/home/kirill/VNIIA/Projects/black_plat/install/t21_lidar/share/t21_lidar/package.bash'
[0.513s] INFO:colcon.colcon_core.shell:Creating package script '/home/kirill/VNIIA/Projects/black_plat/install/t21_lidar/share/t21_lidar/package.zsh'
[0.513s] Level 1:colcon.colcon_core.environment:create_file_with_runtime_dependencies(/home/kirill/VNIIA/Projects/black_plat/install/t21_lidar/share/colcon-core/packages/t21_lidar)
[0.516s] DEBUG:colcon.colcon_core.event_handler.log_command:Invoked command in '/home/kirill/VNIIA/Projects/black_plat/build/bluespace_ai_xsens_mti_driver' returned '0': CMAKE_PREFIX_PATH=${CMAKE_PREFIX_PATH}:/home/kirill/VNIIA/Projects/black_plat/install/t21_teleop:/opt/ros/humble /usr/bin/cmake --build /home/kirill/VNIIA/Projects/black_plat/build/bluespace_ai_xsens_mti_driver -- -j8 -l8
[0.516s] DEBUG:colcon.colcon_core.event_handler.log_command:Invoking command in '/home/kirill/VNIIA/Projects/black_plat/build/bluespace_ai_xsens_mti_driver': CMAKE_PREFIX_PATH=${CMAKE_PREFIX_PATH}:/home/kirill/VNIIA/Projects/black_plat/install/t21_teleop:/opt/ros/humble /usr/bin/cmake --install /home/kirill/VNIIA/Projects/black_plat/build/bluespace_ai_xsens_mti_driver
[0.519s] INFO:colcon.colcon_ros.task.ament_cmake.build:Building ROS package in '/home/kirill/VNIIA/Projects/black_plat/src/ros2_control/ros2_control_t21_hardware' with build type 'ament_cmake'
[0.520s] INFO:colcon.colcon_cmake.task.cmake.build:Building CMake package in '/home/kirill/VNIIA/Projects/black_plat/src/ros2_control/ros2_control_t21_hardware'
[0.521s] INFO:colcon.colcon_core.shell:Skip shell extension 'powershell' for command environment: Not usable outside of PowerShell
[0.521s] DEBUG:colcon.colcon_core.shell:Skip shell extension 'dsv' for command environment
[0.529s] Level 1:colcon.colcon_core.environment:create_environment_scripts_only(t21_rtabmap)
[0.529s] Level 1:colcon.colcon_core.environment:checking '/home/kirill/VNIIA/Projects/black_plat/install/t21_rtabmap' for CMake module files
[0.529s] Level 1:colcon.colcon_core.environment:checking '/home/kirill/VNIIA/Projects/black_plat/install/t21_rtabmap' for CMake config files
[0.530s] Level 1:colcon.colcon_core.shell:create_environment_hook('t21_rtabmap', 'cmake_prefix_path')
[0.530s] INFO:colcon.colcon_core.shell:Creating environment hook '/home/kirill/VNIIA/Projects/black_plat/install/t21_rtabmap/share/t21_rtabmap/hook/cmake_prefix_path.ps1'
[0.531s] DEBUG:colcon.colcon_core.event_handler.log_command:Invoked command in '/home/kirill/VNIIA/Projects/black_plat/build/t21_rtabmap' returned '0': CMAKE_PREFIX_PATH=${CMAKE_PREFIX_PATH}:/home/kirill/VNIIA/Projects/black_plat/install/t21_teleop:/opt/ros/humble /usr/bin/cmake --install /home/kirill/VNIIA/Projects/black_plat/build/t21_rtabmap
[0.531s] INFO:colcon.colcon_core.shell:Creating environment descriptor '/home/kirill/VNIIA/Projects/black_plat/install/t21_rtabmap/share/t21_rtabmap/hook/cmake_prefix_path.dsv'
[0.532s] INFO:colcon.colcon_core.shell:Creating environment hook '/home/kirill/VNIIA/Projects/black_plat/install/t21_rtabmap/share/t21_rtabmap/hook/cmake_prefix_path.sh'
[0.532s] Level 1:colcon.colcon_core.environment:checking '/home/kirill/VNIIA/Projects/black_plat/install/t21_rtabmap/bin'
[0.532s] Level 1:colcon.colcon_core.environment:checking '/home/kirill/VNIIA/Projects/black_plat/install/t21_rtabmap/lib/pkgconfig/t21_rtabmap.pc'
[0.532s] Level 1:colcon.colcon_core.environment:checking '/home/kirill/VNIIA/Projects/black_plat/install/t21_rtabmap/lib/python3.10/site-packages'
[0.533s] Level 1:colcon.colcon_core.environment:checking '/home/kirill/VNIIA/Projects/black_plat/install/t21_rtabmap/bin'
[0.533s] INFO:colcon.colcon_core.shell:Creating package script '/home/kirill/VNIIA/Projects/black_plat/install/t21_rtabmap/share/t21_rtabmap/package.ps1'
[0.534s] INFO:colcon.colcon_core.shell:Creating package descriptor '/home/kirill/VNIIA/Projects/black_plat/install/t21_rtabmap/share/t21_rtabmap/package.dsv'
[0.534s] INFO:colcon.colcon_core.shell:Creating package script '/home/kirill/VNIIA/Projects/black_plat/install/t21_rtabmap/share/t21_rtabmap/package.sh'
[0.535s] INFO:colcon.colcon_core.shell:Creating package script '/home/kirill/VNIIA/Projects/black_plat/install/t21_rtabmap/share/t21_rtabmap/package.bash'
[0.535s] INFO:colcon.colcon_core.shell:Creating package script '/home/kirill/VNIIA/Projects/black_plat/install/t21_rtabmap/share/t21_rtabmap/package.zsh'
[0.536s] Level 1:colcon.colcon_core.environment:create_file_with_runtime_dependencies(/home/kirill/VNIIA/Projects/black_plat/install/t21_rtabmap/share/colcon-core/packages/t21_rtabmap)
[0.536s] Level 1:colcon.colcon_core.environment:create_environment_scripts_only(t21_rtabmap)
[0.536s] Level 1:colcon.colcon_core.environment:checking '/home/kirill/VNIIA/Projects/black_plat/install/t21_rtabmap' for CMake module files
[0.537s] Level 1:colcon.colcon_core.environment:checking '/home/kirill/VNIIA/Projects/black_plat/install/t21_rtabmap' for CMake config files
[0.537s] Level 1:colcon.colcon_core.shell:create_environment_hook('t21_rtabmap', 'cmake_prefix_path')
[0.538s] INFO:colcon.colcon_core.shell:Creating environment hook '/home/kirill/VNIIA/Projects/black_plat/install/t21_rtabmap/share/t21_rtabmap/hook/cmake_prefix_path.ps1'
[0.538s] INFO:colcon.colcon_core.shell:Creating environment descriptor '/home/kirill/VNIIA/Projects/black_plat/install/t21_rtabmap/share/t21_rtabmap/hook/cmake_prefix_path.dsv'
[0.538s] INFO:colcon.colcon_core.shell:Creating environment hook '/home/kirill/VNIIA/Projects/black_plat/install/t21_rtabmap/share/t21_rtabmap/hook/cmake_prefix_path.sh'
[0.539s] Level 1:colcon.colcon_core.environment:checking '/home/kirill/VNIIA/Projects/black_plat/install/t21_rtabmap/bin'
[0.539s] Level 1:colcon.colcon_core.environment:checking '/home/kirill/VNIIA/Projects/black_plat/install/t21_rtabmap/lib/pkgconfig/t21_rtabmap.pc'
[0.539s] Level 1:colcon.colcon_core.environment:checking '/home/kirill/VNIIA/Projects/black_plat/install/t21_rtabmap/lib/python3.10/site-packages'
[0.539s] Level 1:colcon.colcon_core.environment:checking '/home/kirill/VNIIA/Projects/black_plat/install/t21_rtabmap/bin'
[0.540s] INFO:colcon.colcon_core.shell:Creating package script '/home/kirill/VNIIA/Projects/black_plat/install/t21_rtabmap/share/t21_rtabmap/package.ps1'
[0.540s] INFO:colcon.colcon_core.shell:Creating package descriptor '/home/kirill/VNIIA/Projects/black_plat/install/t21_rtabmap/share/t21_rtabmap/package.dsv'
[0.541s] INFO:colcon.colcon_core.shell:Creating package script '/home/kirill/VNIIA/Projects/black_plat/install/t21_rtabmap/share/t21_rtabmap/package.sh'
[0.541s] INFO:colcon.colcon_core.shell:Creating package script '/home/kirill/VNIIA/Projects/black_plat/install/t21_rtabmap/share/t21_rtabmap/package.bash'
[0.541s] INFO:colcon.colcon_core.shell:Creating package script '/home/kirill/VNIIA/Projects/black_plat/install/t21_rtabmap/share/t21_rtabmap/package.zsh'
[0.542s] Level 1:colcon.colcon_core.environment:create_file_with_runtime_dependencies(/home/kirill/VNIIA/Projects/black_plat/install/t21_rtabmap/share/colcon-core/packages/t21_rtabmap)
[0.544s] DEBUG:colcon.colcon_core.event_handler.log_command:Invoked command in '/home/kirill/VNIIA/Projects/black_plat/build/odometry_fus' returned '0': CMAKE_PREFIX_PATH=${CMAKE_PREFIX_PATH}:/home/kirill/VNIIA/Projects/black_plat/install/t21_teleop:/opt/ros/humble /usr/bin/cmake --build /home/kirill/VNIIA/Projects/black_plat/build/odometry_fus -- -j8 -l8
[0.545s] DEBUG:colcon.colcon_core.event_handler.log_command:Invoking command in '/home/kirill/VNIIA/Projects/black_plat/build/odometry_fus': CMAKE_PREFIX_PATH=${CMAKE_PREFIX_PATH}:/home/kirill/VNIIA/Projects/black_plat/install/t21_teleop:/opt/ros/humble /usr/bin/cmake --install /home/kirill/VNIIA/Projects/black_plat/build/odometry_fus
[0.553s] DEBUG:colcon.colcon_core.event_handler.log_command:Invoked command in '/home/kirill/VNIIA/Projects/black_plat/build/t21_navigation' returned '0': CMAKE_PREFIX_PATH=${CMAKE_PREFIX_PATH}:/home/kirill/VNIIA/Projects/black_plat/install/t21_teleop:/opt/ros/humble /usr/bin/cmake --build /home/kirill/VNIIA/Projects/black_plat/build/t21_navigation -- -j8 -l8
[0.553s] DEBUG:colcon.colcon_core.event_handler.log_command:Invoking command in '/home/kirill/VNIIA/Projects/black_plat/build/t21_navigation': CMAKE_PREFIX_PATH=${CMAKE_PREFIX_PATH}:/home/kirill/VNIIA/Projects/black_plat/install/t21_teleop:/opt/ros/humble /usr/bin/cmake --install /home/kirill/VNIIA/Projects/black_plat/build/t21_navigation
[0.553s] DEBUG:colcon.colcon_core.event_handler.log_command:Invoked command in '/home/kirill/VNIIA/Projects/black_plat/build/velodyne_gazebo_plugins' returned '0': CMAKE_PREFIX_PATH=${CMAKE_PREFIX_PATH}:/home/kirill/VNIIA/Projects/black_plat/install/t21_teleop:/opt/ros/humble /usr/bin/cmake --build /home/kirill/VNIIA/Projects/black_plat/build/velodyne_gazebo_plugins -- -j8 -l8
[0.557s] DEBUG:colcon.colcon_core.event_handler.log_command:Invoking command in '/home/kirill/VNIIA/Projects/black_plat/build/velodyne_gazebo_plugins': CMAKE_PREFIX_PATH=${CMAKE_PREFIX_PATH}:/home/kirill/VNIIA/Projects/black_plat/install/t21_teleop:/opt/ros/humble /usr/bin/cmake --install /home/kirill/VNIIA/Projects/black_plat/build/velodyne_gazebo_plugins
[0.795s] INFO:colcon.colcon_core.task.python.build:Building Python package in '/home/kirill/VNIIA/Projects/black_plat/src/t21_teleop'
[0.796s] INFO:colcon.colcon_core.shell:Skip shell extension 'powershell' for command environment: Not usable outside of PowerShell
[0.796s] DEBUG:colcon.colcon_core.shell:Skip shell extension 'dsv' for command environment
[0.800s] Level 1:colcon.colcon_core.environment:create_environment_scripts_only(bluespace_ai_xsens_mti_driver)
[0.800s] Level 1:colcon.colcon_core.environment:checking '/home/kirill/VNIIA/Projects/black_plat/install/bluespace_ai_xsens_mti_driver' for CMake module files
[0.801s] DEBUG:colcon.colcon_core.event_handler.log_command:Invoked command in '/home/kirill/VNIIA/Projects/black_plat/build/bluespace_ai_xsens_mti_driver' returned '0': CMAKE_PREFIX_PATH=${CMAKE_PREFIX_PATH}:/home/kirill/VNIIA/Projects/black_plat/install/t21_teleop:/opt/ros/humble /usr/bin/cmake --install /home/kirill/VNIIA/Projects/black_plat/build/bluespace_ai_xsens_mti_driver
[0.801s] Level 1:colcon.colcon_core.environment:checking '/home/kirill/VNIIA/Projects/black_plat/install/bluespace_ai_xsens_mti_driver' for CMake config files
[0.802s] Level 1:colcon.colcon_core.shell:create_environment_hook('bluespace_ai_xsens_mti_driver', 'cmake_prefix_path')
[0.802s] INFO:colcon.colcon_core.shell:Creating environment hook '/home/kirill/VNIIA/Projects/black_plat/install/bluespace_ai_xsens_mti_driver/share/bluespace_ai_xsens_mti_driver/hook/cmake_prefix_path.ps1'
[0.802s] INFO:colcon.colcon_core.shell:Creating environment descriptor '/home/kirill/VNIIA/Projects/black_plat/install/bluespace_ai_xsens_mti_driver/share/bluespace_ai_xsens_mti_driver/hook/cmake_prefix_path.dsv'
[0.802s] INFO:colcon.colcon_core.shell:Creating environment hook '/home/kirill/VNIIA/Projects/black_plat/install/bluespace_ai_xsens_mti_driver/share/bluespace_ai_xsens_mti_driver/hook/cmake_prefix_path.sh'
[0.803s] Level 1:colcon.colcon_core.environment:checking '/home/kirill/VNIIA/Projects/black_plat/install/bluespace_ai_xsens_mti_driver/lib'
[0.803s] Level 1:colcon.colcon_core.environment:checking '/home/kirill/VNIIA/Projects/black_plat/install/bluespace_ai_xsens_mti_driver/bin'
[0.803s] Level 1:colcon.colcon_core.environment:checking '/home/kirill/VNIIA/Projects/black_plat/install/bluespace_ai_xsens_mti_driver/lib/pkgconfig/bluespace_ai_xsens_mti_driver.pc'
[0.803s] Level 1:colcon.colcon_core.environment:checking '/home/kirill/VNIIA/Projects/black_plat/install/bluespace_ai_xsens_mti_driver/lib/python3.10/site-packages'
[0.803s] Level 1:colcon.colcon_core.environment:checking '/home/kirill/VNIIA/Projects/black_plat/install/bluespace_ai_xsens_mti_driver/bin'
[0.804s] INFO:colcon.colcon_core.shell:Creating package script '/home/kirill/VNIIA/Projects/black_plat/install/bluespace_ai_xsens_mti_driver/share/bluespace_ai_xsens_mti_driver/package.ps1'
[0.804s] INFO:colcon.colcon_core.shell:Creating package descriptor '/home/kirill/VNIIA/Projects/black_plat/install/bluespace_ai_xsens_mti_driver/share/bluespace_ai_xsens_mti_driver/package.dsv'
[0.804s] INFO:colcon.colcon_core.shell:Creating package script '/home/kirill/VNIIA/Projects/black_plat/install/bluespace_ai_xsens_mti_driver/share/bluespace_ai_xsens_mti_driver/package.sh'
[0.805s] INFO:colcon.colcon_core.shell:Creating package script '/home/kirill/VNIIA/Projects/black_plat/install/bluespace_ai_xsens_mti_driver/share/bluespace_ai_xsens_mti_driver/package.bash'
[0.805s] INFO:colcon.colcon_core.shell:Creating package script '/home/kirill/VNIIA/Projects/black_plat/install/bluespace_ai_xsens_mti_driver/share/bluespace_ai_xsens_mti_driver/package.zsh'
[0.805s] Level 1:colcon.colcon_core.environment:create_file_with_runtime_dependencies(/home/kirill/VNIIA/Projects/black_plat/install/bluespace_ai_xsens_mti_driver/share/colcon-core/packages/bluespace_ai_xsens_mti_driver)
[0.805s] Level 1:colcon.colcon_core.environment:create_environment_scripts_only(bluespace_ai_xsens_mti_driver)
[0.805s] Level 1:colcon.colcon_core.environment:checking '/home/kirill/VNIIA/Projects/black_plat/install/bluespace_ai_xsens_mti_driver' for CMake module files
[0.806s] Level 1:colcon.colcon_core.environment:checking '/home/kirill/VNIIA/Projects/black_plat/install/bluespace_ai_xsens_mti_driver' for CMake config files
[0.806s] Level 1:colcon.colcon_core.shell:create_environment_hook('bluespace_ai_xsens_mti_driver', 'cmake_prefix_path')
[0.806s] INFO:colcon.colcon_core.shell:Creating environment hook '/home/kirill/VNIIA/Projects/black_plat/install/bluespace_ai_xsens_mti_driver/share/bluespace_ai_xsens_mti_driver/hook/cmake_prefix_path.ps1'
[0.806s] INFO:colcon.colcon_core.shell:Creating environment descriptor '/home/kirill/VNIIA/Projects/black_plat/install/bluespace_ai_xsens_mti_driver/share/bluespace_ai_xsens_mti_driver/hook/cmake_prefix_path.dsv'
[0.806s] INFO:colcon.colcon_core.shell:Creating environment hook '/home/kirill/VNIIA/Projects/black_plat/install/bluespace_ai_xsens_mti_driver/share/bluespace_ai_xsens_mti_driver/hook/cmake_prefix_path.sh'
[0.807s] Level 1:colcon.colcon_core.environment:checking '/home/kirill/VNIIA/Projects/black_plat/install/bluespace_ai_xsens_mti_driver/lib'
[0.807s] Level 1:colcon.colcon_core.environment:checking '/home/kirill/VNIIA/Projects/black_plat/install/bluespace_ai_xsens_mti_driver/bin'
[0.807s] Level 1:colcon.colcon_core.environment:checking '/home/kirill/VNIIA/Projects/black_plat/install/bluespace_ai_xsens_mti_driver/lib/pkgconfig/bluespace_ai_xsens_mti_driver.pc'
[0.807s] Level 1:colcon.colcon_core.environment:checking '/home/kirill/VNIIA/Projects/black_plat/install/bluespace_ai_xsens_mti_driver/lib/python3.10/site-packages'
[0.807s] Level 1:colcon.colcon_core.environment:checking '/home/kirill/VNIIA/Projects/black_plat/install/bluespace_ai_xsens_mti_driver/bin'
[0.807s] INFO:colcon.colcon_core.shell:Creating package script '/home/kirill/VNIIA/Projects/black_plat/install/bluespace_ai_xsens_mti_driver/share/bluespace_ai_xsens_mti_driver/package.ps1'
[0.808s] INFO:colcon.colcon_core.shell:Creating package descriptor '/home/kirill/VNIIA/Projects/black_plat/install/bluespace_ai_xsens_mti_driver/share/bluespace_ai_xsens_mti_driver/package.dsv'
[0.808s] INFO:colcon.colcon_core.shell:Creating package script '/home/kirill/VNIIA/Projects/black_plat/install/bluespace_ai_xsens_mti_driver/share/bluespace_ai_xsens_mti_driver/package.sh'
[0.808s] INFO:colcon.colcon_core.shell:Creating package script '/home/kirill/VNIIA/Projects/black_plat/install/bluespace_ai_xsens_mti_driver/share/bluespace_ai_xsens_mti_driver/package.bash'
[0.809s] INFO:colcon.colcon_core.shell:Creating package script '/home/kirill/VNIIA/Projects/black_plat/install/bluespace_ai_xsens_mti_driver/share/bluespace_ai_xsens_mti_driver/package.zsh'
[0.809s] Level 1:colcon.colcon_core.environment:create_file_with_runtime_dependencies(/home/kirill/VNIIA/Projects/black_plat/install/bluespace_ai_xsens_mti_driver/share/colcon-core/packages/bluespace_ai_xsens_mti_driver)
[0.809s] INFO:colcon.colcon_ros.task.ament_cmake.build:Building ROS package in '/home/kirill/VNIIA/Projects/black_plat/src/tracked_description' with build type 'ament_cmake'
[0.810s] INFO:colcon.colcon_cmake.task.cmake.build:Building CMake package in '/home/kirill/VNIIA/Projects/black_plat/src/tracked_description'
[0.810s] INFO:colcon.colcon_core.shell:Skip shell extension 'powershell' for command environment: Not usable outside of PowerShell
[0.810s] DEBUG:colcon.colcon_core.shell:Skip shell extension 'dsv' for command environment
[0.816s] Level 1:colcon.colcon_core.environment:create_environment_scripts_only(odometry_fus)
[0.816s] Level 1:colcon.colcon_core.environment:checking '/home/kirill/VNIIA/Projects/black_plat/install/odometry_fus' for CMake module files
[0.817s] Level 1:colcon.colcon_core.environment:checking '/home/kirill/VNIIA/Projects/black_plat/install/odometry_fus' for CMake config files
[0.817s] Level 1:colcon.colcon_core.shell:create_environment_hook('odometry_fus', 'cmake_prefix_path')
[0.817s] INFO:colcon.colcon_core.shell:Creating environment hook '/home/kirill/VNIIA/Projects/black_plat/install/odometry_fus/share/odometry_fus/hook/cmake_prefix_path.ps1'
[0.818s] INFO:colcon.colcon_core.shell:Creating environment descriptor '/home/kirill/VNIIA/Projects/black_plat/install/odometry_fus/share/odometry_fus/hook/cmake_prefix_path.dsv'
[0.818s] INFO:colcon.colcon_core.shell:Creating environment hook '/home/kirill/VNIIA/Projects/black_plat/install/odometry_fus/share/odometry_fus/hook/cmake_prefix_path.sh'
[0.819s] DEBUG:colcon.colcon_core.event_handler.log_command:Invoking command in '/home/kirill/VNIIA/Projects/black_plat/build/t21_tracked': CMAKE_PREFIX_PATH=${CMAKE_PREFIX_PATH}:/home/kirill/VNIIA/Projects/black_plat/install/t21_teleop:/opt/ros/humble /usr/bin/cmake --build /home/kirill/VNIIA/Projects/black_plat/build/t21_tracked -- -j8 -l8
[0.819s] Level 1:colcon.colcon_core.environment:checking '/home/kirill/VNIIA/Projects/black_plat/install/odometry_fus/lib'
[0.819s] Level 1:colcon.colcon_core.environment:checking '/home/kirill/VNIIA/Projects/black_plat/install/odometry_fus/bin'
[0.819s] Level 1:colcon.colcon_core.environment:checking '/home/kirill/VNIIA/Projects/black_plat/install/odometry_fus/lib/pkgconfig/odometry_fus.pc'
[0.820s] Level 1:colcon.colcon_core.environment:checking '/home/kirill/VNIIA/Projects/black_plat/install/odometry_fus/lib/python3.10/site-packages'
[0.820s] Level 1:colcon.colcon_core.environment:checking '/home/kirill/VNIIA/Projects/black_plat/install/odometry_fus/bin'
[0.820s] INFO:colcon.colcon_core.shell:Creating package script '/home/kirill/VNIIA/Projects/black_plat/install/odometry_fus/share/odometry_fus/package.ps1'
[0.821s] INFO:colcon.colcon_core.shell:Creating package descriptor '/home/kirill/VNIIA/Projects/black_plat/install/odometry_fus/share/odometry_fus/package.dsv'
[0.821s] INFO:colcon.colcon_core.shell:Creating package script '/home/kirill/VNIIA/Projects/black_plat/install/odometry_fus/share/odometry_fus/package.sh'
[0.822s] INFO:colcon.colcon_core.shell:Creating package script '/home/kirill/VNIIA/Projects/black_plat/install/odometry_fus/share/odometry_fus/package.bash'
[0.822s] INFO:colcon.colcon_core.shell:Creating package script '/home/kirill/VNIIA/Projects/black_plat/install/odometry_fus/share/odometry_fus/package.zsh'
[0.822s] Level 1:colcon.colcon_core.environment:create_file_with_runtime_dependencies(/home/kirill/VNIIA/Projects/black_plat/install/odometry_fus/share/colcon-core/packages/odometry_fus)
[0.823s] Level 1:colcon.colcon_core.environment:create_environment_scripts_only(odometry_fus)
[0.824s] DEBUG:colcon.colcon_core.event_handler.log_command:Invoked command in '/home/kirill/VNIIA/Projects/black_plat/build/odometry_fus' returned '0': CMAKE_PREFIX_PATH=${CMAKE_PREFIX_PATH}:/home/kirill/VNIIA/Projects/black_plat/install/t21_teleop:/opt/ros/humble /usr/bin/cmake --install /home/kirill/VNIIA/Projects/black_plat/build/odometry_fus
[0.824s] Level 1:colcon.colcon_core.environment:checking '/home/kirill/VNIIA/Projects/black_plat/install/odometry_fus' for CMake module files
[0.826s] Level 1:colcon.colcon_core.environment:checking '/home/kirill/VNIIA/Projects/black_plat/install/odometry_fus' for CMake config files
[0.826s] Level 1:colcon.colcon_core.shell:create_environment_hook('odometry_fus', 'cmake_prefix_path')
[0.826s] INFO:colcon.colcon_core.shell:Creating environment hook '/home/kirill/VNIIA/Projects/black_plat/install/odometry_fus/share/odometry_fus/hook/cmake_prefix_path.ps1'
[0.827s] INFO:colcon.colcon_core.shell:Creating environment descriptor '/home/kirill/VNIIA/Projects/black_plat/install/odometry_fus/share/odometry_fus/hook/cmake_prefix_path.dsv'
[0.827s] INFO:colcon.colcon_core.shell:Creating environment hook '/home/kirill/VNIIA/Projects/black_plat/install/odometry_fus/share/odometry_fus/hook/cmake_prefix_path.sh'
[0.828s] Level 1:colcon.colcon_core.environment:checking '/home/kirill/VNIIA/Projects/black_plat/install/odometry_fus/lib'
[0.828s] Level 1:colcon.colcon_core.environment:checking '/home/kirill/VNIIA/Projects/black_plat/install/odometry_fus/bin'
[0.828s] Level 1:colcon.colcon_core.environment:checking '/home/kirill/VNIIA/Projects/black_plat/install/odometry_fus/lib/pkgconfig/odometry_fus.pc'
[0.828s] Level 1:colcon.colcon_core.environment:checking '/home/kirill/VNIIA/Projects/black_plat/install/odometry_fus/lib/python3.10/site-packages'
[0.828s] Level 1:colcon.colcon_core.environment:checking '/home/kirill/VNIIA/Projects/black_plat/install/odometry_fus/bin'
[0.829s] INFO:colcon.colcon_core.shell:Creating package script '/home/kirill/VNIIA/Projects/black_plat/install/odometry_fus/share/odometry_fus/package.ps1'
[0.829s] INFO:colcon.colcon_core.shell:Creating package descriptor '/home/kirill/VNIIA/Projects/black_plat/install/odometry_fus/share/odometry_fus/package.dsv'
[0.830s] INFO:colcon.colcon_core.shell:Creating package script '/home/kirill/VNIIA/Projects/black_plat/install/odometry_fus/share/odometry_fus/package.sh'
[0.830s] INFO:colcon.colcon_core.shell:Creating package script '/home/kirill/VNIIA/Projects/black_plat/install/odometry_fus/share/odometry_fus/package.bash'
[0.831s] INFO:colcon.colcon_core.shell:Creating package script '/home/kirill/VNIIA/Projects/black_plat/install/odometry_fus/share/odometry_fus/package.zsh'
[0.832s] Level 1:colcon.colcon_core.environment:create_file_with_runtime_dependencies(/home/kirill/VNIIA/Projects/black_plat/install/odometry_fus/share/colcon-core/packages/odometry_fus)
[0.834s] Level 1:colcon.colcon_core.environment:create_environment_scripts_only(velodyne_gazebo_plugins)
[0.834s] DEBUG:colcon.colcon_core.event_handler.log_command:Invoked command in '/home/kirill/VNIIA/Projects/black_plat/build/velodyne_gazebo_plugins' returned '0': CMAKE_PREFIX_PATH=${CMAKE_PREFIX_PATH}:/home/kirill/VNIIA/Projects/black_plat/install/t21_teleop:/opt/ros/humble /usr/bin/cmake --install /home/kirill/VNIIA/Projects/black_plat/build/velodyne_gazebo_plugins
[0.835s] Level 1:colcon.colcon_core.environment:checking '/home/kirill/VNIIA/Projects/black_plat/install/velodyne_gazebo_plugins' for CMake module files
[0.836s] Level 1:colcon.colcon_core.environment:checking '/home/kirill/VNIIA/Projects/black_plat/install/velodyne_gazebo_plugins' for CMake config files
[0.836s] Level 1:colcon.colcon_core.shell:create_environment_hook('velodyne_gazebo_plugins', 'cmake_prefix_path')
[0.836s] INFO:colcon.colcon_core.shell:Creating environment hook '/home/kirill/VNIIA/Projects/black_plat/install/velodyne_gazebo_plugins/share/velodyne_gazebo_plugins/hook/cmake_prefix_path.ps1'
[0.837s] INFO:colcon.colcon_core.shell:Creating environment descriptor '/home/kirill/VNIIA/Projects/black_plat/install/velodyne_gazebo_plugins/share/velodyne_gazebo_plugins/hook/cmake_prefix_path.dsv'
[0.837s] INFO:colcon.colcon_core.shell:Creating environment hook '/home/kirill/VNIIA/Projects/black_plat/install/velodyne_gazebo_plugins/share/velodyne_gazebo_plugins/hook/cmake_prefix_path.sh'
[0.838s] Level 1:colcon.colcon_core.environment:checking '/home/kirill/VNIIA/Projects/black_plat/install/velodyne_gazebo_plugins/lib'
[0.838s] Level 1:colcon.colcon_core.shell:create_environment_hook('velodyne_gazebo_plugins', 'ld_library_path_lib')
[0.838s] INFO:colcon.colcon_core.shell:Creating environment hook '/home/kirill/VNIIA/Projects/black_plat/install/velodyne_gazebo_plugins/share/velodyne_gazebo_plugins/hook/ld_library_path_lib.ps1'
[0.839s] INFO:colcon.colcon_core.shell:Creating environment descriptor '/home/kirill/VNIIA/Projects/black_plat/install/velodyne_gazebo_plugins/share/velodyne_gazebo_plugins/hook/ld_library_path_lib.dsv'
[0.839s] INFO:colcon.colcon_core.shell:Creating environment hook '/home/kirill/VNIIA/Projects/black_plat/install/velodyne_gazebo_plugins/share/velodyne_gazebo_plugins/hook/ld_library_path_lib.sh'
[0.839s] Level 1:colcon.colcon_core.environment:checking '/home/kirill/VNIIA/Projects/black_plat/install/velodyne_gazebo_plugins/bin'
[0.839s] Level 1:colcon.colcon_core.environment:checking '/home/kirill/VNIIA/Projects/black_plat/install/velodyne_gazebo_plugins/lib/pkgconfig/velodyne_gazebo_plugins.pc'
[0.840s] Level 1:colcon.colcon_core.environment:checking '/home/kirill/VNIIA/Projects/black_plat/install/velodyne_gazebo_plugins/lib/python3.10/site-packages'
[0.840s] Level 1:colcon.colcon_core.environment:checking '/home/kirill/VNIIA/Projects/black_plat/install/velodyne_gazebo_plugins/bin'
[0.840s] INFO:colcon.colcon_core.shell:Creating package script '/home/kirill/VNIIA/Projects/black_plat/install/velodyne_gazebo_plugins/share/velodyne_gazebo_plugins/package.ps1'
[0.840s] INFO:colcon.colcon_core.shell:Creating package descriptor '/home/kirill/VNIIA/Projects/black_plat/install/velodyne_gazebo_plugins/share/velodyne_gazebo_plugins/package.dsv'
[0.841s] INFO:colcon.colcon_core.shell:Creating package script '/home/kirill/VNIIA/Projects/black_plat/install/velodyne_gazebo_plugins/share/velodyne_gazebo_plugins/package.sh'
[0.841s] INFO:colcon.colcon_core.shell:Creating package script '/home/kirill/VNIIA/Projects/black_plat/install/velodyne_gazebo_plugins/share/velodyne_gazebo_plugins/package.bash'
[0.841s] INFO:colcon.colcon_core.shell:Creating package script '/home/kirill/VNIIA/Projects/black_plat/install/velodyne_gazebo_plugins/share/velodyne_gazebo_plugins/package.zsh'
[0.841s] Level 1:colcon.colcon_core.environment:create_file_with_runtime_dependencies(/home/kirill/VNIIA/Projects/black_plat/install/velodyne_gazebo_plugins/share/colcon-core/packages/velodyne_gazebo_plugins)
[0.842s] Level 1:colcon.colcon_core.environment:create_environment_scripts_only(velodyne_gazebo_plugins)
[0.842s] Level 1:colcon.colcon_core.environment:checking '/home/kirill/VNIIA/Projects/black_plat/install/velodyne_gazebo_plugins' for CMake module files
[0.843s] Level 1:colcon.colcon_core.environment:checking '/home/kirill/VNIIA/Projects/black_plat/install/velodyne_gazebo_plugins' for CMake config files
[0.843s] Level 1:colcon.colcon_core.shell:create_environment_hook('velodyne_gazebo_plugins', 'cmake_prefix_path')
[0.843s] INFO:colcon.colcon_core.shell:Creating environment hook '/home/kirill/VNIIA/Projects/black_plat/install/velodyne_gazebo_plugins/share/velodyne_gazebo_plugins/hook/cmake_prefix_path.ps1'
[0.843s] INFO:colcon.colcon_core.shell:Creating environment descriptor '/home/kirill/VNIIA/Projects/black_plat/install/velodyne_gazebo_plugins/share/velodyne_gazebo_plugins/hook/cmake_prefix_path.dsv'
[0.843s] INFO:colcon.colcon_core.shell:Creating environment hook '/home/kirill/VNIIA/Projects/black_plat/install/velodyne_gazebo_plugins/share/velodyne_gazebo_plugins/hook/cmake_prefix_path.sh'
[0.844s] Level 1:colcon.colcon_core.environment:checking '/home/kirill/VNIIA/Projects/black_plat/install/velodyne_gazebo_plugins/lib'
[0.844s] Level 1:colcon.colcon_core.shell:create_environment_hook('velodyne_gazebo_plugins', 'ld_library_path_lib')
[0.844s] INFO:colcon.colcon_core.shell:Creating environment hook '/home/kirill/VNIIA/Projects/black_plat/install/velodyne_gazebo_plugins/share/velodyne_gazebo_plugins/hook/ld_library_path_lib.ps1'
[0.845s] INFO:colcon.colcon_core.shell:Creating environment descriptor '/home/kirill/VNIIA/Projects/black_plat/install/velodyne_gazebo_plugins/share/velodyne_gazebo_plugins/hook/ld_library_path_lib.dsv'
[0.845s] INFO:colcon.colcon_core.shell:Creating environment hook '/home/kirill/VNIIA/Projects/black_plat/install/velodyne_gazebo_plugins/share/velodyne_gazebo_plugins/hook/ld_library_path_lib.sh'
[0.845s] Level 1:colcon.colcon_core.environment:checking '/home/kirill/VNIIA/Projects/black_plat/install/velodyne_gazebo_plugins/bin'
[0.845s] Level 1:colcon.colcon_core.environment:checking '/home/kirill/VNIIA/Projects/black_plat/install/velodyne_gazebo_plugins/lib/pkgconfig/velodyne_gazebo_plugins.pc'
[0.846s] Level 1:colcon.colcon_core.environment:checking '/home/kirill/VNIIA/Projects/black_plat/install/velodyne_gazebo_plugins/lib/python3.10/site-packages'
[0.846s] Level 1:colcon.colcon_core.environment:checking '/home/kirill/VNIIA/Projects/black_plat/install/velodyne_gazebo_plugins/bin'
[0.846s] INFO:colcon.colcon_core.shell:Creating package script '/home/kirill/VNIIA/Projects/black_plat/install/velodyne_gazebo_plugins/share/velodyne_gazebo_plugins/package.ps1'
[0.847s] INFO:colcon.colcon_core.shell:Creating package descriptor '/home/kirill/VNIIA/Projects/black_plat/install/velodyne_gazebo_plugins/share/velodyne_gazebo_plugins/package.dsv'
[0.847s] INFO:colcon.colcon_core.shell:Creating package script '/home/kirill/VNIIA/Projects/black_plat/install/velodyne_gazebo_plugins/share/velodyne_gazebo_plugins/package.sh'
[0.848s] INFO:colcon.colcon_core.shell:Creating package script '/home/kirill/VNIIA/Projects/black_plat/install/velodyne_gazebo_plugins/share/velodyne_gazebo_plugins/package.bash'
[0.848s] INFO:colcon.colcon_core.shell:Creating package script '/home/kirill/VNIIA/Projects/black_plat/install/velodyne_gazebo_plugins/share/velodyne_gazebo_plugins/package.zsh'
[0.849s] Level 1:colcon.colcon_core.environment:create_file_with_runtime_dependencies(/home/kirill/VNIIA/Projects/black_plat/install/velodyne_gazebo_plugins/share/colcon-core/packages/velodyne_gazebo_plugins)
[0.849s] Level 1:colcon.colcon_core.environment:create_environment_scripts_only(t21_navigation)
[0.849s] Level 1:colcon.colcon_core.environment:checking '/home/kirill/VNIIA/Projects/black_plat/install/t21_navigation' for CMake module files
[0.850s] DEBUG:colcon.colcon_core.event_handler.log_command:Invoked command in '/home/kirill/VNIIA/Projects/black_plat/build/t21_navigation' returned '0': CMAKE_PREFIX_PATH=${CMAKE_PREFIX_PATH}:/home/kirill/VNIIA/Projects/black_plat/install/t21_teleop:/opt/ros/humble /usr/bin/cmake --install /home/kirill/VNIIA/Projects/black_plat/build/t21_navigation
[0.851s] Level 1:colcon.colcon_core.environment:checking '/home/kirill/VNIIA/Projects/black_plat/install/t21_navigation' for CMake config files
[0.852s] Level 1:colcon.colcon_core.shell:create_environment_hook('t21_navigation', 'cmake_prefix_path')
[0.852s] INFO:colcon.colcon_core.shell:Creating environment hook '/home/kirill/VNIIA/Projects/black_plat/install/t21_navigation/share/t21_navigation/hook/cmake_prefix_path.ps1'
[0.853s] INFO:colcon.colcon_core.shell:Creating environment descriptor '/home/kirill/VNIIA/Projects/black_plat/install/t21_navigation/share/t21_navigation/hook/cmake_prefix_path.dsv'
[0.853s] INFO:colcon.colcon_core.shell:Creating environment hook '/home/kirill/VNIIA/Projects/black_plat/install/t21_navigation/share/t21_navigation/hook/cmake_prefix_path.sh'
[0.854s] Level 1:colcon.colcon_core.environment:checking '/home/kirill/VNIIA/Projects/black_plat/install/t21_navigation/lib'
[0.854s] Level 1:colcon.colcon_core.environment:checking '/home/kirill/VNIIA/Projects/black_plat/install/t21_navigation/bin'
[0.854s] Level 1:colcon.colcon_core.environment:checking '/home/kirill/VNIIA/Projects/black_plat/install/t21_navigation/lib/pkgconfig/t21_navigation.pc'
[0.855s] Level 1:colcon.colcon_core.environment:checking '/home/kirill/VNIIA/Projects/black_plat/install/t21_navigation/lib/python3.10/site-packages'
[0.855s] Level 1:colcon.colcon_core.environment:checking '/home/kirill/VNIIA/Projects/black_plat/install/t21_navigation/bin'
[0.855s] INFO:colcon.colcon_core.shell:Creating package script '/home/kirill/VNIIA/Projects/black_plat/install/t21_navigation/share/t21_navigation/package.ps1'
[0.856s] INFO:colcon.colcon_core.shell:Creating package descriptor '/home/kirill/VNIIA/Projects/black_plat/install/t21_navigation/share/t21_navigation/package.dsv'
[0.856s] INFO:colcon.colcon_core.shell:Creating package script '/home/kirill/VNIIA/Projects/black_plat/install/t21_navigation/share/t21_navigation/package.sh'
[0.857s] INFO:colcon.colcon_core.shell:Creating package script '/home/kirill/VNIIA/Projects/black_plat/install/t21_navigation/share/t21_navigation/package.bash'
[0.857s] INFO:colcon.colcon_core.shell:Creating package script '/home/kirill/VNIIA/Projects/black_plat/install/t21_navigation/share/t21_navigation/package.zsh'
[0.858s] Level 1:colcon.colcon_core.environment:create_file_with_runtime_dependencies(/home/kirill/VNIIA/Projects/black_plat/install/t21_navigation/share/colcon-core/packages/t21_navigation)
[0.858s] Level 1:colcon.colcon_core.environment:create_environment_scripts_only(t21_navigation)
[0.859s] Level 1:colcon.colcon_core.environment:checking '/home/kirill/VNIIA/Projects/black_plat/install/t21_navigation' for CMake module files
[0.859s] Level 1:colcon.colcon_core.environment:checking '/home/kirill/VNIIA/Projects/black_plat/install/t21_navigation' for CMake config files
[0.860s] Level 1:colcon.colcon_core.shell:create_environment_hook('t21_navigation', 'cmake_prefix_path')
[0.860s] INFO:colcon.colcon_core.shell:Creating environment hook '/home/kirill/VNIIA/Projects/black_plat/install/t21_navigation/share/t21_navigation/hook/cmake_prefix_path.ps1'
[0.860s] INFO:colcon.colcon_core.shell:Creating environment descriptor '/home/kirill/VNIIA/Projects/black_plat/install/t21_navigation/share/t21_navigation/hook/cmake_prefix_path.dsv'
[0.861s] INFO:colcon.colcon_core.shell:Creating environment hook '/home/kirill/VNIIA/Projects/black_plat/install/t21_navigation/share/t21_navigation/hook/cmake_prefix_path.sh'
[0.861s] Level 1:colcon.colcon_core.environment:checking '/home/kirill/VNIIA/Projects/black_plat/install/t21_navigation/lib'
[0.861s] Level 1:colcon.colcon_core.environment:checking '/home/kirill/VNIIA/Projects/black_plat/install/t21_navigation/bin'
[0.861s] Level 1:colcon.colcon_core.environment:checking '/home/kirill/VNIIA/Projects/black_plat/install/t21_navigation/lib/pkgconfig/t21_navigation.pc'
[0.861s] Level 1:colcon.colcon_core.environment:checking '/home/kirill/VNIIA/Projects/black_plat/install/t21_navigation/lib/python3.10/site-packages'
[0.861s] Level 1:colcon.colcon_core.environment:checking '/home/kirill/VNIIA/Projects/black_plat/install/t21_navigation/bin'
[0.862s] INFO:colcon.colcon_core.shell:Creating package script '/home/kirill/VNIIA/Projects/black_plat/install/t21_navigation/share/t21_navigation/package.ps1'
[0.862s] INFO:colcon.colcon_core.shell:Creating package descriptor '/home/kirill/VNIIA/Projects/black_plat/install/t21_navigation/share/t21_navigation/package.dsv'
[0.862s] INFO:colcon.colcon_core.shell:Creating package script '/home/kirill/VNIIA/Projects/black_plat/install/t21_navigation/share/t21_navigation/package.sh'
[0.863s] INFO:colcon.colcon_core.shell:Creating package script '/home/kirill/VNIIA/Projects/black_plat/install/t21_navigation/share/t21_navigation/package.bash'
[0.863s] INFO:colcon.colcon_core.shell:Creating package script '/home/kirill/VNIIA/Projects/black_plat/install/t21_navigation/share/t21_navigation/package.zsh'
[0.863s] Level 1:colcon.colcon_core.environment:create_file_with_runtime_dependencies(/home/kirill/VNIIA/Projects/black_plat/install/t21_navigation/share/colcon-core/packages/t21_navigation)
[0.864s] INFO:colcon.colcon_ros.task.ament_cmake.build:Building ROS package in '/home/kirill/VNIIA/Projects/black_plat/src/velodyne_simulator/velodyne_simulator' with build type 'ament_cmake'
[0.864s] INFO:colcon.colcon_cmake.task.cmake.build:Building CMake package in '/home/kirill/VNIIA/Projects/black_plat/src/velodyne_simulator/velodyne_simulator'
[0.864s] INFO:colcon.colcon_core.shell:Skip shell extension 'powershell' for command environment: Not usable outside of PowerShell
[0.864s] DEBUG:colcon.colcon_core.shell:Skip shell extension 'dsv' for command environment
[0.875s] DEBUG:colcon.colcon_core.event_handler.log_command:Invoking command in '/home/kirill/VNIIA/Projects/black_plat/build/tracked_description': CMAKE_PREFIX_PATH=/home/kirill/VNIIA/Projects/black_plat/install/bluespace_ai_xsens_mti_driver:/home/kirill/VNIIA/Projects/black_plat/install/velodyne_simulator:/home/kirill/VNIIA/Projects/black_plat/install/velodyne_gazebo_plugins:/home/kirill/VNIIA/Projects/black_plat/install/velodyne_description:/home/kirill/VNIIA/Projects/black_plat/install/t21_sim:/home/kirill/VNIIA/Projects/black_plat/install/tracked_description:/home/kirill/VNIIA/Projects/black_plat/install/t21_tracked:/home/kirill/VNIIA/Projects/black_plat/install/t21_rtabmap:/home/kirill/VNIIA/Projects/black_plat/install/t21_navigation:/home/kirill/VNIIA/Projects/black_plat/install/t21_lidar:/home/kirill/VNIIA/Projects/black_plat/install/odometry_fus:/home/kirill/VNIIA/Projects/black_plat/install/lio_sam:/home/kirill/VNIIA/Projects/black_plat/install/t21_teleop:/opt/ros/humble /usr/bin/cmake --build /home/kirill/VNIIA/Projects/black_plat/build/tracked_description -- -j8 -l8
[0.886s] DEBUG:colcon.colcon_core.event_handler.log_command:Invoking command in '/home/kirill/VNIIA/Projects/black_plat/build/velodyne_simulator': CMAKE_PREFIX_PATH=/home/kirill/VNIIA/Projects/black_plat/install/velodyne_gazebo_plugins:/home/kirill/VNIIA/Projects/black_plat/install/velodyne_description:/home/kirill/VNIIA/Projects/black_plat/install/velodyne_simulator:/home/kirill/VNIIA/Projects/black_plat/install/t21_sim:/home/kirill/VNIIA/Projects/black_plat/install/tracked_description:/home/kirill/VNIIA/Projects/black_plat/install/t21_tracked:/home/kirill/VNIIA/Projects/black_plat/install/t21_rtabmap:/home/kirill/VNIIA/Projects/black_plat/install/t21_navigation:/home/kirill/VNIIA/Projects/black_plat/install/t21_lidar:/home/kirill/VNIIA/Projects/black_plat/install/odometry_fus:/home/kirill/VNIIA/Projects/black_plat/install/lio_sam:/home/kirill/VNIIA/Projects/black_plat/install/bluespace_ai_xsens_mti_driver:/home/kirill/VNIIA/Projects/black_plat/install/t21_teleop:/opt/ros/humble /usr/bin/cmake --build /home/kirill/VNIIA/Projects/black_plat/build/velodyne_simulator -- -j8 -l8
[0.907s] DEBUG:colcon.colcon_core.event_handler.log_command:Invoked command in '/home/kirill/VNIIA/Projects/black_plat/build/t21_tracked' returned '0': CMAKE_PREFIX_PATH=${CMAKE_PREFIX_PATH}:/home/kirill/VNIIA/Projects/black_plat/install/t21_teleop:/opt/ros/humble /usr/bin/cmake --build /home/kirill/VNIIA/Projects/black_plat/build/t21_tracked -- -j8 -l8
[0.908s] DEBUG:colcon.colcon_core.event_handler.log_command:Invoking command in '/home/kirill/VNIIA/Projects/black_plat/build/t21_tracked': CMAKE_PREFIX_PATH=${CMAKE_PREFIX_PATH}:/home/kirill/VNIIA/Projects/black_plat/install/t21_teleop:/opt/ros/humble /usr/bin/cmake --install /home/kirill/VNIIA/Projects/black_plat/build/t21_tracked
[0.924s] Level 1:colcon.colcon_core.environment:create_environment_scripts_only(t21_tracked)
[0.924s] Level 1:colcon.colcon_core.environment:checking '/home/kirill/VNIIA/Projects/black_plat/install/t21_tracked' for CMake module files
[0.925s] Level 1:colcon.colcon_core.environment:checking '/home/kirill/VNIIA/Projects/black_plat/install/t21_tracked' for CMake config files
[0.925s] Level 1:colcon.colcon_core.shell:create_environment_hook('t21_tracked', 'cmake_prefix_path')
[0.926s] INFO:colcon.colcon_core.shell:Creating environment hook '/home/kirill/VNIIA/Projects/black_plat/install/t21_tracked/share/t21_tracked/hook/cmake_prefix_path.ps1'
[0.926s] DEBUG:colcon.colcon_core.event_handler.log_command:Invoked command in '/home/kirill/VNIIA/Projects/black_plat/build/t21_tracked' returned '0': CMAKE_PREFIX_PATH=${CMAKE_PREFIX_PATH}:/home/kirill/VNIIA/Projects/black_plat/install/t21_teleop:/opt/ros/humble /usr/bin/cmake --install /home/kirill/VNIIA/Projects/black_plat/build/t21_tracked
[0.927s] INFO:colcon.colcon_core.shell:Creating environment descriptor '/home/kirill/VNIIA/Projects/black_plat/install/t21_tracked/share/t21_tracked/hook/cmake_prefix_path.dsv'
[0.927s] INFO:colcon.colcon_core.shell:Creating environment hook '/home/kirill/VNIIA/Projects/black_plat/install/t21_tracked/share/t21_tracked/hook/cmake_prefix_path.sh'
[0.928s] Level 1:colcon.colcon_core.environment:checking '/home/kirill/VNIIA/Projects/black_plat/install/t21_tracked/lib'
[0.928s] Level 1:colcon.colcon_core.shell:create_environment_hook('t21_tracked', 'ld_library_path_lib')
[0.928s] INFO:colcon.colcon_core.shell:Creating environment hook '/home/kirill/VNIIA/Projects/black_plat/install/t21_tracked/share/t21_tracked/hook/ld_library_path_lib.ps1'
[0.929s] INFO:colcon.colcon_core.shell:Creating environment descriptor '/home/kirill/VNIIA/Projects/black_plat/install/t21_tracked/share/t21_tracked/hook/ld_library_path_lib.dsv'
[0.929s] INFO:colcon.colcon_core.shell:Creating environment hook '/home/kirill/VNIIA/Projects/black_plat/install/t21_tracked/share/t21_tracked/hook/ld_library_path_lib.sh'
[0.929s] Level 1:colcon.colcon_core.environment:checking '/home/kirill/VNIIA/Projects/black_plat/install/t21_tracked/bin'
[0.929s] Level 1:colcon.colcon_core.environment:checking '/home/kirill/VNIIA/Projects/black_plat/install/t21_tracked/lib/pkgconfig/t21_tracked.pc'
[0.930s] Level 1:colcon.colcon_core.environment:checking '/home/kirill/VNIIA/Projects/black_plat/install/t21_tracked/lib/python3.10/site-packages'
[0.930s] Level 1:colcon.colcon_core.environment:checking '/home/kirill/VNIIA/Projects/black_plat/install/t21_tracked/bin'
[0.930s] INFO:colcon.colcon_core.shell:Creating package script '/home/kirill/VNIIA/Projects/black_plat/install/t21_tracked/share/t21_tracked/package.ps1'
[0.931s] INFO:colcon.colcon_core.shell:Creating package descriptor '/home/kirill/VNIIA/Projects/black_plat/install/t21_tracked/share/t21_tracked/package.dsv'
[0.931s] INFO:colcon.colcon_core.shell:Creating package script '/home/kirill/VNIIA/Projects/black_plat/install/t21_tracked/share/t21_tracked/package.sh'
[0.932s] INFO:colcon.colcon_core.shell:Creating package script '/home/kirill/VNIIA/Projects/black_plat/install/t21_tracked/share/t21_tracked/package.bash'
[0.932s] INFO:colcon.colcon_core.shell:Creating package script '/home/kirill/VNIIA/Projects/black_plat/install/t21_tracked/share/t21_tracked/package.zsh'
[0.933s] Level 1:colcon.colcon_core.environment:create_file_with_runtime_dependencies(/home/kirill/VNIIA/Projects/black_plat/install/t21_tracked/share/colcon-core/packages/t21_tracked)
[0.933s] Level 1:colcon.colcon_core.environment:create_environment_scripts_only(t21_tracked)
[0.933s] Level 1:colcon.colcon_core.environment:checking '/home/kirill/VNIIA/Projects/black_plat/install/t21_tracked' for CMake module files
[0.934s] Level 1:colcon.colcon_core.environment:checking '/home/kirill/VNIIA/Projects/black_plat/install/t21_tracked' for CMake config files
[0.934s] Level 1:colcon.colcon_core.shell:create_environment_hook('t21_tracked', 'cmake_prefix_path')
[0.935s] INFO:colcon.colcon_core.shell:Creating environment hook '/home/kirill/VNIIA/Projects/black_plat/install/t21_tracked/share/t21_tracked/hook/cmake_prefix_path.ps1'
[0.935s] INFO:colcon.colcon_core.shell:Creating environment descriptor '/home/kirill/VNIIA/Projects/black_plat/install/t21_tracked/share/t21_tracked/hook/cmake_prefix_path.dsv'
[0.935s] INFO:colcon.colcon_core.shell:Creating environment hook '/home/kirill/VNIIA/Projects/black_plat/install/t21_tracked/share/t21_tracked/hook/cmake_prefix_path.sh'
[0.936s] Level 1:colcon.colcon_core.environment:checking '/home/kirill/VNIIA/Projects/black_plat/install/t21_tracked/lib'
[0.936s] Level 1:colcon.colcon_core.shell:create_environment_hook('t21_tracked', 'ld_library_path_lib')
[0.936s] INFO:colcon.colcon_core.shell:Creating environment hook '/home/kirill/VNIIA/Projects/black_plat/install/t21_tracked/share/t21_tracked/hook/ld_library_path_lib.ps1'
[0.937s] INFO:colcon.colcon_core.shell:Creating environment descriptor '/home/kirill/VNIIA/Projects/black_plat/install/t21_tracked/share/t21_tracked/hook/ld_library_path_lib.dsv'
[0.937s] INFO:colcon.colcon_core.shell:Creating environment hook '/home/kirill/VNIIA/Projects/black_plat/install/t21_tracked/share/t21_tracked/hook/ld_library_path_lib.sh'
[0.937s] Level 1:colcon.colcon_core.environment:checking '/home/kirill/VNIIA/Projects/black_plat/install/t21_tracked/bin'
[0.937s] Level 1:colcon.colcon_core.environment:checking '/home/kirill/VNIIA/Projects/black_plat/install/t21_tracked/lib/pkgconfig/t21_tracked.pc'
[0.938s] Level 1:colcon.colcon_core.environment:checking '/home/kirill/VNIIA/Projects/black_plat/install/t21_tracked/lib/python3.10/site-packages'
[0.938s] Level 1:colcon.colcon_core.environment:checking '/home/kirill/VNIIA/Projects/black_plat/install/t21_tracked/bin'
[0.938s] INFO:colcon.colcon_core.shell:Creating package script '/home/kirill/VNIIA/Projects/black_plat/install/t21_tracked/share/t21_tracked/package.ps1'
[0.939s] INFO:colcon.colcon_core.shell:Creating package descriptor '/home/kirill/VNIIA/Projects/black_plat/install/t21_tracked/share/t21_tracked/package.dsv'
[0.939s] INFO:colcon.colcon_core.shell:Creating package script '/home/kirill/VNIIA/Projects/black_plat/install/t21_tracked/share/t21_tracked/package.sh'
[0.940s] INFO:colcon.colcon_core.shell:Creating package script '/home/kirill/VNIIA/Projects/black_plat/install/t21_tracked/share/t21_tracked/package.bash'
[0.941s] INFO:colcon.colcon_core.shell:Creating package script '/home/kirill/VNIIA/Projects/black_plat/install/t21_tracked/share/t21_tracked/package.zsh'
[0.941s] Level 1:colcon.colcon_core.environment:create_file_with_runtime_dependencies(/home/kirill/VNIIA/Projects/black_plat/install/t21_tracked/share/colcon-core/packages/t21_tracked)
[0.942s] DEBUG:colcon.colcon_core.event_handler.log_command:Invoked command in '/home/kirill/VNIIA/Projects/black_plat/build/velodyne_simulator' returned '0': CMAKE_PREFIX_PATH=/home/kirill/VNIIA/Projects/black_plat/install/velodyne_gazebo_plugins:/home/kirill/VNIIA/Projects/black_plat/install/velodyne_description:/home/kirill/VNIIA/Projects/black_plat/install/velodyne_simulator:/home/kirill/VNIIA/Projects/black_plat/install/t21_sim:/home/kirill/VNIIA/Projects/black_plat/install/tracked_description:/home/kirill/VNIIA/Projects/black_plat/install/t21_tracked:/home/kirill/VNIIA/Projects/black_plat/install/t21_rtabmap:/home/kirill/VNIIA/Projects/black_plat/install/t21_navigation:/home/kirill/VNIIA/Projects/black_plat/install/t21_lidar:/home/kirill/VNIIA/Projects/black_plat/install/odometry_fus:/home/kirill/VNIIA/Projects/black_plat/install/lio_sam:/home/kirill/VNIIA/Projects/black_plat/install/bluespace_ai_xsens_mti_driver:/home/kirill/VNIIA/Projects/black_plat/install/t21_teleop:/opt/ros/humble /usr/bin/cmake --build /home/kirill/VNIIA/Projects/black_plat/build/velodyne_simulator -- -j8 -l8
[0.944s] DEBUG:colcon.colcon_core.event_handler.log_command:Invoking command in '/home/kirill/VNIIA/Projects/black_plat/build/velodyne_simulator': CMAKE_PREFIX_PATH=/home/kirill/VNIIA/Projects/black_plat/install/velodyne_gazebo_plugins:/home/kirill/VNIIA/Projects/black_plat/install/velodyne_description:/home/kirill/VNIIA/Projects/black_plat/install/velodyne_simulator:/home/kirill/VNIIA/Projects/black_plat/install/t21_sim:/home/kirill/VNIIA/Projects/black_plat/install/tracked_description:/home/kirill/VNIIA/Projects/black_plat/install/t21_tracked:/home/kirill/VNIIA/Projects/black_plat/install/t21_rtabmap:/home/kirill/VNIIA/Projects/black_plat/install/t21_navigation:/home/kirill/VNIIA/Projects/black_plat/install/t21_lidar:/home/kirill/VNIIA/Projects/black_plat/install/odometry_fus:/home/kirill/VNIIA/Projects/black_plat/install/lio_sam:/home/kirill/VNIIA/Projects/black_plat/install/bluespace_ai_xsens_mti_driver:/home/kirill/VNIIA/Projects/black_plat/install/t21_teleop:/opt/ros/humble /usr/bin/cmake --install /home/kirill/VNIIA/Projects/black_plat/build/velodyne_simulator
[0.953s] DEBUG:colcon.colcon_core.event_handler.log_command:Invoked command in '/home/kirill/VNIIA/Projects/black_plat/build/tracked_description' returned '0': CMAKE_PREFIX_PATH=/home/kirill/VNIIA/Projects/black_plat/install/bluespace_ai_xsens_mti_driver:/home/kirill/VNIIA/Projects/black_plat/install/velodyne_simulator:/home/kirill/VNIIA/Projects/black_plat/install/velodyne_gazebo_plugins:/home/kirill/VNIIA/Projects/black_plat/install/velodyne_description:/home/kirill/VNIIA/Projects/black_plat/install/t21_sim:/home/kirill/VNIIA/Projects/black_plat/install/tracked_description:/home/kirill/VNIIA/Projects/black_plat/install/t21_tracked:/home/kirill/VNIIA/Projects/black_plat/install/t21_rtabmap:/home/kirill/VNIIA/Projects/black_plat/install/t21_navigation:/home/kirill/VNIIA/Projects/black_plat/install/t21_lidar:/home/kirill/VNIIA/Projects/black_plat/install/odometry_fus:/home/kirill/VNIIA/Projects/black_plat/install/lio_sam:/home/kirill/VNIIA/Projects/black_plat/install/t21_teleop:/opt/ros/humble /usr/bin/cmake --build /home/kirill/VNIIA/Projects/black_plat/build/tracked_description -- -j8 -l8
[0.957s] DEBUG:colcon.colcon_core.event_handler.log_command:Invoking command in '/home/kirill/VNIIA/Projects/black_plat/build/tracked_description': CMAKE_PREFIX_PATH=/home/kirill/VNIIA/Projects/black_plat/install/bluespace_ai_xsens_mti_driver:/home/kirill/VNIIA/Projects/black_plat/install/velodyne_simulator:/home/kirill/VNIIA/Projects/black_plat/install/velodyne_gazebo_plugins:/home/kirill/VNIIA/Projects/black_plat/install/velodyne_description:/home/kirill/VNIIA/Projects/black_plat/install/t21_sim:/home/kirill/VNIIA/Projects/black_plat/install/tracked_description:/home/kirill/VNIIA/Projects/black_plat/install/t21_tracked:/home/kirill/VNIIA/Projects/black_plat/install/t21_rtabmap:/home/kirill/VNIIA/Projects/black_plat/install/t21_navigation:/home/kirill/VNIIA/Projects/black_plat/install/t21_lidar:/home/kirill/VNIIA/Projects/black_plat/install/odometry_fus:/home/kirill/VNIIA/Projects/black_plat/install/lio_sam:/home/kirill/VNIIA/Projects/black_plat/install/t21_teleop:/opt/ros/humble /usr/bin/cmake --install /home/kirill/VNIIA/Projects/black_plat/build/tracked_description
[0.958s] Level 1:colcon.colcon_core.environment:create_environment_scripts_only(velodyne_simulator)
[0.958s] Level 1:colcon.colcon_core.environment:checking '/home/kirill/VNIIA/Projects/black_plat/install/velodyne_simulator' for CMake module files
[0.959s] DEBUG:colcon.colcon_core.event_handler.log_command:Invoked command in '/home/kirill/VNIIA/Projects/black_plat/build/velodyne_simulator' returned '0': CMAKE_PREFIX_PATH=/home/kirill/VNIIA/Projects/black_plat/install/velodyne_gazebo_plugins:/home/kirill/VNIIA/Projects/black_plat/install/velodyne_description:/home/kirill/VNIIA/Projects/black_plat/install/velodyne_simulator:/home/kirill/VNIIA/Projects/black_plat/install/t21_sim:/home/kirill/VNIIA/Projects/black_plat/install/tracked_description:/home/kirill/VNIIA/Projects/black_plat/install/t21_tracked:/home/kirill/VNIIA/Projects/black_plat/install/t21_rtabmap:/home/kirill/VNIIA/Projects/black_plat/install/t21_navigation:/home/kirill/VNIIA/Projects/black_plat/install/t21_lidar:/home/kirill/VNIIA/Projects/black_plat/install/odometry_fus:/home/kirill/VNIIA/Projects/black_plat/install/lio_sam:/home/kirill/VNIIA/Projects/black_plat/install/bluespace_ai_xsens_mti_driver:/home/kirill/VNIIA/Projects/black_plat/install/t21_teleop:/opt/ros/humble /usr/bin/cmake --install /home/kirill/VNIIA/Projects/black_plat/build/velodyne_simulator
[0.960s] Level 1:colcon.colcon_core.environment:checking '/home/kirill/VNIIA/Projects/black_plat/install/velodyne_simulator' for CMake config files
[0.960s] Level 1:colcon.colcon_core.shell:create_environment_hook('velodyne_simulator', 'cmake_prefix_path')
[0.961s] INFO:colcon.colcon_core.shell:Creating environment hook '/home/kirill/VNIIA/Projects/black_plat/install/velodyne_simulator/share/velodyne_simulator/hook/cmake_prefix_path.ps1'
[0.961s] INFO:colcon.colcon_core.shell:Creating environment descriptor '/home/kirill/VNIIA/Projects/black_plat/install/velodyne_simulator/share/velodyne_simulator/hook/cmake_prefix_path.dsv'
[0.962s] INFO:colcon.colcon_core.shell:Creating environment hook '/home/kirill/VNIIA/Projects/black_plat/install/velodyne_simulator/share/velodyne_simulator/hook/cmake_prefix_path.sh'
[0.962s] Level 1:colcon.colcon_core.environment:checking '/home/kirill/VNIIA/Projects/black_plat/install/velodyne_simulator/bin'
[0.962s] Level 1:colcon.colcon_core.environment:checking '/home/kirill/VNIIA/Projects/black_plat/install/velodyne_simulator/lib/pkgconfig/velodyne_simulator.pc'
[0.963s] Level 1:colcon.colcon_core.environment:checking '/home/kirill/VNIIA/Projects/black_plat/install/velodyne_simulator/lib/python3.10/site-packages'
[0.963s] Level 1:colcon.colcon_core.environment:checking '/home/kirill/VNIIA/Projects/black_plat/install/velodyne_simulator/bin'
[0.963s] INFO:colcon.colcon_core.shell:Creating package script '/home/kirill/VNIIA/Projects/black_plat/install/velodyne_simulator/share/velodyne_simulator/package.ps1'
[0.964s] INFO:colcon.colcon_core.shell:Creating package descriptor '/home/kirill/VNIIA/Projects/black_plat/install/velodyne_simulator/share/velodyne_simulator/package.dsv'
[0.965s] INFO:colcon.colcon_core.shell:Creating package script '/home/kirill/VNIIA/Projects/black_plat/install/velodyne_simulator/share/velodyne_simulator/package.sh'
[0.965s] INFO:colcon.colcon_core.shell:Creating package script '/home/kirill/VNIIA/Projects/black_plat/install/velodyne_simulator/share/velodyne_simulator/package.bash'
[0.966s] INFO:colcon.colcon_core.shell:Creating package script '/home/kirill/VNIIA/Projects/black_plat/install/velodyne_simulator/share/velodyne_simulator/package.zsh'
[0.966s] Level 1:colcon.colcon_core.environment:create_file_with_runtime_dependencies(/home/kirill/VNIIA/Projects/black_plat/install/velodyne_simulator/share/colcon-core/packages/velodyne_simulator)
[0.967s] Level 1:colcon.colcon_core.environment:create_environment_scripts_only(velodyne_simulator)
[0.968s] Level 1:colcon.colcon_core.environment:checking '/home/kirill/VNIIA/Projects/black_plat/install/velodyne_simulator' for CMake module files
[0.971s] Level 1:colcon.colcon_core.environment:checking '/home/kirill/VNIIA/Projects/black_plat/install/velodyne_simulator' for CMake config files
[0.971s] Level 1:colcon.colcon_core.shell:create_environment_hook('velodyne_simulator', 'cmake_prefix_path')
[0.971s] INFO:colcon.colcon_core.shell:Creating environment hook '/home/kirill/VNIIA/Projects/black_plat/install/velodyne_simulator/share/velodyne_simulator/hook/cmake_prefix_path.ps1'
[0.972s] INFO:colcon.colcon_core.shell:Creating environment descriptor '/home/kirill/VNIIA/Projects/black_plat/install/velodyne_simulator/share/velodyne_simulator/hook/cmake_prefix_path.dsv'
[0.972s] INFO:colcon.colcon_core.shell:Creating environment hook '/home/kirill/VNIIA/Projects/black_plat/install/velodyne_simulator/share/velodyne_simulator/hook/cmake_prefix_path.sh'
[0.973s] Level 1:colcon.colcon_core.environment:checking '/home/kirill/VNIIA/Projects/black_plat/install/velodyne_simulator/bin'
[0.973s] Level 1:colcon.colcon_core.environment:checking '/home/kirill/VNIIA/Projects/black_plat/install/velodyne_simulator/lib/pkgconfig/velodyne_simulator.pc'
[0.973s] Level 1:colcon.colcon_core.environment:checking '/home/kirill/VNIIA/Projects/black_plat/install/velodyne_simulator/lib/python3.10/site-packages'
[0.973s] Level 1:colcon.colcon_core.environment:checking '/home/kirill/VNIIA/Projects/black_plat/install/velodyne_simulator/bin'
[0.973s] INFO:colcon.colcon_core.shell:Creating package script '/home/kirill/VNIIA/Projects/black_plat/install/velodyne_simulator/share/velodyne_simulator/package.ps1'
[0.973s] INFO:colcon.colcon_core.shell:Creating package descriptor '/home/kirill/VNIIA/Projects/black_plat/install/velodyne_simulator/share/velodyne_simulator/package.dsv'
[0.974s] INFO:colcon.colcon_core.shell:Creating package script '/home/kirill/VNIIA/Projects/black_plat/install/velodyne_simulator/share/velodyne_simulator/package.sh'
[0.974s] INFO:colcon.colcon_core.shell:Creating package script '/home/kirill/VNIIA/Projects/black_plat/install/velodyne_simulator/share/velodyne_simulator/package.bash'
[0.974s] INFO:colcon.colcon_core.shell:Creating package script '/home/kirill/VNIIA/Projects/black_plat/install/velodyne_simulator/share/velodyne_simulator/package.zsh'
[0.975s] Level 1:colcon.colcon_core.environment:create_file_with_runtime_dependencies(/home/kirill/VNIIA/Projects/black_plat/install/velodyne_simulator/share/colcon-core/packages/velodyne_simulator)
[0.976s] Level 1:colcon.colcon_core.environment:create_environment_scripts_only(tracked_description)
[0.976s] Level 1:colcon.colcon_core.environment:checking '/home/kirill/VNIIA/Projects/black_plat/install/tracked_description' for CMake module files
[0.976s] DEBUG:colcon.colcon_core.event_handler.log_command:Invoked command in '/home/kirill/VNIIA/Projects/black_plat/build/tracked_description' returned '0': CMAKE_PREFIX_PATH=/home/kirill/VNIIA/Projects/black_plat/install/bluespace_ai_xsens_mti_driver:/home/kirill/VNIIA/Projects/black_plat/install/velodyne_simulator:/home/kirill/VNIIA/Projects/black_plat/install/velodyne_gazebo_plugins:/home/kirill/VNIIA/Projects/black_plat/install/velodyne_description:/home/kirill/VNIIA/Projects/black_plat/install/t21_sim:/home/kirill/VNIIA/Projects/black_plat/install/tracked_description:/home/kirill/VNIIA/Projects/black_plat/install/t21_tracked:/home/kirill/VNIIA/Projects/black_plat/install/t21_rtabmap:/home/kirill/VNIIA/Projects/black_plat/install/t21_navigation:/home/kirill/VNIIA/Projects/black_plat/install/t21_lidar:/home/kirill/VNIIA/Projects/black_plat/install/odometry_fus:/home/kirill/VNIIA/Projects/black_plat/install/lio_sam:/home/kirill/VNIIA/Projects/black_plat/install/t21_teleop:/opt/ros/humble /usr/bin/cmake --install /home/kirill/VNIIA/Projects/black_plat/build/tracked_description
[0.977s] Level 1:colcon.colcon_core.environment:checking '/home/kirill/VNIIA/Projects/black_plat/install/tracked_description' for CMake config files
[0.977s] Level 1:colcon.colcon_core.shell:create_environment_hook('tracked_description', 'cmake_prefix_path')
[0.977s] INFO:colcon.colcon_core.shell:Creating environment hook '/home/kirill/VNIIA/Projects/black_plat/install/tracked_description/share/tracked_description/hook/cmake_prefix_path.ps1'
[0.978s] INFO:colcon.colcon_core.shell:Creating environment descriptor '/home/kirill/VNIIA/Projects/black_plat/install/tracked_description/share/tracked_description/hook/cmake_prefix_path.dsv'
[0.978s] INFO:colcon.colcon_core.shell:Creating environment hook '/home/kirill/VNIIA/Projects/black_plat/install/tracked_description/share/tracked_description/hook/cmake_prefix_path.sh'
[0.978s] Level 1:colcon.colcon_core.environment:checking '/home/kirill/VNIIA/Projects/black_plat/install/tracked_description/lib'
[0.979s] Level 1:colcon.colcon_core.environment:checking '/home/kirill/VNIIA/Projects/black_plat/install/tracked_description/bin'
[0.979s] Level 1:colcon.colcon_core.environment:checking '/home/kirill/VNIIA/Projects/black_plat/install/tracked_description/lib/pkgconfig/tracked_description.pc'
[0.979s] Level 1:colcon.colcon_core.environment:checking '/home/kirill/VNIIA/Projects/black_plat/install/tracked_description/lib/python3.10/site-packages'
[0.979s] Level 1:colcon.colcon_core.environment:checking '/home/kirill/VNIIA/Projects/black_plat/install/tracked_description/bin'
[0.979s] INFO:colcon.colcon_core.shell:Creating package script '/home/kirill/VNIIA/Projects/black_plat/install/tracked_description/share/tracked_description/package.ps1'
[0.979s] INFO:colcon.colcon_core.shell:Creating package descriptor '/home/kirill/VNIIA/Projects/black_plat/install/tracked_description/share/tracked_description/package.dsv'
[0.980s] INFO:colcon.colcon_core.shell:Creating package script '/home/kirill/VNIIA/Projects/black_plat/install/tracked_description/share/tracked_description/package.sh'
[0.980s] INFO:colcon.colcon_core.shell:Creating package script '/home/kirill/VNIIA/Projects/black_plat/install/tracked_description/share/tracked_description/package.bash'
[0.980s] INFO:colcon.colcon_core.shell:Creating package script '/home/kirill/VNIIA/Projects/black_plat/install/tracked_description/share/tracked_description/package.zsh'
[0.980s] Level 1:colcon.colcon_core.environment:create_file_with_runtime_dependencies(/home/kirill/VNIIA/Projects/black_plat/install/tracked_description/share/colcon-core/packages/tracked_description)
[0.981s] Level 1:colcon.colcon_core.environment:create_environment_scripts_only(tracked_description)
[0.981s] Level 1:colcon.colcon_core.environment:checking '/home/kirill/VNIIA/Projects/black_plat/install/tracked_description' for CMake module files
[0.981s] Level 1:colcon.colcon_core.environment:checking '/home/kirill/VNIIA/Projects/black_plat/install/tracked_description' for CMake config files
[0.981s] Level 1:colcon.colcon_core.shell:create_environment_hook('tracked_description', 'cmake_prefix_path')
[0.982s] INFO:colcon.colcon_core.shell:Creating environment hook '/home/kirill/VNIIA/Projects/black_plat/install/tracked_description/share/tracked_description/hook/cmake_prefix_path.ps1'
[0.982s] INFO:colcon.colcon_core.shell:Creating environment descriptor '/home/kirill/VNIIA/Projects/black_plat/install/tracked_description/share/tracked_description/hook/cmake_prefix_path.dsv'
[0.982s] INFO:colcon.colcon_core.shell:Creating environment hook '/home/kirill/VNIIA/Projects/black_plat/install/tracked_description/share/tracked_description/hook/cmake_prefix_path.sh'
[0.983s] Level 1:colcon.colcon_core.environment:checking '/home/kirill/VNIIA/Projects/black_plat/install/tracked_description/lib'
[0.983s] Level 1:colcon.colcon_core.environment:checking '/home/kirill/VNIIA/Projects/black_plat/install/tracked_description/bin'
[0.983s] Level 1:colcon.colcon_core.environment:checking '/home/kirill/VNIIA/Projects/black_plat/install/tracked_description/lib/pkgconfig/tracked_description.pc'
[0.983s] Level 1:colcon.colcon_core.environment:checking '/home/kirill/VNIIA/Projects/black_plat/install/tracked_description/lib/python3.10/site-packages'
[0.983s] Level 1:colcon.colcon_core.environment:checking '/home/kirill/VNIIA/Projects/black_plat/install/tracked_description/bin'
[0.984s] INFO:colcon.colcon_core.shell:Creating package script '/home/kirill/VNIIA/Projects/black_plat/install/tracked_description/share/tracked_description/package.ps1'
[0.984s] INFO:colcon.colcon_core.shell:Creating package descriptor '/home/kirill/VNIIA/Projects/black_plat/install/tracked_description/share/tracked_description/package.dsv'
[0.985s] INFO:colcon.colcon_core.shell:Creating package script '/home/kirill/VNIIA/Projects/black_plat/install/tracked_description/share/tracked_description/package.sh'
[0.985s] INFO:colcon.colcon_core.shell:Creating package script '/home/kirill/VNIIA/Projects/black_plat/install/tracked_description/share/tracked_description/package.bash'
[0.985s] INFO:colcon.colcon_core.shell:Creating package script '/home/kirill/VNIIA/Projects/black_plat/install/tracked_description/share/tracked_description/package.zsh'
[0.986s] Level 1:colcon.colcon_core.environment:create_file_with_runtime_dependencies(/home/kirill/VNIIA/Projects/black_plat/install/tracked_description/share/colcon-core/packages/tracked_description)
[0.986s] INFO:colcon.colcon_ros.task.ament_cmake.build:Building ROS package in '/home/kirill/VNIIA/Projects/black_plat/src/t21_sim' with build type 'ament_cmake'
[0.986s] INFO:colcon.colcon_cmake.task.cmake.build:Building CMake package in '/home/kirill/VNIIA/Projects/black_plat/src/t21_sim'
[0.986s] INFO:colcon.colcon_core.shell:Skip shell extension 'powershell' for command environment: Not usable outside of PowerShell
[0.986s] DEBUG:colcon.colcon_core.shell:Skip shell extension 'dsv' for command environment
[0.996s] DEBUG:colcon.colcon_core.event_handler.log_command:Invoking command in '/home/kirill/VNIIA/Projects/black_plat/build/t21_sim': CMAKE_PREFIX_PATH=/home/kirill/VNIIA/Projects/black_plat/install/tracked_description:/home/kirill/VNIIA/Projects/black_plat/install/odometry_fus:/home/kirill/VNIIA/Projects/black_plat/install/bluespace_ai_xsens_mti_driver:/home/kirill/VNIIA/Projects/black_plat/install/velodyne_simulator:/home/kirill/VNIIA/Projects/black_plat/install/velodyne_gazebo_plugins:/home/kirill/VNIIA/Projects/black_plat/install/velodyne_description:/home/kirill/VNIIA/Projects/black_plat/install/t21_sim:/home/kirill/VNIIA/Projects/black_plat/install/t21_tracked:/home/kirill/VNIIA/Projects/black_plat/install/t21_rtabmap:/home/kirill/VNIIA/Projects/black_plat/install/t21_navigation:/home/kirill/VNIIA/Projects/black_plat/install/t21_lidar:/home/kirill/VNIIA/Projects/black_plat/install/lio_sam:/home/kirill/VNIIA/Projects/black_plat/install/t21_teleop:/opt/ros/humble /usr/bin/cmake --build /home/kirill/VNIIA/Projects/black_plat/build/t21_sim -- -j8 -l8
[1.027s] DEBUG:colcon.colcon_core.event_handler.log_command:Invoked command in '/home/kirill/VNIIA/Projects/black_plat/build/t21_sim' returned '0': CMAKE_PREFIX_PATH=/home/kirill/VNIIA/Projects/black_plat/install/tracked_description:/home/kirill/VNIIA/Projects/black_plat/install/odometry_fus:/home/kirill/VNIIA/Projects/black_plat/install/bluespace_ai_xsens_mti_driver:/home/kirill/VNIIA/Projects/black_plat/install/velodyne_simulator:/home/kirill/VNIIA/Projects/black_plat/install/velodyne_gazebo_plugins:/home/kirill/VNIIA/Projects/black_plat/install/velodyne_description:/home/kirill/VNIIA/Projects/black_plat/install/t21_sim:/home/kirill/VNIIA/Projects/black_plat/install/t21_tracked:/home/kirill/VNIIA/Projects/black_plat/install/t21_rtabmap:/home/kirill/VNIIA/Projects/black_plat/install/t21_navigation:/home/kirill/VNIIA/Projects/black_plat/install/t21_lidar:/home/kirill/VNIIA/Projects/black_plat/install/lio_sam:/home/kirill/VNIIA/Projects/black_plat/install/t21_teleop:/opt/ros/humble /usr/bin/cmake --build /home/kirill/VNIIA/Projects/black_plat/build/t21_sim -- -j8 -l8
[1.029s] DEBUG:colcon.colcon_core.event_handler.log_command:Invoking command in '/home/kirill/VNIIA/Projects/black_plat/build/t21_sim': CMAKE_PREFIX_PATH=/home/kirill/VNIIA/Projects/black_plat/install/tracked_description:/home/kirill/VNIIA/Projects/black_plat/install/odometry_fus:/home/kirill/VNIIA/Projects/black_plat/install/bluespace_ai_xsens_mti_driver:/home/kirill/VNIIA/Projects/black_plat/install/velodyne_simulator:/home/kirill/VNIIA/Projects/black_plat/install/velodyne_gazebo_plugins:/home/kirill/VNIIA/Projects/black_plat/install/velodyne_description:/home/kirill/VNIIA/Projects/black_plat/install/t21_sim:/home/kirill/VNIIA/Projects/black_plat/install/t21_tracked:/home/kirill/VNIIA/Projects/black_plat/install/t21_rtabmap:/home/kirill/VNIIA/Projects/black_plat/install/t21_navigation:/home/kirill/VNIIA/Projects/black_plat/install/t21_lidar:/home/kirill/VNIIA/Projects/black_plat/install/lio_sam:/home/kirill/VNIIA/Projects/black_plat/install/t21_teleop:/opt/ros/humble /usr/bin/cmake --install /home/kirill/VNIIA/Projects/black_plat/build/t21_sim
[1.039s] Level 1:colcon.colcon_core.environment:create_environment_scripts_only(t21_sim)
[1.039s] Level 1:colcon.colcon_core.environment:checking '/home/kirill/VNIIA/Projects/black_plat/install/t21_sim' for CMake module files
[1.040s] DEBUG:colcon.colcon_core.event_handler.log_command:Invoked command in '/home/kirill/VNIIA/Projects/black_plat/build/t21_sim' returned '0': CMAKE_PREFIX_PATH=/home/kirill/VNIIA/Projects/black_plat/install/tracked_description:/home/kirill/VNIIA/Projects/black_plat/install/odometry_fus:/home/kirill/VNIIA/Projects/black_plat/install/bluespace_ai_xsens_mti_driver:/home/kirill/VNIIA/Projects/black_plat/install/velodyne_simulator:/home/kirill/VNIIA/Projects/black_plat/install/velodyne_gazebo_plugins:/home/kirill/VNIIA/Projects/black_plat/install/velodyne_description:/home/kirill/VNIIA/Projects/black_plat/install/t21_sim:/home/kirill/VNIIA/Projects/black_plat/install/t21_tracked:/home/kirill/VNIIA/Projects/black_plat/install/t21_rtabmap:/home/kirill/VNIIA/Projects/black_plat/install/t21_navigation:/home/kirill/VNIIA/Projects/black_plat/install/t21_lidar:/home/kirill/VNIIA/Projects/black_plat/install/lio_sam:/home/kirill/VNIIA/Projects/black_plat/install/t21_teleop:/opt/ros/humble /usr/bin/cmake --install /home/kirill/VNIIA/Projects/black_plat/build/t21_sim
[1.040s] Level 1:colcon.colcon_core.environment:checking '/home/kirill/VNIIA/Projects/black_plat/install/t21_sim' for CMake config files
[1.040s] Level 1:colcon.colcon_core.shell:create_environment_hook('t21_sim', 'cmake_prefix_path')
[1.040s] INFO:colcon.colcon_core.shell:Creating environment hook '/home/kirill/VNIIA/Projects/black_plat/install/t21_sim/share/t21_sim/hook/cmake_prefix_path.ps1'
[1.041s] INFO:colcon.colcon_core.shell:Creating environment descriptor '/home/kirill/VNIIA/Projects/black_plat/install/t21_sim/share/t21_sim/hook/cmake_prefix_path.dsv'
[1.041s] INFO:colcon.colcon_core.shell:Creating environment hook '/home/kirill/VNIIA/Projects/black_plat/install/t21_sim/share/t21_sim/hook/cmake_prefix_path.sh'
[1.041s] Level 1:colcon.colcon_core.environment:checking '/home/kirill/VNIIA/Projects/black_plat/install/t21_sim/bin'
[1.041s] Level 1:colcon.colcon_core.environment:checking '/home/kirill/VNIIA/Projects/black_plat/install/t21_sim/lib/pkgconfig/t21_sim.pc'
[1.041s] Level 1:colcon.colcon_core.environment:checking '/home/kirill/VNIIA/Projects/black_plat/install/t21_sim/lib/python3.10/site-packages'
[1.042s] Level 1:colcon.colcon_core.environment:checking '/home/kirill/VNIIA/Projects/black_plat/install/t21_sim/bin'
[1.042s] INFO:colcon.colcon_core.shell:Creating package script '/home/kirill/VNIIA/Projects/black_plat/install/t21_sim/share/t21_sim/package.ps1'
[1.042s] INFO:colcon.colcon_core.shell:Creating package descriptor '/home/kirill/VNIIA/Projects/black_plat/install/t21_sim/share/t21_sim/package.dsv'
[1.042s] INFO:colcon.colcon_core.shell:Creating package script '/home/kirill/VNIIA/Projects/black_plat/install/t21_sim/share/t21_sim/package.sh'
[1.043s] INFO:colcon.colcon_core.shell:Creating package script '/home/kirill/VNIIA/Projects/black_plat/install/t21_sim/share/t21_sim/package.bash'
[1.043s] INFO:colcon.colcon_core.shell:Creating package script '/home/kirill/VNIIA/Projects/black_plat/install/t21_sim/share/t21_sim/package.zsh'
[1.043s] Level 1:colcon.colcon_core.environment:create_file_with_runtime_dependencies(/home/kirill/VNIIA/Projects/black_plat/install/t21_sim/share/colcon-core/packages/t21_sim)
[1.043s] Level 1:colcon.colcon_core.environment:create_environment_scripts_only(t21_sim)
[1.044s] Level 1:colcon.colcon_core.environment:checking '/home/kirill/VNIIA/Projects/black_plat/install/t21_sim' for CMake module files
[1.044s] Level 1:colcon.colcon_core.environment:checking '/home/kirill/VNIIA/Projects/black_plat/install/t21_sim' for CMake config files
[1.044s] Level 1:colcon.colcon_core.shell:create_environment_hook('t21_sim', 'cmake_prefix_path')
[1.044s] INFO:colcon.colcon_core.shell:Creating environment hook '/home/kirill/VNIIA/Projects/black_plat/install/t21_sim/share/t21_sim/hook/cmake_prefix_path.ps1'
[1.044s] INFO:colcon.colcon_core.shell:Creating environment descriptor '/home/kirill/VNIIA/Projects/black_plat/install/t21_sim/share/t21_sim/hook/cmake_prefix_path.dsv'
[1.045s] INFO:colcon.colcon_core.shell:Creating environment hook '/home/kirill/VNIIA/Projects/black_plat/install/t21_sim/share/t21_sim/hook/cmake_prefix_path.sh'
[1.045s] Level 1:colcon.colcon_core.environment:checking '/home/kirill/VNIIA/Projects/black_plat/install/t21_sim/bin'
[1.045s] Level 1:colcon.colcon_core.environment:checking '/home/kirill/VNIIA/Projects/black_plat/install/t21_sim/lib/pkgconfig/t21_sim.pc'
[1.045s] Level 1:colcon.colcon_core.environment:checking '/home/kirill/VNIIA/Projects/black_plat/install/t21_sim/lib/python3.10/site-packages'
[1.045s] Level 1:colcon.colcon_core.environment:checking '/home/kirill/VNIIA/Projects/black_plat/install/t21_sim/bin'
[1.045s] INFO:colcon.colcon_core.shell:Creating package script '/home/kirill/VNIIA/Projects/black_plat/install/t21_sim/share/t21_sim/package.ps1'
[1.046s] INFO:colcon.colcon_core.shell:Creating package descriptor '/home/kirill/VNIIA/Projects/black_plat/install/t21_sim/share/t21_sim/package.dsv'
[1.046s] INFO:colcon.colcon_core.shell:Creating package script '/home/kirill/VNIIA/Projects/black_plat/install/t21_sim/share/t21_sim/package.sh'
[1.046s] INFO:colcon.colcon_core.shell:Creating package script '/home/kirill/VNIIA/Projects/black_plat/install/t21_sim/share/t21_sim/package.bash'
[1.047s] INFO:colcon.colcon_core.shell:Creating package script '/home/kirill/VNIIA/Projects/black_plat/install/t21_sim/share/t21_sim/package.zsh'
[1.047s] Level 1:colcon.colcon_core.environment:create_file_with_runtime_dependencies(/home/kirill/VNIIA/Projects/black_plat/install/t21_sim/share/colcon-core/packages/t21_sim)
[1.329s] DEBUG:colcon.colcon_core.event_handler.log_command:Invoking command in '/home/kirill/VNIIA/Projects/black_plat/src/t21_teleop': PYTHONPATH=/home/kirill/VNIIA/Projects/black_plat/build/t21_teleop/prefix_override:/usr/lib/python3/dist-packages/colcon_core/task/python/colcon_distutils_commands:/home/kirill/VNIIA/Projects/black_plat/install/t21_teleop/lib/python3.10/site-packages:${PYTHONPATH} /usr/bin/python3 -W ignore:setup.py install is deprecated -W ignore:easy_install command is deprecated setup.py egg_info --egg-base ../../build/t21_teleop build --build-base /home/kirill/VNIIA/Projects/black_plat/build/t21_teleop/build install --record /home/kirill/VNIIA/Projects/black_plat/build/t21_teleop/install.log --single-version-externally-managed install_data
[1.573s] Level 1:colcon.colcon_core.environment:checking '/home/kirill/VNIIA/Projects/black_plat/install/t21_teleop' for CMake module files
[1.573s] DEBUG:colcon.colcon_core.event_handler.log_command:Invoked command in '/home/kirill/VNIIA/Projects/black_plat/src/t21_teleop' returned '0': PYTHONPATH=/home/kirill/VNIIA/Projects/black_plat/build/t21_teleop/prefix_override:/usr/lib/python3/dist-packages/colcon_core/task/python/colcon_distutils_commands:/home/kirill/VNIIA/Projects/black_plat/install/t21_teleop/lib/python3.10/site-packages:${PYTHONPATH} /usr/bin/python3 -W ignore:setup.py install is deprecated -W ignore:easy_install command is deprecated setup.py egg_info --egg-base ../../build/t21_teleop build --build-base /home/kirill/VNIIA/Projects/black_plat/build/t21_teleop/build install --record /home/kirill/VNIIA/Projects/black_plat/build/t21_teleop/install.log --single-version-externally-managed install_data
[1.574s] Level 1:colcon.colcon_core.environment:checking '/home/kirill/VNIIA/Projects/black_plat/install/t21_teleop' for CMake config files
[1.574s] Level 1:colcon.colcon_core.environment:checking '/home/kirill/VNIIA/Projects/black_plat/install/t21_teleop/lib'
[1.574s] Level 1:colcon.colcon_core.environment:checking '/home/kirill/VNIIA/Projects/black_plat/install/t21_teleop/bin'
[1.575s] Level 1:colcon.colcon_core.environment:checking '/home/kirill/VNIIA/Projects/black_plat/install/t21_teleop/lib/pkgconfig/t21_teleop.pc'
[1.575s] Level 1:colcon.colcon_core.environment:checking '/home/kirill/VNIIA/Projects/black_plat/install/t21_teleop/lib/python3.10/site-packages'
[1.575s] Level 1:colcon.colcon_core.shell:create_environment_hook('t21_teleop', 'pythonpath')
[1.575s] INFO:colcon.colcon_core.shell:Creating environment hook '/home/kirill/VNIIA/Projects/black_plat/install/t21_teleop/share/t21_teleop/hook/pythonpath.ps1'
[1.576s] INFO:colcon.colcon_core.shell:Creating environment descriptor '/home/kirill/VNIIA/Projects/black_plat/install/t21_teleop/share/t21_teleop/hook/pythonpath.dsv'
[1.576s] INFO:colcon.colcon_core.shell:Creating environment hook '/home/kirill/VNIIA/Projects/black_plat/install/t21_teleop/share/t21_teleop/hook/pythonpath.sh'
[1.577s] Level 1:colcon.colcon_core.environment:checking '/home/kirill/VNIIA/Projects/black_plat/install/t21_teleop/bin'
[1.577s] Level 1:colcon.colcon_core.environment:create_environment_scripts_only(t21_teleop)
[1.577s] INFO:colcon.colcon_core.shell:Creating package script '/home/kirill/VNIIA/Projects/black_plat/install/t21_teleop/share/t21_teleop/package.ps1'
[1.578s] INFO:colcon.colcon_core.shell:Creating package descriptor '/home/kirill/VNIIA/Projects/black_plat/install/t21_teleop/share/t21_teleop/package.dsv'
[1.578s] INFO:colcon.colcon_core.shell:Creating package script '/home/kirill/VNIIA/Projects/black_plat/install/t21_teleop/share/t21_teleop/package.sh'
[1.579s] INFO:colcon.colcon_core.shell:Creating package script '/home/kirill/VNIIA/Projects/black_plat/install/t21_teleop/share/t21_teleop/package.bash'
[1.579s] INFO:colcon.colcon_core.shell:Creating package script '/home/kirill/VNIIA/Projects/black_plat/install/t21_teleop/share/t21_teleop/package.zsh'
[1.579s] Level 1:colcon.colcon_core.environment:create_file_with_runtime_dependencies(/home/kirill/VNIIA/Projects/black_plat/install/t21_teleop/share/colcon-core/packages/t21_teleop)
[34.987s] DEBUG:colcon.colcon_core.event_handler.log_command:Invoked command in '/home/kirill/VNIIA/Projects/black_plat/build/lio_sam' returned '2': CMAKE_PREFIX_PATH=${CMAKE_PREFIX_PATH}:/home/kirill/VNIIA/Projects/black_plat/install/t21_teleop:/opt/ros/humble /usr/bin/cmake --build /home/kirill/VNIIA/Projects/black_plat/build/lio_sam -- -j8 -l8
[34.988s] Level 1:colcon.colcon_core.environment:create_environment_scripts_only(lio_sam)
[34.988s] Level 1:colcon.colcon_core.environment:checking '/home/kirill/VNIIA/Projects/black_plat/install/lio_sam' for CMake module files
[34.988s] Level 1:colcon.colcon_core.environment:checking '/home/kirill/VNIIA/Projects/black_plat/install/lio_sam' for CMake config files
[34.988s] Level 1:colcon.colcon_core.shell:create_environment_hook('lio_sam', 'cmake_prefix_path')
[34.989s] INFO:colcon.colcon_core.shell:Creating environment hook '/home/kirill/VNIIA/Projects/black_plat/install/lio_sam/share/lio_sam/hook/cmake_prefix_path.ps1'
[34.989s] INFO:colcon.colcon_core.shell:Creating environment descriptor '/home/kirill/VNIIA/Projects/black_plat/install/lio_sam/share/lio_sam/hook/cmake_prefix_path.dsv'
[34.989s] INFO:colcon.colcon_core.shell:Creating environment hook '/home/kirill/VNIIA/Projects/black_plat/install/lio_sam/share/lio_sam/hook/cmake_prefix_path.sh'
[34.990s] Level 1:colcon.colcon_core.environment:checking '/home/kirill/VNIIA/Projects/black_plat/install/lio_sam/lib'
[34.990s] Level 1:colcon.colcon_core.shell:create_environment_hook('lio_sam', 'ld_library_path_lib')
[34.990s] INFO:colcon.colcon_core.shell:Creating environment hook '/home/kirill/VNIIA/Projects/black_plat/install/lio_sam/share/lio_sam/hook/ld_library_path_lib.ps1'
[34.990s] INFO:colcon.colcon_core.shell:Creating environment descriptor '/home/kirill/VNIIA/Projects/black_plat/install/lio_sam/share/lio_sam/hook/ld_library_path_lib.dsv'
[34.990s] INFO:colcon.colcon_core.shell:Creating environment hook '/home/kirill/VNIIA/Projects/black_plat/install/lio_sam/share/lio_sam/hook/ld_library_path_lib.sh'
[34.990s] Level 1:colcon.colcon_core.environment:checking '/home/kirill/VNIIA/Projects/black_plat/install/lio_sam/bin'
[34.990s] Level 1:colcon.colcon_core.environment:checking '/home/kirill/VNIIA/Projects/black_plat/install/lio_sam/lib/pkgconfig/lio_sam.pc'
[34.991s] Level 1:colcon.colcon_core.environment:checking '/home/kirill/VNIIA/Projects/black_plat/install/lio_sam/lib/python3.10/site-packages'
[34.991s] Level 1:colcon.colcon_core.environment:checking '/home/kirill/VNIIA/Projects/black_plat/install/lio_sam/bin'
[34.991s] INFO:colcon.colcon_core.shell:Creating package script '/home/kirill/VNIIA/Projects/black_plat/install/lio_sam/share/lio_sam/package.ps1'
[34.991s] INFO:colcon.colcon_core.shell:Creating package descriptor '/home/kirill/VNIIA/Projects/black_plat/install/lio_sam/share/lio_sam/package.dsv'
[34.992s] INFO:colcon.colcon_core.shell:Creating package script '/home/kirill/VNIIA/Projects/black_plat/install/lio_sam/share/lio_sam/package.sh'
[34.992s] INFO:colcon.colcon_core.shell:Creating package script '/home/kirill/VNIIA/Projects/black_plat/install/lio_sam/share/lio_sam/package.bash'
[34.992s] INFO:colcon.colcon_core.shell:Creating package script '/home/kirill/VNIIA/Projects/black_plat/install/lio_sam/share/lio_sam/package.zsh'
[34.992s] Level 1:colcon.colcon_core.environment:create_file_with_runtime_dependencies(/home/kirill/VNIIA/Projects/black_plat/install/lio_sam/share/colcon-core/packages/lio_sam)
[35.003s] DEBUG:colcon.colcon_parallel_executor.executor.parallel:closing loop
[35.003s] DEBUG:colcon.colcon_parallel_executor.executor.parallel:loop closed
[35.003s] DEBUG:colcon.colcon_parallel_executor.executor.parallel:run_until_complete finished with '2'
[35.003s] DEBUG:colcon.colcon_core.event_reactor:joining thread
[35.009s] INFO:colcon.colcon_core.plugin_system:Skipping extension 'colcon_notification.desktop_notification.terminal_notifier': Not used on non-Darwin systems
[35.009s] INFO:colcon.colcon_core.plugin_system:Skipping extension 'colcon_notification.desktop_notification.win32': Not used on non-Windows systems
[35.009s] INFO:colcon.colcon_notification.desktop_notification:Sending desktop notification using 'notify2'
[35.018s] DEBUG:colcon.colcon_core.event_reactor:joined thread
[35.018s] INFO:colcon.colcon_core.shell:Creating prefix script '/home/kirill/VNIIA/Projects/black_plat/install/local_setup.ps1'
[35.019s] INFO:colcon.colcon_core.shell:Creating prefix util module '/home/kirill/VNIIA/Projects/black_plat/install/_local_setup_util_ps1.py'
[35.020s] INFO:colcon.colcon_core.shell:Creating prefix chain script '/home/kirill/VNIIA/Projects/black_plat/install/setup.ps1'
[35.021s] INFO:colcon.colcon_core.shell:Creating prefix script '/home/kirill/VNIIA/Projects/black_plat/install/local_setup.sh'
[35.021s] INFO:colcon.colcon_core.shell:Creating prefix util module '/home/kirill/VNIIA/Projects/black_plat/install/_local_setup_util_sh.py'
[35.022s] INFO:colcon.colcon_core.shell:Creating prefix chain script '/home/kirill/VNIIA/Projects/black_plat/install/setup.sh'
[35.024s] INFO:colcon.colcon_core.shell:Creating prefix script '/home/kirill/VNIIA/Projects/black_plat/install/local_setup.bash'
[35.024s] INFO:colcon.colcon_core.shell:Creating prefix chain script '/home/kirill/VNIIA/Projects/black_plat/install/setup.bash'
[35.026s] INFO:colcon.colcon_core.shell:Creating prefix script '/home/kirill/VNIIA/Projects/black_plat/install/local_setup.zsh'
[35.026s] INFO:colcon.colcon_core.shell:Creating prefix chain script '/home/kirill/VNIIA/Projects/black_plat/install/setup.zsh'
